name	flavour	title	summary	lang	cat	size	articles	date	url	tags
ja.stackoverflow.com_mul_all		スタック・オーバーフロー	熱狂的でプロフェッショナルなプログラマーのためのQ&A	eng,jpn	stack_exchange	236789760	46764	2026-02-04	https://lb.download.kiwix.org/zim/stack_exchange/ja.stackoverflow.com_mul_all_2026-02.zim	stack_exchange;_category:stack_exchange;_details:no;_videos:no;_ftindex:no;_pictures:yes
php.net_en_all		PHP Manual	PHP Manual	eng	other	32847872	11604	2024-08-13	https://lb.download.kiwix.org/zim/zimit/php.net_en_all_2024-08.zim	_category:other;_ftindex:yes;_pictures:yes;_videos:yes;_details:yes
mediawiki_en_all		MediaWiki	From mediawiki.org	eng		6830024704	67772	2023-07-05	https://lb.download.kiwix.org/zim/other/mediawiki_en_all_2023-07.zim	mediawiki;_details:yes;_ftindex:yes;_pictures:yes;_videos:yes
sh1.org_en_all		sh1.org	Railway signals	eng	other	36063232	115	2026-09-05	https://lb.download.kiwix.org/zim/zimit/sh1.org_en_all_2026-09.zim	_ftindex:yes;_category:other;trains;_pictures:yes;_videos:yes;_details:yes
ru.stackoverflow.com_mul_all		Stack Overflow на русском	Вопросы и ответы для программистов	eng,rus	stack_exchange	2694561792	626075	2026-08-06	https://lb.download.kiwix.org/zim/stack_exchange/ru.stackoverflow.com_mul_all_2026-08.zim	stack_exchange;_details:no;_category:stack_exchange;_videos:no;_ftindex:yes;_pictures:yes
freecodecamp_en_project-euler		Project Euler	Programming challenges	eng		7281664	481	2026-08-11	https://lb.download.kiwix.org/zim/freecodecamp/freecodecamp_en_project-euler_2026-08.zim	FCC;freeCodeCamp;_ftindex:no;_pictures:yes;_videos:yes;_details:yes
freecodecamp_en_javascript-algorithms-and-data-structures		FreeCodeCamp JavaScript	JavaScript courses	eng		7014400	300	2026-08-11	https://lb.download.kiwix.org/zim/freecodecamp/freecodecamp_en_javascript-algorithms-and-data-structures_2026-08.zim	FCC;freeCodeCamp;_ftindex:no;_pictures:yes;_videos:yes;_details:yes
gotquestions.org_en_all		Got Questions?	Bible Questions Answered	eng	other	15182660608	21482	2026-07-20	https://lb.download.kiwix.org/zim/zimit/gotquestions.org_en_all_2026-07.zim	_ftindex:yes;_category:other;_pictures:yes;_videos:yes;_details:yes
ragajunglism.org_en_all		RagaGunglism	Indian Classical Music Theory	eng	other	8738987008	2695	2025-08-05	https://lb.download.kiwix.org/zim/zimit/ragajunglism.org_en_all_2025-08.zim	_category:other;_ftindex:yes;_pictures:yes;_videos:yes;_details:yes
freecodecamp_en_all		FreeCodeCamp	All FreeCodeCamp courses	eng		7894016	996	2026-08-21	https://lb.download.kiwix.org/zim/freecodecamp/freecodecamp_en_all_2026-08.zim	FCC;freeCodeCamp;_ftindex:no;_pictures:yes;_videos:yes;_details:yes
ted_mul_worklife		TED worklife	A collection of TED videos about worklife	eng,ara,spa,zho	ted	371139584	23	2026-09-16	https://lb.download.kiwix.org/zim/ted/ted_mul_worklife_2026-09.zim	_category:ted;ted;_videos:yes;_ftindex:yes;_pictures:yes;_details:yes
ted_mul_competition		TED competition	A collection of TED videos about competition	eng,ara,spa,heb	ted	119384064	6	2026-09-08	https://lb.download.kiwix.org/zim/ted/ted_mul_competition_2026-09.zim	_category:ted;ted;_videos:yes;_ftindex:yes;_pictures:yes;_details:yes
gutenberg_en_lcc-k		Project Gutenberg Library	Law	eng	gutenberg	246517760	342	2026-03-05	https://lb.download.kiwix.org/zim/gutenberg/gutenberg_en_lcc-k_2026-03.zim	_category:gutenberg;gutenberg;_ftindex:no;_pictures:yes;_videos:yes;_details:yes
prunelle_en_interactive-books		Prunelle books	Books for children	eng		375919616	1	2025-02-14	https://lb.download.kiwix.org/zim/other/prunelle_en_interactive-books_2025-02.zim	_ftindex:no;_pictures:yes;_videos:yes;_details:yes
gutenberg_en_lcc-l		Project Gutenberg Library	Education	eng	gutenberg	628986880	594	2026-03-05	https://lb.download.kiwix.org/zim/gutenberg/gutenberg_en_lcc-l_2026-03.zim	_category:gutenberg;gutenberg;_ftindex:no;_pictures:yes;_videos:yes;_details:yes
gutenberg_en_lcc-q		Project Gutenberg Library	Science	eng	gutenberg	17724715008	3663	2026-03-06	https://lb.download.kiwix.org/zim/gutenberg/gutenberg_en_lcc-q_2026-03.zim	_category:gutenberg;gutenberg;_ftindex:no;_pictures:yes;_videos:yes;_details:yes
gutenberg_en_lcc-t		Project Gutenberg Library	Technology	eng	gutenberg	13154803712	2550	2026-03-06	https://lb.download.kiwix.org/zim/gutenberg/gutenberg_en_lcc-t_2026-03.zim	_category:gutenberg;gutenberg;_ftindex:no;_pictures:yes;_videos:yes;_details:yes
trueprepper.com_en_all		True prepper	Prepping Your Way	eng	other	1423585280	399	2026-05-04	https://lb.download.kiwix.org/zim/other/trueprepper.com_en_all_2026-05.zim	_ftindex:yes;_category:other;preppers;_pictures:yes;_videos:yes;_details:yes
gutenberg_en_lcc-s		Project Gutenberg Library	Agriculture	eng	gutenberg	4532683776	1258	2026-03-06	https://lb.download.kiwix.org/zim/gutenberg/gutenberg_en_lcc-s_2026-03.zim	_category:gutenberg;gutenberg;_ftindex:no;_pictures:yes;_videos:yes;_details:yes
gutenberg_en_lcc-r		Project Gutenberg Library	Medicine	eng	gutenberg	2019298304	1094	2026-03-06	https://lb.download.kiwix.org/zim/gutenberg/gutenberg_en_lcc-r_2026-03.zim	_category:gutenberg;gutenberg;_ftindex:no;_pictures:yes;_videos:yes;_details:yes
wikipedia_en_all	nopic	Wikipedia	The free encyclopedia	eng	wikipedia	52690707456	19191219	2026-06-17	https://lb.download.kiwix.org/zim/wikipedia/wikipedia_en_all_nopic_2026-06.zim	wikipedia;_category:wikipedia;_pictures:no;_videos:no;_details:yes;_ftindex:yes
wikipedia_en_all	maxi	Wikipedia	The free encyclopedia	eng	wikipedia	127418088448	21673012	2026-08-25	https://lb.download.kiwix.org/zim/wikipedia/wikipedia_en_all_maxi_2026-08.zim	wikipedia;_category:wikipedia;_pictures:yes;_videos:no;_details:yes;_ftindex:yes
wikipedia_en_all	mini	Wikipedia	The free encyclopedia	eng	wikipedia	14386799616	18095848	2026-09-09	https://lb.download.kiwix.org/zim/wikipedia/wikipedia_en_all_mini_2026-09.zim	wikipedia;_category:wikipedia;_pictures:no;_videos:no;_details:no;_ftindex:yes
ted_mul_coronavirus		TED coronavirus	A collection of TED videos about coronavirus	eng,ara,spa,zho,ita,por	ted	1357596672	75	2026-09-16	https://lb.download.kiwix.org/zim/ted/ted_mul_coronavirus_2026-09.zim	_category:ted;ted;_videos:yes;_ftindex:yes;_pictures:yes;_details:yes
ted_mul_play		TED play	A collection of TED videos about play	eng,ara,spa,heb,mya,por,zho	ted	406978560	6	2026-09-09	https://lb.download.kiwix.org/zim/ted/ted_mul_play_2026-09a.zim	_category:ted;ted;_videos:yes;_ftindex:yes;_pictures:yes;_details:yes
ted_mul_career		TED career	A collection of TED videos about career	eng,spa,heb,vie,ara,zho,fra	ted	175177728	9	2026-09-08	https://lb.download.kiwix.org/zim/ted/ted_mul_career_2026-09.zim	_category:ted;ted;_videos:yes;_ftindex:yes;_pictures:yes;_details:yes
ted_mul_wildlife		TED wildlife	A collection of TED videos about wildlife	eng,ara,spa,zho,fra,heb,vie	ted	105168896	9	2026-09-13	https://lb.download.kiwix.org/zim/ted/ted_mul_wildlife_2026-09.zim	_category:ted;ted;_videos:yes;_ftindex:yes;_pictures:yes;_details:yes
ted_mul_inclusion		TED inclusion	A collection of TED videos about inclusion	eng,spa,ara,zho,vie,ita,fra	ted	627381248	54	2026-09-14	https://lb.download.kiwix.org/zim/ted/ted_mul_inclusion_2026-09.zim	_category:ted;ted;_videos:yes;_ftindex:yes;_pictures:yes;_details:yes
ted_mul_life		TED life	A collection of TED videos about life	eng,spa,ara,zho,vie,fra,tur	ted	491184128	41	2026-09-16	https://lb.download.kiwix.org/zim/ted/ted_mul_life_2026-09.zim	_category:ted;ted;_videos:yes;_ftindex:yes;_pictures:yes;_details:yes
ted_mul_ted-membership		TED ted membership	A collection of TED videos about ted membership	eng,ara,spa	ted	1979452416	55	2026-09-16	https://lb.download.kiwix.org/zim/ted/ted_mul_ted-membership_2026-09.zim	_category:ted;ted;_videos:yes;_ftindex:yes;_pictures:yes;_details:yes
zdoom_en_all	maxi	ZDoom Wiki	From ZDoom Wiki	eng		10622976	3925	2023-01-16	https://lb.download.kiwix.org/zim/other/zdoom_en_all_maxi_2023-01.zim	zdoom;_pictures:yes;_videos:no;_details:yes;_ftindex:yes
zdoom_en_all	nopic	ZDoom Wiki	From ZDoom Wiki	eng		7930880	3925	2023-01-16	https://lb.download.kiwix.org/zim/other/zdoom_en_all_nopic_2023-01.zim	zdoom;_pictures:no;_videos:no;_details:yes;_ftindex:yes
installgentoo_en_all	maxi	InstallGentoo Wiki	From InstallGentoo Wiki	eng		9419776	406	2019-09-18	https://lb.download.kiwix.org/zim/other/installgentoo_en_all_maxi_2019-09.zim	installgentoo;_pictures:yes;_videos:no;_details:no;_ftindex:yes
installgentoo_en_all	nopic	InstallGentoo Wiki	From InstallGentoo Wiki	eng		2137088	406	2019-09-18	https://lb.download.kiwix.org/zim/other/installgentoo_en_all_nopic_2019-09.zim	installgentoo;_pictures:no;_videos:no;_details:no;_ftindex:yes
termux_en_all	maxi	Termux Wiki	Offline Termux wiki	eng		2355200	142	2022-12-16	https://lb.download.kiwix.org/zim/other/termux_en_all_maxi_2022-12.zim	termux;_pictures:yes;_videos:no;_details:yes;_ftindex:yes
bitcoin_en_all	maxi	Bitcoin Wiki	From Bitcoin Wiki	eng		17851392	1813	2021-03-20	https://lb.download.kiwix.org/zim/other/bitcoin_en_all_maxi_2021-03.zim	bitcoin;_pictures:yes;_videos:no;_details:yes;_ftindex:yes
bitcoin_en_all	nopic	Bitcoin Wiki	From Bitcoin Wiki	eng		5990400	1810	2021-03-20	https://lb.download.kiwix.org/zim/other/bitcoin_en_all_nopic_2021-03.zim	bitcoin;_pictures:no;_videos:no;_details:yes;_ftindex:yes
frackinuniverse_en_all	maxi	Frackin Universe	A Starbound overhaul	eng		33899520	12544	2026-08-22	https://lb.download.kiwix.org/zim/other/frackinuniverse_en_all_maxi_2026-08.zim	miraheze;_pictures:yes;_videos:no;_details:yes;_ftindex:yes
finiki_en_all	maxi	Finiki	The Canadian financial wiki	eng		4128768	282	2024-06-28	https://lb.download.kiwix.org/zim/other/finiki_en_all_maxi_2024-06.zim	finiki;_pictures:yes;_videos:no;_details:yes;_ftindex:yes
archlinux_en_all	maxi	ArchWiki	Arch Linux documentation	eng		35601408	14497	2026-07-23	https://lb.download.kiwix.org/zim/other/archlinux_en_all_maxi_2026-07.zim	Linux distro;archlinux;_pictures:yes;_videos:no;_details:yes;_ftindex:yes
freecodecamp_en_coding-interview-prep		FreeCodeCamp Interview Prep	Coding exercises	eng		6710272	57	2026-08-11	https://lb.download.kiwix.org/zim/freecodecamp/freecodecamp_en_coding-interview-prep_2026-08.zim	FCC;freeCodeCamp;_ftindex:no;_pictures:yes;_videos:yes;_details:yes
medlineplus.gov_en_all		MedlinePlus	Trusted Health Information for You	eng	other	1944841216	17791	2025-01-04	https://lb.download.kiwix.org/zim/zimit/medlineplus.gov_en_all_2025-01.zim	_ftindex:yes;_category:other;_pictures:yes;_videos:yes;_details:yes
openstreetmap-wiki_en_all	maxi	OpenStreetMap Wiki	From OpenStreetMap Wiki	eng		1243502592	109913	2026-07-19	https://lb.download.kiwix.org/zim/other/openstreetmap-wiki_en_all_maxi_2026-07.zim	openstreetmap;_pictures:yes;_videos:no;_details:yes;_ftindex:yes
openstreetmap-wiki_en_all	nopic	OpenStreetMap Wiki	From OpenStreetMap Wiki	eng		477899776	109913	2026-07-19	https://lb.download.kiwix.org/zim/other/openstreetmap-wiki_en_all_nopic_2026-07.zim	openstreetmap;_pictures:no;_videos:no;_details:yes;_ftindex:yes
docs.python.org_en_all		Python Documentation	All documentation for Python	eng	other	3959219200	15883	2026-08-28	https://lb.download.kiwix.org/zim/zimit/docs.python.org_en_all_2026-08a.zim	_category:other;_ftindex:yes;_pictures:yes;_videos:yes;_details:yes
ted_mul_current-events		TED current events	A collection of TED videos about current events	eng,spa,ara,heb	ted	810446848	21	2026-09-08	https://lb.download.kiwix.org/zim/ted/ted_mul_current-events_2026-09.zim	_category:ted;ted;_videos:yes;_ftindex:yes;_pictures:yes;_details:yes
ted_mul_countdown		TED countdown	A collection of TED videos about countdown	eng,spa,ara,zho,vie,fra,ita,kor	ted	4194924544	299	2026-09-09	https://lb.download.kiwix.org/zim/ted/ted_mul_countdown_2026-09.zim	_category:ted;ted;_videos:yes;_ftindex:yes;_pictures:yes;_details:yes
ted_mul_ideas		TED ideas	A collection of TED videos about ideas	eng,ara,spa,ita,zho,vie,heb,tur	ted	269850624	16	2026-09-16	https://lb.download.kiwix.org/zim/ted/ted_mul_ideas_2026-09.zim	_category:ted;ted;_videos:yes;_ftindex:yes;_pictures:yes;_details:yes
uesp.net_en_all	maxi	Elder Scrolls	The Unofficial Pages	eng		1247994880	191096	2026-09-25	https://lb.download.kiwix.org/zim/other/uesp.net_en_all_maxi_2026-09.zim	uesp;_pictures:yes;_videos:no;_details:yes;_ftindex:yes
rus.stackexchange.com_mul_all		Русский язык	Cайт вопросов и ответов для лингвистов и энтузиастов русского языка	eng,rus	stack_exchange	127559680	33883	2026-08-04	https://lb.download.kiwix.org/zim/stack_exchange/rus.stackexchange.com_mul_all_2026-08.zim	_details:no;_category:stack_exchange;stack_exchange;_videos:no;_ftindex:yes;_pictures:yes
pt.stackoverflow.com_mul_all		Stack Overflow em Português	Perguntas e respostas para programadores profissionais e entusiastas	eng,por	stack_exchange	934140928	216858	2026-02-05	https://lb.download.kiwix.org/zim/stack_exchange/pt.stackoverflow.com_mul_all_2026-02.zim	_category:stack_exchange;_details:no;_videos:no;stack_exchange;_ftindex:no;_pictures:yes
ted_mul_ai		TED ai	A collection of TED videos about ai	eng,spa,ara,zho,fra,vie,heb,kor,ita	ted	3821489152	289	2026-09-09	https://lb.download.kiwix.org/zim/ted/ted_mul_ai_2026-09.zim	_category:ted;ted;_videos:yes;_ftindex:yes;_pictures:yes;_details:yes
ted_mul_metaverse		TED metaverse	A collection of TED videos about metaverse	eng,ara,spa,fra,zho,vie,ita,kor,por	ted	163488768	16	2026-09-16	https://lb.download.kiwix.org/zim/ted/ted_mul_metaverse_2026-09.zim	_category:ted;ted;_videos:yes;_ftindex:yes;_pictures:yes;_details:yes
wikipedia_en_nollywood	maxi	Nollywood	Encyclopedia of Nigerian cinema	eng	wikipedia	21879808	3150	2026-07-17	https://lb.download.kiwix.org/zim/wikipedia/wikipedia_en_nollywood_maxi_2026-07.zim	wikipedia;_category:wikipedia;_pictures:yes;_videos:no;_details:yes;_ftindex:yes
gutenberg_en_lcc-pe		Project Gutenberg Library	English language	eng	gutenberg	794872832	437	2026-03-05	https://lb.download.kiwix.org/zim/gutenberg/gutenberg_en_lcc-pe_2026-03.zim	_category:gutenberg;gutenberg;_ftindex:no;_pictures:yes;_videos:yes;_details:yes
gutenberg_en_lcc-v		Project Gutenberg Library	Naval science	eng	gutenberg	1368904704	193	2026-03-06	https://lb.download.kiwix.org/zim/gutenberg/gutenberg_en_lcc-v_2026-03.zim	_category:gutenberg;gutenberg;_ftindex:no;_pictures:yes;_videos:yes;_details:yes
urban-prepper_en_all		Urban Prepper	Emergency preparedness topics	eng		2245235712	130	2026-08-27	https://lb.download.kiwix.org/zim/videos/urban-prepper_en_all_2026-08.zim	preppers;_videos:yes;_ftindex:no;_pictures:yes;_details:yes
gutenberg_en_lcc-pn		Project Gutenberg Library	Literature (General)	eng	gutenberg	3248474112	1372	2026-03-06	https://lb.download.kiwix.org/zim/gutenberg/gutenberg_en_lcc-pn_2026-03.zim	_category:gutenberg;gutenberg;_ftindex:no;_pictures:yes;_videos:yes;_details:yes
gutenberg_en_lcc-a		Project Gutenberg Library	General works	eng	gutenberg	9746185216	3009	2026-03-04	https://lb.download.kiwix.org/zim/gutenberg/gutenberg_en_lcc-a_2026-03.zim	_category:gutenberg;gutenberg;_ftindex:no;_pictures:yes;_videos:yes;_details:yes
gutenberg_en_lcc-pc		Project Gutenberg Library	Romance languages	eng	gutenberg	180376576	65	2026-03-05	https://lb.download.kiwix.org/zim/gutenberg/gutenberg_en_lcc-pc_2026-03.zim	_category:gutenberg;gutenberg;_ftindex:no;_pictures:yes;_videos:yes;_details:yes
gutenberg_en_lcc-u		Project Gutenberg Library	Military science	eng	gutenberg	1288016896	425	2026-03-06	https://lb.download.kiwix.org/zim/gutenberg/gutenberg_en_lcc-u_2026-03.zim	_category:gutenberg;gutenberg;_ftindex:no;_pictures:yes;_videos:yes;_details:yes
gutenberg_en_lcc-h		Project Gutenberg Library	Social sciences	eng	gutenberg	4543003648	2823	2026-03-05	https://lb.download.kiwix.org/zim/gutenberg/gutenberg_en_lcc-h_2026-03.zim	_category:gutenberg;gutenberg;_ftindex:no;_pictures:yes;_videos:yes;_details:yes
unrealircd_en_all	maxi	UnrealIRCd Docs	UnrealIRCd documentation	eng		1543168	369	2026-08-03	https://lb.download.kiwix.org/zim/zimit/unrealircd_en_all_maxi_2026-08.zim	IRC,computing,documentation;unrealircd;_pictures:yes;_videos:no;_details:yes;_ftindex:yes
gutenberg_en_lcc-ps		Project Gutenberg Library	American literature	eng	gutenberg	16022294528	14592	2026-03-05	https://lb.download.kiwix.org/zim/gutenberg/gutenberg_en_lcc-ps_2026-03.zim	_category:gutenberg;gutenberg;_ftindex:no;_pictures:yes;_videos:yes;_details:yes
celticscores.com_en_all		Breizh partitions	Free Celtic sheet music	eng	other	5669663744	11495	2026-02-23	https://lb.download.kiwix.org/zim/zimit/celticscores.com_en_all_2026-02.zim	_ftindex:yes;music;_category:other;_pictures:yes;_videos:yes;_details:yes
gutenberg_en_lcc-n		Project Gutenberg Library	Fine arts	eng	gutenberg	22752881664	1636	2026-03-05	https://lb.download.kiwix.org/zim/gutenberg/gutenberg_en_lcc-n_2026-03.zim	_category:gutenberg;gutenberg;_ftindex:no;_pictures:yes;_videos:yes;_details:yes
gutenberg_en_lcc-j		Project Gutenberg Library	Political science	eng	gutenberg	456641536	593	2026-03-05	https://lb.download.kiwix.org/zim/gutenberg/gutenberg_en_lcc-j_2026-03.zim	_category:gutenberg;gutenberg;_ftindex:no;_pictures:yes;_videos:yes;_details:yes
gutenberg_en_lcc-pr		Project Gutenberg Library	English literature	eng	gutenberg	16152121344	11841	2026-03-05	https://lb.download.kiwix.org/zim/gutenberg/gutenberg_en_lcc-pr_2026-03.zim	_category:gutenberg;gutenberg;_ftindex:no;_pictures:yes;_videos:yes;_details:yes
ted_mul_tv		TED tv	A collection of TED videos about tv	eng,ara,spa,vie,zho,fra,heb,ita,tur,ind	ted	87986176	6	2026-09-09	https://lb.download.kiwix.org/zim/ted/ted_mul_tv_2026-09.zim	_category:ted;ted;_videos:yes;_ftindex:yes;_pictures:yes;_details:yes
rabbitwaves.ca_en_all		Rabbit waves	Useful knowledge as comics	eng	other	71122944	18	2026-09-07	https://lb.download.kiwix.org/zim/zimit/rabbitwaves.ca_en_all_2026-09.zim	preppers;_category:other;_ftindex:yes;_pictures:yes;_videos:yes;_details:yes
ted_mul_ted-en-espanol		TED ted en español	A collection of TED videos about ted en español	spa,eng	ted	639484928	44	2026-09-15	https://lb.download.kiwix.org/zim/ted/ted_mul_ted-en-espanol_2026-09.zim	_category:ted;ted;_videos:yes;_ftindex:yes;_pictures:yes;_details:yes
ted_mul_capitalism		TED capitalism	A collection of TED videos about capitalism	eng,ara,spa,zho,fra,vie,ita,por,kor,tur	ted	669175808	48	2026-09-09	https://lb.download.kiwix.org/zim/ted/ted_mul_capitalism_2026-09.zim	_category:ted;ted;_videos:yes;_ftindex:yes;_pictures:yes;_details:yes
vikidia_en_all	nopic	Vikidia	The encyclopedia for Children	eng	vikidia	10556416	9441	2026-09-11	https://lb.download.kiwix.org/zim/vikidia/vikidia_en_all_nopic_2026-09a.zim	vikidia;_category:vikidia;_pictures:no;_videos:no;_details:yes;_ftindex:yes
ted_mul_diversity		TED diversity	A collection of TED videos about diversity	eng,spa,ara,zho,vie,fra,ita,tur,kor,por	ted	680070144	53	2026-09-11	https://lb.download.kiwix.org/zim/ted/ted_mul_diversity_2026-09.zim	_category:ted;ted;_videos:yes;_ftindex:yes;_pictures:yes;_details:yes
wikivoyage_en_all	maxi	Wikivoyage	The collaborative travel guide	eng	wikivoyage	1071169536	68182	2026-09-13	https://lb.download.kiwix.org/zim/wikivoyage/wikivoyage_en_all_maxi_2026-09.zim	wikivoyage;_category:wikivoyage;_pictures:yes;_videos:no;_details:yes;_ftindex:yes
wikivoyage_en_all	nopic	Wikivoyage	The collaborative travel guide	eng	wikivoyage	272495616	68182	2026-09-13	https://lb.download.kiwix.org/zim/wikivoyage/wikivoyage_en_all_nopic_2026-09.zim	wikivoyage;_category:wikivoyage;_pictures:no;_videos:no;_details:yes;_ftindex:yes
ted_mul_music		TED music	A collection of TED videos about music	eng,spa,fra,ara,zho,por,ita,vie,tur,kor	ted	4161687552	310	2026-09-14	https://lb.download.kiwix.org/zim/ted/ted_mul_music_2026-09.zim	_category:ted;ted;_videos:yes;_ftindex:yes;_pictures:yes;_details:yes
vikidia_en_all	maxi	Vikidia	The encyclopedia for Children	eng	vikidia	77565952	9411	2026-09-14	https://lb.download.kiwix.org/zim/vikidia/vikidia_en_all_maxi_2026-09.zim	vikidia;_category:vikidia;_pictures:yes;_videos:no;_details:yes;_ftindex:yes
ted_mul_nfts		TED nfts	A collection of TED videos about nfts	eng,ara,spa,fra,vie,zho,ita,kor,por,tur	ted	128299008	9	2026-09-14	https://lb.download.kiwix.org/zim/ted/ted_mul_nfts_2026-09.zim	_category:ted;ted;_videos:yes;_ftindex:yes;_pictures:yes;_details:yes
ted_mul_work		TED work	A collection of TED videos about work	eng,spa,ara,zho,vie,fra,por,kor,ita,tur	ted	4928653312	383	2026-09-14	https://lb.download.kiwix.org/zim/ted/ted_mul_work_2026-09.zim	_category:ted;ted;_videos:yes;_ftindex:yes;_pictures:yes;_details:yes
ted_mul_pandemic		TED pandemic	A collection of TED videos about pandemic	eng,ara,spa,zho,ita,kor,por,fra,rus,vie	ted	1120460800	80	2026-09-14	https://lb.download.kiwix.org/zim/ted/ted_mul_pandemic_2026-09.zim	_category:ted;ted;_videos:yes;_ftindex:yes;_pictures:yes;_details:yes
ted_mul_tech		TED tech	A collection of TED videos about tech	eng,ara,spa,zho,fra,tur,vie,ita,zho,kor,rus	ted	118937600	10	2025-10-19	https://lb.download.kiwix.org/zim/ted/ted_mul_tech_2025-10.zim	_category:ted;ted;_videos:yes;_ftindex:no;_pictures:yes;_details:yes
ted_mul_conservation		TED conservation	A collection of TED videos about conservation	eng,spa,ara,zho,vie,fra,ita,por,kor,tur,rus	ted	985436160	92	2026-09-10	https://lb.download.kiwix.org/zim/ted/ted_mul_conservation_2026-09.zim	_category:ted;ted;_videos:yes;_ftindex:yes;_pictures:yes;_details:yes
ted_mul_emotions		TED emotions	A collection of TED videos about emotions	eng,spa,ara,vie,zho,fra,ita,tur,kor,heb,por	ted	2482298880	193	2026-09-12	https://lb.download.kiwix.org/zim/ted/ted_mul_emotions_2026-09.zim	_category:ted;ted;_videos:yes;_ftindex:yes;_pictures:yes;_details:yes
ted_mul_lgbtqia		TED lgbtqia+	A collection of TED videos about lgbtqia+	eng,spa,ara,vie,zho,ita,fra,por,tur,kor,jpn	ted	663101440	48	2026-09-14	https://lb.download.kiwix.org/zim/ted/ted_mul_lgbtqia_2026-09.zim	_category:ted;ted;_videos:yes;_ftindex:yes;_pictures:yes;_details:yes
ted_mul_leadership		TED leadership	A collection of TED videos about leadership	eng,spa,ara,zho,ita,vie,fra,por,tur,kor,rus	ted	4073208832	294	2026-09-14	https://lb.download.kiwix.org/zim/ted/ted_mul_leadership_2026-09.zim	_category:ted;ted;_videos:yes;_ftindex:yes;_pictures:yes;_details:yes
devdocs_en_rust		Rust Docs	Rust documentation, by DevDocs	eng		6176768	2983	2026-07-03	https://lb.download.kiwix.org/zim/devdocs/devdocs_en_rust_2026-07.zim	devdocs;rust;_ftindex:no;_pictures:yes;_videos:yes;_details:yes
devdocs_en_qunit		QUnit Docs	QUnit documentation, by DevDocs	eng		450560	79	2026-07-03	https://lb.download.kiwix.org/zim/devdocs/devdocs_en_qunit_2026-07.zim	devdocs;qunit;_ftindex:no;_pictures:yes;_videos:yes;_details:yes
devdocs_en_eslint		ESLint Docs	ESLint documentation, by DevDocs	eng		1032192	274	2026-07-03	https://lb.download.kiwix.org/zim/devdocs/devdocs_en_eslint_2026-07.zim	devdocs;eslint;_ftindex:no;_pictures:yes;_videos:yes;_details:yes
maps_en_lebanon		Lebanon	Full map, including roads and landmarks	eng		169428992	104	2026-06-06	https://lb.download.kiwix.org/zim/maps/maps_en_lebanon_2026-06.zim	_sw:no;_ftindex:no;_pictures:yes;_videos:no;_details:yes
devdocs_en_pandas		pandas Docs	pandas documentation, by DevDocs	eng		4963328	2177	2026-07-03	https://lb.download.kiwix.org/zim/devdocs/devdocs_en_pandas_2026-07.zim	devdocs;pandas;_ftindex:no;_pictures:yes;_videos:yes;_details:yes
devdocs_en_octave		Octave Docs	Octave documentation, by DevDocs	eng		1983488	514	2026-08-02	https://lb.download.kiwix.org/zim/devdocs/devdocs_en_octave_2026-08.zim	devdocs;octave;_ftindex:no;_pictures:yes;_videos:yes;_details:yes
maps_en_sweden		Sweden	Full map, including roads and landmarks	eng		2126373888	6665	2026-06-12	https://lb.download.kiwix.org/zim/maps/maps_en_sweden_2026-06.zim	_sw:no;_ftindex:no;_pictures:yes;_videos:no;_details:yes
maps_en_nepal		Nepal	Full map, including roads and landmarks	eng		456604672	1214	2026-06-06	https://lb.download.kiwix.org/zim/maps/maps_en_nepal_2026-06.zim	_sw:no;_ftindex:no;_pictures:yes;_videos:no;_details:yes
devdocs_en_requirejs		RequireJS Docs	RequireJS documentation, by DevDocs	eng		389120	10	2026-07-03	https://lb.download.kiwix.org/zim/devdocs/devdocs_en_requirejs_2026-07.zim	devdocs;requirejs;_ftindex:no;_pictures:yes;_videos:yes;_details:yes
devdocs_en_laravel		Laravel Docs	Laravel documentation, by DevDocs	eng		3845120	1573	2026-08-02	https://lb.download.kiwix.org/zim/devdocs/devdocs_en_laravel_2026-08.zim	devdocs;laravel;_ftindex:no;_pictures:yes;_videos:yes;_details:yes
devdocs_en_phalcon		Phalcon Docs	Phalcon documentation, by DevDocs	eng		1064960	449	2026-07-03	https://lb.download.kiwix.org/zim/devdocs/devdocs_en_phalcon_2026-07.zim	devdocs;phalcon;_ftindex:no;_pictures:yes;_videos:yes;_details:yes
devdocs_en_pug		Pug Docs	Pug documentation, by DevDocs	eng		355328	19	2026-07-06	https://lb.download.kiwix.org/zim/devdocs/devdocs_en_pug_2026-07.zim	devdocs;pug;_ftindex:no;_pictures:yes;_videos:yes;_details:yes
devdocs_en_phaser		Phaser Docs	Phaser documentation, by DevDocs	eng		939008	174	2026-07-03	https://lb.download.kiwix.org/zim/devdocs/devdocs_en_phaser_2026-07.zim	devdocs;phaser;_ftindex:no;_pictures:yes;_videos:yes;_details:yes
devdocs_en_vue		Vue Docs	Vue documentation, by DevDocs	eng		975872	81	2026-08-18	https://lb.download.kiwix.org/zim/devdocs/devdocs_en_vue_2026-08.zim	devdocs;vue;_ftindex:no;_pictures:yes;_videos:yes;_details:yes
devdocs_en_ansible		Ansible Docs	Ansible documentation, by DevDocs	eng		30950400	11757	2026-04-04	https://lb.download.kiwix.org/zim/devdocs/devdocs_en_ansible_2026-04.zim	devdocs;ansible;_ftindex:no;_pictures:yes;_videos:yes;_details:yes
devdocs_en_haxe		Haxe Docs	Haxe documentation, by DevDocs	eng		683008	410	2026-07-03	https://lb.download.kiwix.org/zim/devdocs/devdocs_en_haxe_2026-07.zim	devdocs;haxe;_ftindex:no;_pictures:yes;_videos:yes;_details:yes
maps_en_morocco		Morocco	Full map, including roads and landmarks	eng		376800256	3269	2026-06-05	https://lb.download.kiwix.org/zim/maps/maps_en_morocco_2026-06.zim	_sw:no;_ftindex:no;_pictures:yes;_videos:no;_details:yes
maps_en_bhutan		Bhutan	Full map, including roads and landmarks	eng		161253376	88	2026-06-06	https://lb.download.kiwix.org/zim/maps/maps_en_bhutan_2026-06.zim	_sw:no;_ftindex:no;_pictures:yes;_videos:no;_details:yes
devdocs_en_mariadb		MariaDB Docs	MariaDB documentation, by DevDocs	eng		9768960	2497	2026-07-06	https://lb.download.kiwix.org/zim/devdocs/devdocs_en_mariadb_2026-07.zim	devdocs;mariadb;_ftindex:no;_pictures:yes;_videos:yes;_details:yes
maps_en_tokelau		Tokelau	Full map, including roads and landmarks	eng		130811904	6	2026-06-07	https://lb.download.kiwix.org/zim/maps/maps_en_tokelau_2026-06.zim	_sw:no;_ftindex:no;_pictures:yes;_videos:no;_details:yes
devdocs_en_cordova		Cordova Docs	Cordova documentation, by DevDocs	eng		1435648	50	2026-04-04	https://lb.download.kiwix.org/zim/devdocs/devdocs_en_cordova_2026-04.zim	devdocs;cordova;_ftindex:no;_pictures:yes;_videos:yes;_details:yes
maps_en_swaziland		Swaziland	Full map, including roads and landmarks	eng		145599488	53	2026-06-05	https://lb.download.kiwix.org/zim/maps/maps_en_swaziland_2026-06.zim	_sw:no;_ftindex:no;_pictures:yes;_videos:no;_details:yes
devdocs_en_hapi		Hapi Docs	Hapi documentation, by DevDocs	eng		381952	1	2026-07-03	https://lb.download.kiwix.org/zim/devdocs/devdocs_en_hapi_2026-07.zim	devdocs;hapi;_ftindex:no;_pictures:yes;_videos:yes;_details:yes
maps_en_somalia		Somalia	Full map, including roads and landmarks	eng		343021568	160	2026-06-05	https://lb.download.kiwix.org/zim/maps/maps_en_somalia_2026-06.zim	_sw:no;_ftindex:no;_pictures:yes;_videos:no;_details:yes
devdocs_en_c		C Docs	C documentation, by DevDocs	eng		1278976	595	2026-07-06	https://lb.download.kiwix.org/zim/devdocs/devdocs_en_c_2026-07.zim	devdocs;c;_ftindex:no;_pictures:yes;_videos:yes;_details:yes
devdocs_en_htmx		htmx Docs	htmx documentation, by DevDocs	eng		448512	57	2026-07-03	https://lb.download.kiwix.org/zim/devdocs/devdocs_en_htmx_2026-07.zim	devdocs;htmx;_ftindex:no;_pictures:yes;_videos:yes;_details:yes
devdocs_en_zsh		Zsh Docs	Zsh documentation, by DevDocs	eng		782336	25	2026-04-07	https://lb.download.kiwix.org/zim/devdocs/devdocs_en_zsh_2026-04.zim	devdocs;zsh;_ftindex:no;_pictures:yes;_videos:yes;_details:yes
devdocs_en_angular		Angular Docs	Angular documentation, by DevDocs	eng		2138112	1187	2026-08-08	https://lb.download.kiwix.org/zim/devdocs/devdocs_en_angular_2026-08.zim	devdocs;angular;_ftindex:no;_pictures:yes;_videos:yes;_details:yes
devdocs_en_saltstack		SaltStack Docs	SaltStack documentation, by DevDocs	eng		3024896	1281	2026-07-03	https://lb.download.kiwix.org/zim/devdocs/devdocs_en_saltstack_2026-07.zim	devdocs;saltstack;_ftindex:no;_pictures:yes;_videos:yes;_details:yes
maps_en_uganda		Uganda	Full map, including roads and landmarks	eng		431555584	2111	2026-06-06	https://lb.download.kiwix.org/zim/maps/maps_en_uganda_2026-06.zim	_sw:no;_ftindex:no;_pictures:yes;_videos:no;_details:yes
maps_en_djibouti		Djibouti	Full map, including roads and landmarks	eng		132222976	14	2026-06-04	https://lb.download.kiwix.org/zim/maps/maps_en_djibouti_2026-06.zim	_sw:no;_ftindex:no;_pictures:yes;_videos:no;_details:yes
devdocs_en_sass		Sass Docs	Sass documentation, by DevDocs	eng		653312	164	2026-05-20	https://lb.download.kiwix.org/zim/devdocs/devdocs_en_sass_2026-05.zim	devdocs;sass;_ftindex:no;_pictures:yes;_videos:yes;_details:yes
devdocs_en_postgresql		PostgreSQL Docs	PostgreSQL documentation, by DevDocs	eng		2612224	683	2026-08-02	https://lb.download.kiwix.org/zim/devdocs/devdocs_en_postgresql_2026-08.zim	devdocs;postgresql;_ftindex:no;_pictures:yes;_videos:yes;_details:yes
maps_en_iran		Iran	Full map, including roads and landmarks	eng		696160256	1311	2026-06-06	https://lb.download.kiwix.org/zim/maps/maps_en_iran_2026-06.zim	_sw:no;_ftindex:no;_pictures:yes;_videos:no;_details:yes
devdocs_en_python		Python Docs	Python documentation, by DevDocs	eng		4390912	497	2026-08-02	https://lb.download.kiwix.org/zim/devdocs/devdocs_en_python_2026-08.zim	devdocs;python;_ftindex:no;_pictures:yes;_videos:yes;_details:yes
maps_en_zambia		Zambia	Full map, including roads and landmarks	eng		383232000	426	2026-06-06	https://lb.download.kiwix.org/zim/maps/maps_en_zambia_2026-06.zim	_sw:no;_ftindex:no;_pictures:yes;_videos:no;_details:yes
devdocs_en_svg		SVG Docs	SVG documentation, by DevDocs	eng		886784	294	2026-07-06	https://lb.download.kiwix.org/zim/devdocs/devdocs_en_svg_2026-07.zim	devdocs;svg;_ftindex:no;_pictures:yes;_videos:yes;_details:yes
devdocs_en_cmake		CMake Docs	CMake documentation, by DevDocs	eng		2571264	2000	2026-08-02	https://lb.download.kiwix.org/zim/devdocs/devdocs_en_cmake_2026-08.zim	devdocs;cmake;_ftindex:no;_pictures:yes;_videos:yes;_details:yes
devdocs_en_erlang		Erlang Docs	Erlang documentation, by DevDocs	eng		4125696	568	2026-08-18	https://lb.download.kiwix.org/zim/devdocs/devdocs_en_erlang_2026-08.zim	devdocs;erlang;_ftindex:no;_pictures:yes;_videos:yes;_details:yes
devdocs_en_click		click Docs	click documentation, by DevDocs	eng		453632	22	2026-04-04	https://lb.download.kiwix.org/zim/devdocs/devdocs_en_click_2026-04.zim	devdocs;click;_ftindex:no;_pictures:yes;_videos:yes;_details:yes
devdocs_en_cypress		Cypress Docs	Cypress documentation, by DevDocs	eng		4062208	124	2026-07-05	https://lb.download.kiwix.org/zim/devdocs/devdocs_en_cypress_2026-07.zim	devdocs;cypress;_ftindex:no;_pictures:yes;_videos:yes;_details:yes
devdocs_en_opengl		OpenGL Docs	OpenGL documentation, by DevDocs	eng		994304	498	2026-07-06	https://lb.download.kiwix.org/zim/devdocs/devdocs_en_opengl_2026-07.zim	devdocs;opengl;_ftindex:no;_pictures:yes;_videos:yes;_details:yes
maps_en_kenya		Kenya	Full map, including roads and landmarks	eng		404626432	1186	2026-06-04	https://lb.download.kiwix.org/zim/maps/maps_en_kenya_2026-06.zim	_sw:no;_ftindex:no;_pictures:yes;_videos:no;_details:yes
maps_en_france		France	Full map, including roads and landmarks	eng		5846182912	53483	2026-06-10	https://lb.download.kiwix.org/zim/maps/maps_en_france_2026-06.zim	_sw:no;_ftindex:no;_pictures:yes;_videos:no;_details:yes
maps_en_estonia		Estonia	Full map, including roads and landmarks	eng		272555008	5273	2026-06-10	https://lb.download.kiwix.org/zim/maps/maps_en_estonia_2026-06.zim	_sw:no;_ftindex:no;_pictures:yes;_videos:no;_details:yes
tonedear.com_en_all		Toned Ear.com	Ear Training for Musicians	eng	other	1720320	12	2026-08-02	https://lb.download.kiwix.org/zim/zimit/tonedear.com_en_all_2026-08.zim	_category:other;_ftindex:yes;_pictures:yes;_videos:yes;_details:yes
devdocs_en_groovy		Groovy Docs	Groovy documentation, by DevDocs	eng		3319808	1811	2026-07-06	https://lb.download.kiwix.org/zim/devdocs/devdocs_en_groovy_2026-07.zim	devdocs;groovy;_ftindex:no;_pictures:yes;_videos:yes;_details:yes
maps_en_slovenia		Slovenia	Full map, including roads and landmarks	eng		447852544	615	2026-06-12	https://lb.download.kiwix.org/zim/maps/maps_en_slovenia_2026-06.zim	_sw:no;_ftindex:no;_pictures:yes;_videos:no;_details:yes
maps_en_niue		Niue	Full map, including roads and landmarks	eng		130178048	2	2026-06-08	https://lb.download.kiwix.org/zim/maps/maps_en_niue_2026-06.zim	_sw:no;_ftindex:no;_pictures:yes;_videos:no;_details:yes
maps_en_rwanda		Rwanda	Full map, including roads and landmarks	eng		195947520	3684	2026-06-05	https://lb.download.kiwix.org/zim/maps/maps_en_rwanda_2026-06.zim	_sw:no;_ftindex:no;_pictures:yes;_videos:no;_details:yes
maps_en_mongolia		Mongolia	Full map, including roads and landmarks	eng		334945280	1074	2026-06-06	https://lb.download.kiwix.org/zim/maps/maps_en_mongolia_2026-06.zim	_sw:no;_ftindex:no;_pictures:yes;_videos:no;_details:yes
maps_en_netherlands		Netherlands	Full map, including roads and landmarks	eng		1175503872	913	2026-06-11	https://lb.download.kiwix.org/zim/maps/maps_en_netherlands_2026-06.zim	_sw:no;_ftindex:no;_pictures:yes;_videos:no;_details:yes
devdocs_en_grunt		Grunt Docs	Grunt documentation, by DevDocs	eng		381952	22	2026-07-06	https://lb.download.kiwix.org/zim/devdocs/devdocs_en_grunt_2026-07.zim	devdocs;grunt;_ftindex:no;_pictures:yes;_videos:yes;_details:yes
maps_en_canada		Canada	Full map, including roads and landmarks	eng		11159405568	19669	2026-06-13	https://lb.download.kiwix.org/zim/maps/maps_en_canada_2026-06.zim	_sw:no;_ftindex:no;_pictures:yes;_videos:no;_details:yes
devdocs_en_vuex		Vuex Docs	Vuex documentation, by DevDocs	eng		381952	18	2026-08-19	https://lb.download.kiwix.org/zim/devdocs/devdocs_en_vuex_2026-08.zim	devdocs;vuex;_ftindex:no;_pictures:yes;_videos:yes;_details:yes
irp.fas.org_en_military-medicine		Military Medicine	Doctrinal and Instructional manuals	eng	other	75875328	26	2026-05-04	https://lb.download.kiwix.org/zim/zimit/irp.fas.org_en_military-medicine_2026-05.zim	_ftindex:yes;preppers;medicine;_category:other;_pictures:yes;_videos:yes;_details:yes
maps_en_honduras		Honduras	Full map, including roads and landmarks	eng		244940800	682	2026-06-09	https://lb.download.kiwix.org/zim/maps/maps_en_honduras_2026-06.zim	_sw:no;_ftindex:no;_pictures:yes;_videos:no;_details:yes
maps_en_austria		Austria	Full map, including roads and landmarks	eng		1213347840	4580	2026-06-09	https://lb.download.kiwix.org/zim/maps/maps_en_austria_2026-06.zim	_sw:no;_ftindex:no;_pictures:yes;_videos:no;_details:yes
devdocs_en_redux		Redux Docs	Redux documentation, by DevDocs	eng		337920	7	2026-07-03	https://lb.download.kiwix.org/zim/devdocs/devdocs_en_redux_2026-07.zim	devdocs;redux;_ftindex:no;_pictures:yes;_videos:yes;_details:yes
devdocs_en_less		Less Docs	Less documentation, by DevDocs	eng		366592	2	2026-07-06	https://lb.download.kiwix.org/zim/devdocs/devdocs_en_less_2026-07.zim	devdocs;less;_ftindex:no;_pictures:yes;_videos:yes;_details:yes
devdocs_en_chai		Chai Docs	Chai documentation, by DevDocs	eng		369664	8	2026-04-06	https://lb.download.kiwix.org/zim/devdocs/devdocs_en_chai_2026-04.zim	devdocs;chai;_ftindex:no;_pictures:yes;_videos:yes;_details:yes
devdocs_en_gcc		GCC Docs	GCC documentation, by DevDocs	eng		1660928	389	2026-08-02	https://lb.download.kiwix.org/zim/devdocs/devdocs_en_gcc_2026-08.zim	devdocs;gcc;_ftindex:no;_pictures:yes;_videos:yes;_details:yes
maps_en_jordan		Jordan	Full map, including roads and landmarks	eng		225505280	195	2026-06-06	https://lb.download.kiwix.org/zim/maps/maps_en_jordan_2026-06.zim	_sw:no;_ftindex:no;_pictures:yes;_videos:no;_details:yes
devdocs_en_vueuse		VueUse Docs	VueUse documentation, by DevDocs	eng		733184	270	2026-07-06	https://lb.download.kiwix.org/zim/devdocs/devdocs_en_vueuse_2026-07.zim	devdocs;vueuse;_ftindex:no;_pictures:yes;_videos:yes;_details:yes
maps_en_turkey		Turkey	Full map, including roads and landmarks	eng		998678528	3617	2026-06-12	https://lb.download.kiwix.org/zim/maps/maps_en_turkey_2026-06.zim	_sw:no;_ftindex:no;_pictures:yes;_videos:no;_details:yes
devdocs_en_bootstrap		Bootstrap Docs	Bootstrap documentation, by DevDocs	eng		724992	101	2026-07-06	https://lb.download.kiwix.org/zim/devdocs/devdocs_en_bootstrap_2026-07.zim	devdocs;bootstrap;_ftindex:no;_pictures:yes;_videos:yes;_details:yes
devdocs_en_haproxy		HAProxy Docs	HAProxy documentation, by DevDocs	eng		887808	3	2026-07-03	https://lb.download.kiwix.org/zim/devdocs/devdocs_en_haproxy_2026-07.zim	devdocs;haproxy;_ftindex:no;_pictures:yes;_videos:yes;_details:yes
devdocs_en_scala		Scala Docs	Scala documentation, by DevDocs	eng		3931136	1805	2026-07-06	https://lb.download.kiwix.org/zim/devdocs/devdocs_en_scala_2026-07.zim	devdocs;scala;_ftindex:no;_pictures:yes;_videos:yes;_details:yes
devdocs_en_ruby		Ruby Docs	Ruby documentation, by DevDocs	eng		2123776	421	2026-07-03	https://lb.download.kiwix.org/zim/devdocs/devdocs_en_ruby_2026-07.zim	devdocs;ruby;_ftindex:no;_pictures:yes;_videos:yes;_details:yes
devdocs_en_haskell		Haskell Docs	Haskell documentation, by DevDocs	eng		4290560	720	2026-04-07	https://lb.download.kiwix.org/zim/devdocs/devdocs_en_haskell_2026-04.zim	devdocs;haskell;_ftindex:no;_pictures:yes;_videos:yes;_details:yes
maps_en_slovakia		Slovakia	Full map, including roads and landmarks	eng		539516928	4091	2026-06-12	https://lb.download.kiwix.org/zim/maps/maps_en_slovakia_2026-06.zim	_sw:no;_ftindex:no;_pictures:yes;_videos:no;_details:yes
devdocs_en_pygame		Pygame Docs	Pygame documentation, by DevDocs	eng		555008	40	2026-07-06	https://lb.download.kiwix.org/zim/devdocs/devdocs_en_pygame_2026-07.zim	devdocs;pygame;_ftindex:no;_pictures:yes;_videos:yes;_details:yes
explainxkcd_en_all	maxi	Explain XKCD	It's cause you're dumb	eng		154405888	10217	2026-07-31	https://lb.download.kiwix.org/zim/other/explainxkcd_en_all_maxi_2026-07.zim	explainxkcd;_pictures:yes;_videos:no;_details:yes;_ftindex:yes
maps_en_montenegro		Montenegro	Full map, including roads and landmarks	eng		198341632	156	2026-06-10	https://lb.download.kiwix.org/zim/maps/maps_en_montenegro_2026-06.zim	_sw:no;_ftindex:no;_pictures:yes;_videos:no;_details:yes
maps_en_chile		Chile	Full map, including roads and landmarks	eng		956407808	819	2026-06-12	https://lb.download.kiwix.org/zim/maps/maps_en_chile_2026-06.zim	_sw:no;_ftindex:no;_pictures:yes;_videos:no;_details:yes
maps_en_comores		Comores	Full map, including roads and landmarks	eng		133811200	22	2026-06-03	https://lb.download.kiwix.org/zim/maps/maps_en_comores_2026-06.zim	_sw:no;_ftindex:no;_pictures:yes;_videos:no;_details:yes
devdocs_en_docker		Docker Docs	Docker documentation, by DevDocs	eng		1782784	287	2026-07-03	https://lb.download.kiwix.org/zim/devdocs/devdocs_en_docker_2026-07.zim	devdocs;docker;_ftindex:no;_pictures:yes;_videos:yes;_details:yes
devdocs_en_q		Q Docs	Q documentation, by DevDocs	eng		336896	1	2026-07-03	https://lb.download.kiwix.org/zim/devdocs/devdocs_en_q_2026-07.zim	devdocs;q;_ftindex:no;_pictures:yes;_videos:yes;_details:yes
devdocs_en_webpack		webpack Docs	webpack documentation, by DevDocs	eng		787456	143	2026-05-20	https://lb.download.kiwix.org/zim/devdocs/devdocs_en_webpack_2026-05.zim	devdocs;webpack;_ftindex:no;_pictures:yes;_videos:yes;_details:yes
devdocs_en_gnu-cobol		GnuCOBOL Docs	GnuCOBOL documentation, by DevDocs	eng		614400	1	2026-07-06	https://lb.download.kiwix.org/zim/devdocs/devdocs_en_gnu-cobol_2026-07.zim	devdocs;gnu_cobol;_ftindex:no;_pictures:yes;_videos:yes;_details:yes
devdocs_en_php		PHP Docs	PHP documentation, by DevDocs	eng		7142400	7555	2026-08-18	https://lb.download.kiwix.org/zim/devdocs/devdocs_en_php_2026-08.zim	devdocs;php;_ftindex:no;_pictures:yes;_videos:yes;_details:yes
maps_en_macedonia		Macedonia	Full map, including roads and landmarks	eng		179612672	168	2026-06-11	https://lb.download.kiwix.org/zim/maps/maps_en_macedonia_2026-06.zim	_sw:no;_ftindex:no;_pictures:yes;_videos:no;_details:yes
maps_en_colombia		Colombia	Full map, including roads and landmarks	eng		656485376	4265	2026-06-12	https://lb.download.kiwix.org/zim/maps/maps_en_colombia_2026-06.zim	_sw:no;_ftindex:no;_pictures:yes;_videos:no;_details:yes
maps_en_bolivia		Bolivia	Full map, including roads and landmarks	eng		359505920	1353	2026-06-12	https://lb.download.kiwix.org/zim/maps/maps_en_bolivia_2026-06.zim	_sw:no;_ftindex:no;_pictures:yes;_videos:no;_details:yes
maps_en_mozambique		Mozambique	Full map, including roads and landmarks	eng		458949632	742	2026-06-04	https://lb.download.kiwix.org/zim/maps/maps_en_mozambique_2026-06.zim	_sw:no;_ftindex:no;_pictures:yes;_videos:no;_details:yes
maps_en_cambodia		Cambodia	Full map, including roads and landmarks	eng		238046208	4910	2026-06-06	https://lb.download.kiwix.org/zim/maps/maps_en_cambodia_2026-06.zim	_sw:no;_ftindex:no;_pictures:yes;_videos:no;_details:yes
devdocs_en_nix		Nix Docs	Nix documentation, by DevDocs	eng		400384	2	2026-07-03	https://lb.download.kiwix.org/zim/devdocs/devdocs_en_nix_2026-07.zim	devdocs;nix;_ftindex:no;_pictures:yes;_videos:yes;_details:yes
maps_en_mauritania		Mauritania	Full map, including roads and landmarks	eng		198456320	182	2026-06-03	https://lb.download.kiwix.org/zim/maps/maps_en_mauritania_2026-06.zim	_sw:no;_ftindex:no;_pictures:yes;_videos:no;_details:yes
devdocs_en_bash		Bash Docs	Bash documentation, by DevDocs	eng		559104	132	2026-04-04	https://lb.download.kiwix.org/zim/devdocs/devdocs_en_bash_2026-04.zim	devdocs;bash;_ftindex:no;_pictures:yes;_videos:yes;_details:yes
maps_en_guinea		Guinea	Full map, including roads and landmarks	eng		269724672	738	2026-06-03	https://lb.download.kiwix.org/zim/maps/maps_en_guinea_2026-06.zim	_sw:no;_ftindex:no;_pictures:yes;_videos:no;_details:yes
devdocs_en_astro		Astro Docs	Astro documentation, by DevDocs	eng		2344960	343	2026-07-06	https://lb.download.kiwix.org/zim/devdocs/devdocs_en_astro_2026-07.zim	devdocs;astro;_ftindex:no;_pictures:yes;_videos:yes;_details:yes
devdocs_en_twig		Twig Docs	Twig documentation, by DevDocs	eng		437248	110	2026-04-04	https://lb.download.kiwix.org/zim/devdocs/devdocs_en_twig_2026-04.zim	devdocs;twig;_ftindex:no;_pictures:yes;_videos:yes;_details:yes
devdocs_en_rethinkdb		RethinkDB Docs	RethinkDB documentation, by DevDocs	eng		1653760	231	2026-07-06	https://lb.download.kiwix.org/zim/devdocs/devdocs_en_rethinkdb_2026-07.zim	devdocs;rethinkdb;_ftindex:no;_pictures:yes;_videos:yes;_details:yes
devdocs_en_kotlin		Kotlin Docs	Kotlin documentation, by DevDocs	eng		8214528	4338	2026-07-03	https://lb.download.kiwix.org/zim/devdocs/devdocs_en_kotlin_2026-07.zim	devdocs;kotlin;_ftindex:no;_pictures:yes;_videos:yes;_details:yes
maps_en_taiwan		Taiwan	Full map, including roads and landmarks	eng		315639808	9601	2026-06-06	https://lb.download.kiwix.org/zim/maps/maps_en_taiwan_2026-06.zim	_sw:no;_ftindex:no;_pictures:yes;_videos:no;_details:yes
devdocs_en_phpunit		PHPUnit Docs	PHPUnit documentation, by DevDocs	eng		489472	18	2026-08-02	https://lb.download.kiwix.org/zim/devdocs/devdocs_en_phpunit_2026-08.zim	devdocs;phpunit;_ftindex:no;_pictures:yes;_videos:yes;_details:yes
devdocs_en_padrino		Padrino Docs	Padrino documentation, by DevDocs	eng		507904	147	2026-07-06	https://lb.download.kiwix.org/zim/devdocs/devdocs_en_padrino_2026-07.zim	devdocs;padrino;_ftindex:no;_pictures:yes;_videos:yes;_details:yes
maps_en_serbia		Serbia	Full map, including roads and landmarks	eng		462268416	787	2026-06-10	https://lb.download.kiwix.org/zim/maps/maps_en_serbia_2026-06.zim	_sw:no;_ftindex:no;_pictures:yes;_videos:no;_details:yes
maps_en_liberia		Liberia	Full map, including roads and landmarks	eng		189550592	1063	2026-06-04	https://lb.download.kiwix.org/zim/maps/maps_en_liberia_2026-06.zim	_sw:no;_ftindex:no;_pictures:yes;_videos:no;_details:yes
devdocs_en_prettier		Prettier Docs	Prettier documentation, by DevDocs	eng		449536	24	2026-04-04	https://lb.download.kiwix.org/zim/devdocs/devdocs_en_prettier_2026-04.zim	devdocs;prettier;_ftindex:no;_pictures:yes;_videos:yes;_details:yes
devdocs_en_wagtail		Wagtail Docs	Wagtail documentation, by DevDocs	eng		1324032	121	2026-07-03	https://lb.download.kiwix.org/zim/devdocs/devdocs_en_wagtail_2026-07.zim	devdocs;wagtail;_ftindex:no;_pictures:yes;_videos:yes;_details:yes
maps_en_cyprus		Cyprus	Full map, including roads and landmarks	eng		156298240	640	2026-06-10	https://lb.download.kiwix.org/zim/maps/maps_en_cyprus_2026-06.zim	_sw:no;_ftindex:no;_pictures:yes;_videos:no;_details:yes
maps_en_paraguay		Paraguay	Full map, including roads and landmarks	eng		274436096	8985	2026-06-13	https://lb.download.kiwix.org/zim/maps/maps_en_paraguay_2026-06.zim	_sw:no;_ftindex:no;_pictures:yes;_videos:no;_details:yes
devdocs_en_nim		Nim Docs	Nim documentation, by DevDocs	eng		2103296	357	2026-04-06	https://lb.download.kiwix.org/zim/devdocs/devdocs_en_nim_2026-04.zim	devdocs;nim;_ftindex:no;_pictures:yes;_videos:yes;_details:yes
maps_en_azores		Azores	Full map, including roads and landmarks	eng		143823872	197	2026-06-10	https://lb.download.kiwix.org/zim/maps/maps_en_azores_2026-06.zim	_sw:no;_ftindex:no;_pictures:yes;_videos:no;_details:yes
maps_en_kosovo		Kosovo	Full map, including roads and landmarks	eng		181052416	139	2026-06-11	https://lb.download.kiwix.org/zim/maps/maps_en_kosovo_2026-06.zim	_sw:no;_ftindex:no;_pictures:yes;_videos:no;_details:yes
maps_en_turkmenistan		Turkmenistan	Full map, including roads and landmarks	eng		241319936	250	2026-06-07	https://lb.download.kiwix.org/zim/maps/maps_en_turkmenistan_2026-06.zim	_sw:no;_ftindex:no;_pictures:yes;_videos:no;_details:yes
devdocs_en_cpp		C++ Docs	C++ documentation, by DevDocs	eng		7257088	4879	2026-07-06	https://lb.download.kiwix.org/zim/devdocs/devdocs_en_cpp_2026-07.zim	devdocs;cpp;_ftindex:no;_pictures:yes;_videos:yes;_details:yes
devdocs_en_modernizr		Modernizr Docs	Modernizr documentation, by DevDocs	eng		352256	1	2026-07-03	https://lb.download.kiwix.org/zim/devdocs/devdocs_en_modernizr_2026-07.zim	devdocs;modernizr;_ftindex:no;_pictures:yes;_videos:yes;_details:yes
maps_en_jamaica		Jamaica	Full map, including roads and landmarks	eng		147651584	885	2026-06-09	https://lb.download.kiwix.org/zim/maps/maps_en_jamaica_2026-06.zim	_sw:no;_ftindex:no;_pictures:yes;_videos:no;_details:yes
maps_en_bulgaria		Bulgaria	Full map, including roads and landmarks	eng		359081984	3456	2026-06-09	https://lb.download.kiwix.org/zim/maps/maps_en_bulgaria_2026-06.zim	_sw:no;_ftindex:no;_pictures:yes;_videos:no;_details:yes
maps_en_georgia		Georgia	Full map, including roads and landmarks	eng		290860032	238	2026-06-11	https://lb.download.kiwix.org/zim/maps/maps_en_georgia_2026-06.zim	_sw:no;_ftindex:no;_pictures:yes;_videos:no;_details:yes
devdocs_en_vagrant		Vagrant Docs	Vagrant documentation, by DevDocs	eng		553984	145	2026-07-03	https://lb.download.kiwix.org/zim/devdocs/devdocs_en_vagrant_2026-07.zim	devdocs;vagrant;_ftindex:no;_pictures:yes;_videos:yes;_details:yes
maps_en_madagascar		Madagascar	Full map, including roads and landmarks	eng		401419264	21876	2026-06-04	https://lb.download.kiwix.org/zim/maps/maps_en_madagascar_2026-06.zim	_sw:no;_ftindex:no;_pictures:yes;_videos:no;_details:yes
devdocs_en_mongoose		Mongoose Docs	Mongoose documentation, by DevDocs	eng		600064	68	2026-04-06	https://lb.download.kiwix.org/zim/devdocs/devdocs_en_mongoose_2026-04.zim	devdocs;mongoose;_ftindex:no;_pictures:yes;_videos:yes;_details:yes
devdocs_en_babel		Babel Docs	Babel documentation, by DevDocs	eng		578560	111	2026-07-03	https://lb.download.kiwix.org/zim/devdocs/devdocs_en_babel_2026-07.zim	devdocs;babel;_ftindex:no;_pictures:yes;_videos:yes;_details:yes
devdocs_en_elixir		Elixir Docs	Elixir documentation, by DevDocs	eng		1295360	236	2026-08-02	https://lb.download.kiwix.org/zim/devdocs/devdocs_en_elixir_2026-08.zim	devdocs;elixir;_ftindex:no;_pictures:yes;_videos:yes;_details:yes
maps_en_cuba		Cuba	Full map, including roads and landmarks	eng		196046848	199	2026-06-09	https://lb.download.kiwix.org/zim/maps/maps_en_cuba_2026-06.zim	_sw:no;_ftindex:no;_pictures:yes;_videos:no;_details:yes
devdocs_en_duckdb		DuckDB Docs	DuckDB documentation, by DevDocs	eng		1961984	335	2026-07-03	https://lb.download.kiwix.org/zim/devdocs/devdocs_en_duckdb_2026-07.zim	devdocs;duckdb;_ftindex:no;_pictures:yes;_videos:yes;_details:yes
devdocs_en_redis		Redis Docs	Redis documentation, by DevDocs	eng		871424	463	2026-04-04	https://lb.download.kiwix.org/zim/devdocs/devdocs_en_redis_2026-04.zim	devdocs;redis;_ftindex:no;_pictures:yes;_videos:yes;_details:yes
devdocs_en_javascript		JavaScript Docs	JavaScript documentation, by DevDocs	eng		2696192	1291	2026-07-03	https://lb.download.kiwix.org/zim/devdocs/devdocs_en_javascript_2026-07.zim	devdocs;javascript;_ftindex:no;_pictures:yes;_videos:yes;_details:yes
devdocs_en_vite		Vite Docs	Vite documentation, by DevDocs	eng		509952	41	2026-07-06	https://lb.download.kiwix.org/zim/devdocs/devdocs_en_vite_2026-07.zim	devdocs;vite;_ftindex:no;_pictures:yes;_videos:yes;_details:yes
maps_en_europe		Europe	Full map, including roads and landmarks	eng		26704568320	137471	2026-08-20	https://lb.download.kiwix.org/zim/maps/maps_en_europe_2026-08.zim	_sw:no;_ftindex:no;_pictures:yes;_videos:no;_details:yes
devdocs_en_crystal		Crystal Docs	Crystal documentation, by DevDocs	eng		2378752	876	2026-07-06	https://lb.download.kiwix.org/zim/devdocs/devdocs_en_crystal_2026-07.zim	devdocs;crystal;_ftindex:no;_pictures:yes;_videos:yes;_details:yes
devdocs_en_electron		Electron Docs	Electron documentation, by DevDocs	eng		1673216	213	2026-07-03	https://lb.download.kiwix.org/zim/devdocs/devdocs_en_electron_2026-07.zim	devdocs;electron;_ftindex:no;_pictures:yes;_videos:yes;_details:yes
maps_en_guyana		Guyana	Full map, including roads and landmarks	eng		158903296	34	2026-06-13	https://lb.download.kiwix.org/zim/maps/maps_en_guyana_2026-06.zim	_sw:no;_ftindex:no;_pictures:yes;_videos:no;_details:yes
devdocs_en_esbuild		esbuild Docs	esbuild documentation, by DevDocs	eng		454656	6	2026-07-05	https://lb.download.kiwix.org/zim/devdocs/devdocs_en_esbuild_2026-07.zim	devdocs;esbuild;_ftindex:no;_pictures:yes;_videos:yes;_details:yes
devdocs_en_lua		Lua Docs	Lua documentation, by DevDocs	eng		428032	1	2026-08-26	https://lb.download.kiwix.org/zim/devdocs/devdocs_en_lua_2026-08.zim	devdocs;lua;_ftindex:no;_pictures:yes;_videos:yes;_details:yes
maps_en_niger		Niger	Full map, including roads and landmarks	eng		342475776	2337	2026-06-05	https://lb.download.kiwix.org/zim/maps/maps_en_niger_2026-06.zim	_sw:no;_ftindex:no;_pictures:yes;_videos:no;_details:yes
devdocs_en_jinja		Jinja Docs	Jinja documentation, by DevDocs	eng		447488	10	2026-07-06	https://lb.download.kiwix.org/zim/devdocs/devdocs_en_jinja_2026-07.zim	devdocs;jinja;_ftindex:no;_pictures:yes;_videos:yes;_details:yes
devdocs_en_css		CSS Docs	CSS documentation, by DevDocs	eng		4886528	1101	2026-07-03	https://lb.download.kiwix.org/zim/devdocs/devdocs_en_css_2026-07.zim	devdocs;css;_ftindex:no;_pictures:yes;_videos:yes;_details:yes
devdocs_en_dart		Dart Docs	Dart documentation, by DevDocs	eng		10304512	13072	2026-07-03	https://lb.download.kiwix.org/zim/devdocs/devdocs_en_dart_2026-07.zim	devdocs;dart;_ftindex:no;_pictures:yes;_videos:yes;_details:yes
devdocs_en_vitest		Vitest Docs	Vitest documentation, by DevDocs	eng		774144	181	2026-07-03	https://lb.download.kiwix.org/zim/devdocs/devdocs_en_vitest_2026-07.zim	devdocs;vitest;_ftindex:no;_pictures:yes;_videos:yes;_details:yes
maps_en_malawi		Malawi	Full map, including roads and landmarks	eng		235575296	253	2026-06-04	https://lb.download.kiwix.org/zim/maps/maps_en_malawi_2026-06.zim	_sw:no;_ftindex:no;_pictures:yes;_videos:no;_details:yes
devdocs_en_jq		jq Docs	jq documentation, by DevDocs	eng		386048	1	2026-07-06	https://lb.download.kiwix.org/zim/devdocs/devdocs_en_jq_2026-07.zim	devdocs;jq;_ftindex:no;_pictures:yes;_videos:yes;_details:yes
devdocs_en_composer		Composer Docs	Composer documentation, by DevDocs	eng		437248	23	2026-04-04	https://lb.download.kiwix.org/zim/devdocs/devdocs_en_composer_2026-04.zim	devdocs;composer;_ftindex:no;_pictures:yes;_videos:yes;_details:yes
maps_en_ecuador		Ecuador	Full map, including roads and landmarks	eng		285365248	1677	2026-06-13	https://lb.download.kiwix.org/zim/maps/maps_en_ecuador_2026-06.zim	_sw:no;_ftindex:no;_pictures:yes;_videos:no;_details:yes
devdocs_en_requests		Requests Docs	Requests documentation, by DevDocs	eng		353280	1	2026-07-06	https://lb.download.kiwix.org/zim/devdocs/devdocs_en_requests_2026-07.zim	devdocs;requests;_ftindex:no;_pictures:yes;_videos:yes;_details:yes
devdocs_en_fluture		Fluture Docs	Fluture documentation, by DevDocs	eng		339968	1	2026-04-04	https://lb.download.kiwix.org/zim/devdocs/devdocs_en_fluture_2026-04.zim	devdocs;fluture;_ftindex:no;_pictures:yes;_videos:yes;_details:yes
devdocs_en_enzyme		Enzyme Docs	Enzyme documentation, by DevDocs	eng		423936	145	2026-07-06	https://lb.download.kiwix.org/zim/devdocs/devdocs_en_enzyme_2026-07.zim	devdocs;enzyme;_ftindex:no;_pictures:yes;_videos:yes;_details:yes
devdocs_en_matplotlib		Matplotlib Docs	Matplotlib documentation, by DevDocs	eng		33432576	1062	2026-07-06	https://lb.download.kiwix.org/zim/devdocs/devdocs_en_matplotlib_2026-07.zim	devdocs;matplotlib;_ftindex:no;_pictures:yes;_videos:yes;_details:yes
maps_en_thailand		Thailand	Full map, including roads and landmarks	eng		549090304	12643	2026-06-07	https://lb.download.kiwix.org/zim/maps/maps_en_thailand_2026-06.zim	_sw:no;_ftindex:no;_pictures:yes;_videos:no;_details:yes
devdocs_en_ramda		Ramda Docs	Ramda documentation, by DevDocs	eng		386048	1	2026-04-04	https://lb.download.kiwix.org/zim/devdocs/devdocs_en_ramda_2026-04.zim	devdocs;ramda;_ftindex:no;_pictures:yes;_videos:yes;_details:yes
devdocs_en_jest		Jest Docs	Jest documentation, by DevDocs	eng		559104	36	2026-07-05	https://lb.download.kiwix.org/zim/devdocs/devdocs_en_jest_2026-07.zim	devdocs;jest;_ftindex:no;_pictures:yes;_videos:yes;_details:yes
maps_en_burundi		Burundi	Full map, including roads and landmarks	eng		180738048	3828	2026-06-13	https://lb.download.kiwix.org/zim/maps/maps_en_burundi_2026-06.zim	_sw:no;_ftindex:no;_pictures:yes;_videos:no;_details:yes
maps_en_kyrgyzstan		Kyrgyzstan	Full map, including roads and landmarks	eng		270813184	311	2026-06-07	https://lb.download.kiwix.org/zim/maps/maps_en_kyrgyzstan_2026-06.zim	_sw:no;_ftindex:no;_pictures:yes;_videos:no;_details:yes
maps_en_togo		Togo	Full map, including roads and landmarks	eng		173749248	215	2026-06-06	https://lb.download.kiwix.org/zim/maps/maps_en_togo_2026-06.zim	_sw:no;_ftindex:no;_pictures:yes;_videos:no;_details:yes
maps_en_vanuatu		Vanuatu	Full map, including roads and landmarks	eng		148699136	33	2026-06-09	https://lb.download.kiwix.org/zim/maps/maps_en_vanuatu_2026-06.zim	_sw:no;_ftindex:no;_pictures:yes;_videos:no;_details:yes
devdocs_en_zig		Zig Docs	Zig documentation, by DevDocs	eng		491520	1	2026-08-26	https://lb.download.kiwix.org/zim/devdocs/devdocs_en_zig_2026-08.zim	devdocs;zig;_ftindex:no;_pictures:yes;_videos:yes;_details:yes
footballdatabase.com_en_all		Football Database	Football / Soccer Club World Ranking	eng	other	112897024	35049	2026-03-02	https://lb.download.kiwix.org/zim/other/footballdatabase.com_en_all_2026-03.zim	_category:other;_ftindex:yes;_pictures:yes;_videos:yes;_details:yes
maps_en_vietnam		Vietnam	Full map, including roads and landmarks	eng		708140032	15853	2026-06-08	https://lb.download.kiwix.org/zim/maps/maps_en_vietnam_2026-06.zim	_sw:no;_ftindex:no;_pictures:yes;_videos:no;_details:yes
devdocs_en_http		HTTP Docs	HTTP documentation, by DevDocs	eng		1949696	377	2026-07-03	https://lb.download.kiwix.org/zim/devdocs/devdocs_en_http_2026-07.zim	devdocs;http;_ftindex:no;_pictures:yes;_videos:yes;_details:yes
devdocs_en_typescript		TypeScript Docs	TypeScript documentation, by DevDocs	eng		994304	79	2026-07-06	https://lb.download.kiwix.org/zim/devdocs/devdocs_en_typescript_2026-07.zim	devdocs;typescript;_ftindex:no;_pictures:yes;_videos:yes;_details:yes
maps_en_malta		Malta	Full map, including roads and landmarks	eng		131430400	70	2026-06-11	https://lb.download.kiwix.org/zim/maps/maps_en_malta_2026-06.zim	_sw:no;_ftindex:no;_pictures:yes;_videos:no;_details:yes
maps_en_armenia		Armenia	Full map, including roads and landmarks	eng		191129600	153	2026-06-05	https://lb.download.kiwix.org/zim/maps/maps_en_armenia_2026-06.zim	_sw:no;_ftindex:no;_pictures:yes;_videos:no;_details:yes
devdocs_en_lodash		lodash Docs	lodash documentation, by DevDocs	eng		370688	1	2026-07-06	https://lb.download.kiwix.org/zim/devdocs/devdocs_en_lodash_2026-07.zim	devdocs;lodash;_ftindex:no;_pictures:yes;_videos:yes;_details:yes
devdocs_en_sqlite		SQLite Docs	SQLite documentation, by DevDocs	eng		3487744	545	2026-07-03	https://lb.download.kiwix.org/zim/devdocs/devdocs_en_sqlite_2026-07.zim	devdocs;sqlite;_ftindex:no;_pictures:yes;_videos:yes;_details:yes
devdocs_en_trio		Trio Docs	Trio documentation, by DevDocs	eng		488448	5	2026-07-06	https://lb.download.kiwix.org/zim/devdocs/devdocs_en_trio_2026-07.zim	devdocs;trio;_ftindex:no;_pictures:yes;_videos:yes;_details:yes
devdocs_en_npm		npm Docs	npm documentation, by DevDocs	eng		664576	190	2026-08-18	https://lb.download.kiwix.org/zim/devdocs/devdocs_en_npm_2026-08.zim	devdocs;npm;_ftindex:no;_pictures:yes;_videos:yes;_details:yes
wikivet.net_en_all	maxi	WikiVet	The free veterinary medicine encyclopedia	eng		56980480	9481	2026-07-09	https://lb.download.kiwix.org/zim/other/wikivet.net_en_all_maxi_2026-07a.zim	wikivet;_pictures:yes;_videos:no;_details:yes;_ftindex:yes
maps_en_iraq		Iraq	Full map, including roads and landmarks	eng		348268544	526	2026-06-06	https://lb.download.kiwix.org/zim/maps/maps_en_iraq_2026-06.zim	_sw:no;_ftindex:no;_pictures:yes;_videos:no;_details:yes
devdocs_en_vulkan		Vulkan Docs	Vulkan documentation, by DevDocs	eng		546816	1	2026-07-06	https://lb.download.kiwix.org/zim/devdocs/devdocs_en_vulkan_2026-07.zim	devdocs;vulkan;_ftindex:no;_pictures:yes;_videos:yes;_details:yes
maps_en_italy		Italy	Full map, including roads and landmarks	eng		2675741696	13399	2026-06-10	https://lb.download.kiwix.org/zim/maps/maps_en_italy_2026-06.zim	_sw:no;_ftindex:no;_pictures:yes;_videos:no;_details:yes
devdocs_en_go		Go Docs	Go documentation, by DevDocs	eng		1632256	192	2026-07-03	https://lb.download.kiwix.org/zim/devdocs/devdocs_en_go_2026-07.zim	devdocs;go;_ftindex:no;_pictures:yes;_videos:yes;_details:yes
maps_en_latvia		Latvia	Full map, including roads and landmarks	eng		358081536	1871	2026-06-11	https://lb.download.kiwix.org/zim/maps/maps_en_latvia_2026-06.zim	_sw:no;_ftindex:no;_pictures:yes;_videos:no;_details:yes
maps_en_azerbaijan		Azerbaijan	Full map, including roads and landmarks	eng		258449408	203	2026-06-05	https://lb.download.kiwix.org/zim/maps/maps_en_azerbaijan_2026-06.zim	_sw:no;_ftindex:no;_pictures:yes;_videos:no;_details:yes
devdocs_en_falcon		Falcon Docs	Falcon documentation, by DevDocs	eng		457728	20	2026-04-04	https://lb.download.kiwix.org/zim/devdocs/devdocs_en_falcon_2026-04.zim	devdocs;falcon;_ftindex:no;_pictures:yes;_videos:yes;_details:yes
devdocs_en_nokogiri		Nokogiri Docs	Nokogiri documentation, by DevDocs	eng		461824	76	2026-04-06	https://lb.download.kiwix.org/zim/devdocs/devdocs_en_nokogiri_2026-04.zim	devdocs;nokogiri;_ftindex:no;_pictures:yes;_videos:yes;_details:yes
devdocs_en_pony		Pony Docs	Pony documentation, by DevDocs	eng		769024	369	2026-07-06	https://lb.download.kiwix.org/zim/devdocs/devdocs_en_pony_2026-07.zim	devdocs;pony;_ftindex:no;_pictures:yes;_videos:yes;_details:yes
maps_en_denmark		Denmark	Full map, including roads and landmarks	eng		622355456	2058	2026-06-09	https://lb.download.kiwix.org/zim/maps/maps_en_denmark_2026-06.zim	_sw:no;_ftindex:no;_pictures:yes;_videos:no;_details:yes
maps_en_belgium		Belgium	Full map, including roads and landmarks	eng		826221568	3448	2026-06-10	https://lb.download.kiwix.org/zim/maps/maps_en_belgium_2026-06.zim	_sw:no;_ftindex:no;_pictures:yes;_videos:no;_details:yes
maps_en_fiji		Fiji	Full map, including roads and landmarks	eng		160348160	131	2026-06-08	https://lb.download.kiwix.org/zim/maps/maps_en_fiji_2026-06.zim	_sw:no;_ftindex:no;_pictures:yes;_videos:no;_details:yes
maps_en_croatia		Croatia	Full map, including roads and landmarks	eng		821673984	1480	2026-06-09	https://lb.download.kiwix.org/zim/maps/maps_en_croatia_2026-06.zim	_sw:no;_ftindex:no;_pictures:yes;_videos:no;_details:yes
devdocs_en_bower		Bower Docs	Bower documentation, by DevDocs	eng		336896	4	2026-07-06	https://lb.download.kiwix.org/zim/devdocs/devdocs_en_bower_2026-07.zim	devdocs;bower;_ftindex:no;_pictures:yes;_videos:yes;_details:yes
maps_en_libya		Libya	Full map, including roads and landmarks	eng		220180480	205	2026-06-04	https://lb.download.kiwix.org/zim/maps/maps_en_libya_2026-06.zim	_sw:no;_ftindex:no;_pictures:yes;_videos:no;_details:yes
devdocs_en_react		React Docs	React documentation, by DevDocs	eng		2700288	179	2026-05-20	https://lb.download.kiwix.org/zim/devdocs/devdocs_en_react_2026-05.zim	devdocs;react;_ftindex:no;_pictures:yes;_videos:yes;_details:yes
maps_en_syria		Syria	Full map, including roads and landmarks	eng		297347072	574	2026-06-07	https://lb.download.kiwix.org/zim/maps/maps_en_syria_2026-06.zim	_sw:no;_ftindex:no;_pictures:yes;_videos:no;_details:yes
devdocs_en_julia		Julia Docs	Julia documentation, by DevDocs	eng		1573888	103	2026-06-02	https://lb.download.kiwix.org/zim/devdocs/devdocs_en_julia_2026-06.zim	devdocs;julia;_ftindex:no;_pictures:yes;_videos:yes;_details:yes
devdocs_en_bun		Bun Docs	Bun documentation, by DevDocs	eng		1060864	304	2026-07-06	https://lb.download.kiwix.org/zim/devdocs/devdocs_en_bun_2026-07.zim	devdocs;bun;_ftindex:no;_pictures:yes;_videos:yes;_details:yes
maps_en_brazil		Brazil	Full map, including roads and landmarks	eng		3097612288	17321	2026-06-12	https://lb.download.kiwix.org/zim/maps/maps_en_brazil_2026-06.zim	_sw:no;_ftindex:no;_pictures:yes;_videos:no;_details:yes
maps_en_belize		Belize	Full map, including roads and landmarks	eng		153590784	12	2026-06-09	https://lb.download.kiwix.org/zim/maps/maps_en_belize_2026-06.zim	_sw:no;_ftindex:no;_pictures:yes;_videos:no;_details:yes
devdocs_en_playwright		Playwright Docs	Playwright documentation, by DevDocs	eng		848896	141	2026-07-06	https://lb.download.kiwix.org/zim/devdocs/devdocs_en_playwright_2026-07.zim	devdocs;playwright;_ftindex:no;_pictures:yes;_videos:yes;_details:yes
maps_en_tajikistan		Tajikistan	Full map, including roads and landmarks	eng		252683264	307	2026-06-07	https://lb.download.kiwix.org/zim/maps/maps_en_tajikistan_2026-06.zim	_sw:no;_ftindex:no;_pictures:yes;_videos:no;_details:yes
devdocs_en_axios		Axios Docs	Axios documentation, by DevDocs	eng		347136	16	2026-05-20	https://lb.download.kiwix.org/zim/devdocs/devdocs_en_axios_2026-05.zim	devdocs;axios;_ftindex:no;_pictures:yes;_videos:yes;_details:yes
maps_en_bangladesh		Bangladesh	Full map, including roads and landmarks	eng		395206656	6226	2026-06-06	https://lb.download.kiwix.org/zim/maps/maps_en_bangladesh_2026-06.zim	_sw:no;_ftindex:no;_pictures:yes;_videos:no;_details:yes
devdocs_en_gtk		GTK Docs	GTK documentation, by DevDocs	eng		2188288	307	2026-07-03	https://lb.download.kiwix.org/zim/devdocs/devdocs_en_gtk_2026-07.zim	devdocs;gtk;_ftindex:no;_pictures:yes;_videos:yes;_details:yes
devdocs_en_puppeteer		Puppeteer Docs	Puppeteer documentation, by DevDocs	eng		395264	1	2026-07-03	https://lb.download.kiwix.org/zim/devdocs/devdocs_en_puppeteer_2026-07.zim	devdocs;puppeteer;_ftindex:no;_pictures:yes;_videos:yes;_details:yes
devdocs_en_eigen3		Eigen3 Docs	Eigen3 documentation, by DevDocs	eng		2781184	352	2026-07-03	https://lb.download.kiwix.org/zim/devdocs/devdocs_en_eigen3_2026-07.zim	devdocs;eigen3;_ftindex:no;_pictures:yes;_videos:yes;_details:yes
devdocs_en_point-cloud-library		PointCloudLibrary Docs	PointCloudLibrary documentation, by DevDocs	eng		9978880	1516	2026-07-03	https://lb.download.kiwix.org/zim/devdocs/devdocs_en_point-cloud-library_2026-07.zim	devdocs;point_cloud_library;_ftindex:no;_pictures:yes;_videos:yes;_details:yes
maps_en_lesotho		Lesotho	Full map, including roads and landmarks	eng		209019904	168	2026-06-04	https://lb.download.kiwix.org/zim/maps/maps_en_lesotho_2026-06.zim	_sw:no;_ftindex:no;_pictures:yes;_videos:no;_details:yes
devdocs_en_qt		Qt Docs	Qt documentation, by DevDocs	eng		50057216	4119	2026-07-03	https://lb.download.kiwix.org/zim/devdocs/devdocs_en_qt_2026-07.zim	devdocs;qt;_ftindex:no;_pictures:yes;_videos:yes;_details:yes
maps_en_kazakhstan		Kazakhstan	Full map, including roads and landmarks	eng		1250911232	1438	2026-06-07	https://lb.download.kiwix.org/zim/maps/maps_en_kazakhstan_2026-06.zim	_sw:no;_ftindex:no;_pictures:yes;_videos:no;_details:yes
devdocs_en_i3		i3 Docs	i3 documentation, by DevDocs	eng		454656	1	2026-06-02	https://lb.download.kiwix.org/zim/devdocs/devdocs_en_i3_2026-06.zim	devdocs;i3;_ftindex:no;_pictures:yes;_videos:yes;_details:yes
devdocs_en_couchdb		CouchDB Docs	CouchDB documentation, by DevDocs	eng		710656	58	2026-07-06	https://lb.download.kiwix.org/zim/devdocs/devdocs_en_couchdb_2026-07.zim	devdocs;couchdb;_ftindex:no;_pictures:yes;_videos:yes;_details:yes
maps_en_venezuela		Venezuela	Full map, including roads and landmarks	eng		390775808	1475	2026-06-13	https://lb.download.kiwix.org/zim/maps/maps_en_venezuela_2026-06.zim	_sw:no;_ftindex:no;_pictures:yes;_videos:no;_details:yes
maps_en_maldives		Maldives	Full map, including roads and landmarks	eng		132968448	23	2026-06-07	https://lb.download.kiwix.org/zim/maps/maps_en_maldives_2026-06.zim	_sw:no;_ftindex:no;_pictures:yes;_videos:no;_details:yes
devdocs_en_express		Express Docs	Express documentation, by DevDocs	eng		444416	24	2026-05-20	https://lb.download.kiwix.org/zim/devdocs/devdocs_en_express_2026-05.zim	devdocs;express;_ftindex:no;_pictures:yes;_videos:yes;_details:yes
devdocs_en_sanctuary		Sanctuary Docs	Sanctuary documentation, by DevDocs	eng		357376	1	2026-07-03	https://lb.download.kiwix.org/zim/devdocs/devdocs_en_sanctuary_2026-07.zim	devdocs;sanctuary;_ftindex:no;_pictures:yes;_videos:yes;_details:yes
devdocs_en_nginx		nginx Docs	nginx documentation, by DevDocs	eng		816128	130	2026-04-04	https://lb.download.kiwix.org/zim/devdocs/devdocs_en_nginx_2026-04.zim	devdocs;nginx;_ftindex:no;_pictures:yes;_videos:yes;_details:yes
maps_en_mali		Mali	Full map, including roads and landmarks	eng		460152832	693	2026-06-04	https://lb.download.kiwix.org/zim/maps/maps_en_mali_2026-06.zim	_sw:no;_ftindex:no;_pictures:yes;_videos:no;_details:yes
devdocs_en_svelte		Svelte Docs	Svelte documentation, by DevDocs	eng		543744	83	2026-04-06	https://lb.download.kiwix.org/zim/devdocs/devdocs_en_svelte_2026-04.zim	devdocs;svelte;_ftindex:no;_pictures:yes;_videos:yes;_details:yes
devdocs_en_django		Django Docs	Django documentation, by DevDocs	eng		2163712	236	2026-07-06	https://lb.download.kiwix.org/zim/devdocs/devdocs_en_django_2026-07.zim	devdocs;django;_ftindex:no;_pictures:yes;_videos:yes;_details:yes
devdocs_en_flow		Flow Docs	Flow documentation, by DevDocs	eng		494592	86	2026-07-06	https://lb.download.kiwix.org/zim/devdocs/devdocs_en_flow_2026-07.zim	devdocs;flow;_ftindex:no;_pictures:yes;_videos:yes;_details:yes
devdocs_en_godot		Godot Docs	Godot documentation, by DevDocs	eng		1960960	533	2026-07-05	https://lb.download.kiwix.org/zim/devdocs/devdocs_en_godot_2026-07.zim	devdocs;godot;_ftindex:no;_pictures:yes;_videos:yes;_details:yes
devdocs_en_gnuplot		Gnuplot Docs	Gnuplot documentation, by DevDocs	eng		656384	108	2026-07-06	https://lb.download.kiwix.org/zim/devdocs/devdocs_en_gnuplot_2026-07.zim	devdocs;gnuplot;_ftindex:no;_pictures:yes;_videos:yes;_details:yes
maps_en_philippines		Philippines	Full map, including roads and landmarks	eng		553521152	17178	2026-06-06	https://lb.download.kiwix.org/zim/maps/maps_en_philippines_2026-06.zim	_sw:no;_ftindex:no;_pictures:yes;_videos:no;_details:yes
devdocs_en_jekyll		Jekyll Docs	Jekyll documentation, by DevDocs	eng		473088	71	2026-07-03	https://lb.download.kiwix.org/zim/devdocs/devdocs_en_jekyll_2026-07.zim	devdocs;jekyll;_ftindex:no;_pictures:yes;_videos:yes;_details:yes
maps_en_uzbekistan		Uzbekistan	Full map, including roads and landmarks	eng		364451840	531	2026-06-08	https://lb.download.kiwix.org/zim/maps/maps_en_uzbekistan_2026-06.zim	_sw:no;_ftindex:no;_pictures:yes;_videos:no;_details:yes
devdocs_en_statsmodels		Statsmodels Docs	Statsmodels documentation, by DevDocs	eng		8358912	3460	2026-05-28	https://lb.download.kiwix.org/zim/devdocs/devdocs_en_statsmodels_2026-05.zim	devdocs;statsmodels;_ftindex:no;_pictures:yes;_videos:yes;_details:yes
maps_en_namibia		Namibia	Full map, including roads and landmarks	eng		237174784	121	2026-06-04	https://lb.download.kiwix.org/zim/maps/maps_en_namibia_2026-06.zim	_sw:no;_ftindex:no;_pictures:yes;_videos:no;_details:yes
maps_en_botswana		Botswana	Full map, including roads and landmarks	eng		292454400	124	2026-06-02	https://lb.download.kiwix.org/zim/maps/maps_en_botswana_2026-06.zim	_sw:no;_ftindex:no;_pictures:yes;_videos:no;_details:yes
devdocs_en_wordpress		WordPress Docs	WordPress documentation, by DevDocs	eng		12932096	9673	2026-07-06	https://lb.download.kiwix.org/zim/devdocs/devdocs_en_wordpress_2026-07.zim	devdocs;wordpress;_ftindex:no;_pictures:yes;_videos:yes;_details:yes
devdocs_en_coffeescript		CoffeeScript Docs	CoffeeScript documentation, by DevDocs	eng		371712	1	2026-04-04	https://lb.download.kiwix.org/zim/devdocs/devdocs_en_coffeescript_2026-04.zim	devdocs;coffeescript;_ftindex:no;_pictures:yes;_videos:yes;_details:yes
devdocs_en_ocaml		OCaml Docs	OCaml documentation, by DevDocs	eng		1783808	603	2026-05-20	https://lb.download.kiwix.org/zim/devdocs/devdocs_en_ocaml_2026-05.zim	devdocs;ocaml;_ftindex:no;_pictures:yes;_videos:yes;_details:yes
devdocs_en_influxdata		InfluxData Docs	InfluxData documentation, by DevDocs	eng		1871872	157	2026-04-04	https://lb.download.kiwix.org/zim/devdocs/devdocs_en_influxdata_2026-04.zim	devdocs;influxdata;_ftindex:no;_pictures:yes;_videos:yes;_details:yes
devdocs_en_jsdoc		JSDoc Docs	JSDoc documentation, by DevDocs	eng		403456	85	2026-07-05	https://lb.download.kiwix.org/zim/devdocs/devdocs_en_jsdoc_2026-07.zim	devdocs;jsdoc;_ftindex:no;_pictures:yes;_videos:yes;_details:yes
maps_en_australia		Australia	Full map, including roads and landmarks	eng		1902058496	2893	2026-06-08	https://lb.download.kiwix.org/zim/maps/maps_en_australia_2026-06.zim	_sw:no;_ftindex:no;_pictures:yes;_videos:no;_details:yes
maps_en_panama		Panama	Full map, including roads and landmarks	eng		172237824	878	2026-06-09	https://lb.download.kiwix.org/zim/maps/maps_en_panama_2026-06.zim	_sw:no;_ftindex:no;_pictures:yes;_videos:no;_details:yes
devdocs_en_sequelize		Sequelize Docs	Sequelize documentation, by DevDocs	eng		532480	124	2026-04-04	https://lb.download.kiwix.org/zim/devdocs/devdocs_en_sequelize_2026-04.zim	devdocs;sequelize;_ftindex:no;_pictures:yes;_videos:yes;_details:yes
maps_en_kiribati		Kiribati	Full map, including roads and landmarks	eng		5413283840	99398	2026-06-07	https://lb.download.kiwix.org/zim/maps/maps_en_kiribati_2026-06.zim	_sw:no;_ftindex:no;_pictures:yes;_videos:no;_details:yes
maps_en_ghana		Ghana	Full map, including roads and landmarks	eng		241954816	403	2026-06-04	https://lb.download.kiwix.org/zim/maps/maps_en_ghana_2026-06.zim	_sw:no;_ftindex:no;_pictures:yes;_videos:no;_details:yes
devdocs_en_codeception		Codeception Docs	Codeception documentation, by DevDocs	eng		849920	58	2026-07-03	https://lb.download.kiwix.org/zim/devdocs/devdocs_en_codeception_2026-07.zim	devdocs;codeception;_ftindex:no;_pictures:yes;_videos:yes;_details:yes
maps_en_afghanistan		Afghanistan	Full map, including roads and landmarks	eng		416273408	830	2026-06-06	https://lb.download.kiwix.org/zim/maps/maps_en_afghanistan_2026-06.zim	_sw:no;_ftindex:no;_pictures:yes;_videos:no;_details:yes
maps_en_mauritius		Mauritius	Full map, including roads and landmarks	eng		168098816	46	2026-06-04	https://lb.download.kiwix.org/zim/maps/maps_en_mauritius_2026-06.zim	_sw:no;_ftindex:no;_pictures:yes;_videos:no;_details:yes
devdocs_en_git		Git Docs	Git documentation, by DevDocs	eng		1579008	206	2026-07-03	https://lb.download.kiwix.org/zim/devdocs/devdocs_en_git_2026-07.zim	devdocs;git;_ftindex:no;_pictures:yes;_videos:yes;_details:yes
citizendium.org_en_all	maxi	Citizendium	The citizen's compendium of everything	eng		219254784	88019	2026-01-27	https://lb.download.kiwix.org/zim/other/citizendium.org_en_all_maxi_2026-01.zim	citizendium;_pictures:yes;_videos:no;_details:yes;_ftindex:yes
devdocs_en_bluebird		Bluebird Docs	Bluebird documentation, by DevDocs	eng		506880	107	2026-07-03	https://lb.download.kiwix.org/zim/devdocs/devdocs_en_bluebird_2026-07.zim	devdocs;bluebird;_ftindex:no;_pictures:yes;_videos:yes;_details:yes
maps_en_liechtenstein		Liechtenstein	Full map, including roads and landmarks	eng		131851264	20	2026-06-11	https://lb.download.kiwix.org/zim/maps/maps_en_liechtenstein_2026-06.zim	_sw:no;_ftindex:no;_pictures:yes;_videos:no;_details:yes
devdocs_en_openjdk		OpenJDK Docs	OpenJDK documentation, by DevDocs	eng		15127552	5266	2026-08-08	https://lb.download.kiwix.org/zim/devdocs/devdocs_en_openjdk_2026-08.zim	devdocs;openjdk;_ftindex:no;_pictures:yes;_videos:yes;_details:yes
devdocs_en_chef		Chef Docs	Chef documentation, by DevDocs	eng		13485056	1450	2026-07-03	https://lb.download.kiwix.org/zim/devdocs/devdocs_en_chef_2026-07.zim	devdocs;chef;_ftindex:no;_pictures:yes;_videos:yes;_details:yes
devdocs_en_koa		Koa Docs	Koa documentation, by DevDocs	eng		421888	11	2026-07-03	https://lb.download.kiwix.org/zim/devdocs/devdocs_en_koa_2026-07.zim	devdocs;koa;_ftindex:no;_pictures:yes;_videos:yes;_details:yes
maps_en_benin		Benin	Full map, including roads and landmarks	eng		238666752	1096	2026-06-03	https://lb.download.kiwix.org/zim/maps/maps_en_benin_2026-06.zim	_sw:no;_ftindex:no;_pictures:yes;_videos:no;_details:yes
devdocs_en_dojo		Dojo Docs	Dojo documentation, by DevDocs	eng		733184	290	2026-07-03	https://lb.download.kiwix.org/zim/devdocs/devdocs_en_dojo_2026-07.zim	devdocs;dojo;_ftindex:no;_pictures:yes;_videos:yes;_details:yes
devdocs_en_homebrew		Homebrew Docs	Homebrew documentation, by DevDocs	eng		963584	53	2026-04-04	https://lb.download.kiwix.org/zim/devdocs/devdocs_en_homebrew_2026-04.zim	devdocs;homebrew;_ftindex:no;_pictures:yes;_videos:yes;_details:yes
devdocs_en_codeceptjs		CodeceptJS Docs	CodeceptJS documentation, by DevDocs	eng		821248	41	2026-07-03	https://lb.download.kiwix.org/zim/devdocs/devdocs_en_codeceptjs_2026-07.zim	devdocs;codeceptjs;_ftindex:no;_pictures:yes;_videos:yes;_details:yes
maps_en_palau		Palau	Full map, including roads and landmarks	eng		136172544	19	2026-06-07	https://lb.download.kiwix.org/zim/maps/maps_en_palau_2026-06.zim	_sw:no;_ftindex:no;_pictures:yes;_videos:no;_details:yes
maps_en_tonga		Tonga	Full map, including roads and landmarks	eng		140122112	55	2026-06-08	https://lb.download.kiwix.org/zim/maps/maps_en_tonga_2026-06.zim	_sw:no;_ftindex:no;_pictures:yes;_videos:no;_details:yes
maps_en_luxembourg		Luxembourg	Full map, including roads and landmarks	eng		176650240	354	2026-06-11	https://lb.download.kiwix.org/zim/maps/maps_en_luxembourg_2026-06.zim	_sw:no;_ftindex:no;_pictures:yes;_videos:no;_details:yes
devdocs_en_lit		Lit Docs	Lit documentation, by DevDocs	eng		739328	57	2026-07-06	https://lb.download.kiwix.org/zim/devdocs/devdocs_en_lit_2026-07.zim	devdocs;lit;_ftindex:no;_pictures:yes;_videos:yes;_details:yes
devdocs_en_relay		Relay Docs	Relay documentation, by DevDocs	eng		381952	17	2026-02-03	https://lb.download.kiwix.org/zim/devdocs/devdocs_en_relay_2026-02.zim	devdocs;relay;_ftindex:no;_pictures:yes;_videos:yes;_details:yes
maps_en_gabon		Gabon	Full map, including roads and landmarks	eng		188662784	213	2026-06-04	https://lb.download.kiwix.org/zim/maps/maps_en_gabon_2026-06.zim	_sw:no;_ftindex:no;_pictures:yes;_videos:no;_details:yes
maps_en_greece		Greece	Full map, including roads and landmarks	eng		625314816	1809	2026-06-10	https://lb.download.kiwix.org/zim/maps/maps_en_greece_2026-06.zim	_sw:no;_ftindex:no;_pictures:yes;_videos:no;_details:yes
maps_en_norway		Norway	Full map, including roads and landmarks	eng		4207905792	9507	2026-06-12	https://lb.download.kiwix.org/zim/maps/maps_en_norway_2026-06.zim	_sw:no;_ftindex:no;_pictures:yes;_videos:no;_details:yes
devdocs_en_werkzeug		Werkzeug Docs	Werkzeug documentation, by DevDocs	eng		502784	37	2026-07-05	https://lb.download.kiwix.org/zim/devdocs/devdocs_en_werkzeug_2026-07.zim	devdocs;werkzeug;_ftindex:no;_pictures:yes;_videos:yes;_details:yes
devdocs_en_fish		Fish Docs	Fish documentation, by DevDocs	eng		594944	133	2026-07-03	https://lb.download.kiwix.org/zim/devdocs/devdocs_en_fish_2026-07.zim	devdocs;fish;_ftindex:no;_pictures:yes;_videos:yes;_details:yes
devdocs_en_phoenix		Phoenix Docs	Phoenix documentation, by DevDocs	eng		1188864	214	2026-07-06	https://lb.download.kiwix.org/zim/devdocs/devdocs_en_phoenix_2026-07.zim	devdocs;phoenix;_ftindex:no;_pictures:yes;_videos:yes;_details:yes
maps_en_bahamas		Bahamas	Full map, including roads and landmarks	eng		295122944	271	2026-06-09	https://lb.download.kiwix.org/zim/maps/maps_en_bahamas_2026-06.zim	_sw:no;_ftindex:no;_pictures:yes;_videos:no;_details:yes
devdocs_en_numpy		NumPy Docs	NumPy documentation, by DevDocs	eng		5249024	2227	2026-07-03	https://lb.download.kiwix.org/zim/devdocs/devdocs_en_numpy_2026-07.zim	devdocs;numpy;_ftindex:no;_pictures:yes;_videos:yes;_details:yes
maps_en_yemen		Yemen	Full map, including roads and landmarks	eng		243730432	2298	2026-06-07	https://lb.download.kiwix.org/zim/maps/maps_en_yemen_2026-06.zim	_sw:no;_ftindex:no;_pictures:yes;_videos:no;_details:yes
devdocs_en_kubernetes		Kubernetes Docs	Kubernetes documentation, by DevDocs	eng		584704	97	2026-07-03	https://lb.download.kiwix.org/zim/devdocs/devdocs_en_kubernetes_2026-07.zim	devdocs;kubernetes;_ftindex:no;_pictures:yes;_videos:yes;_details:yes
devdocs_en_async		Async Docs	Async documentation, by DevDocs	eng		347136	1	2026-05-20	https://lb.download.kiwix.org/zim/devdocs/devdocs_en_async_2026-05.zim	devdocs;async;_ftindex:no;_pictures:yes;_videos:yes;_details:yes
maps_en_samoa		Samoa	Full map, including roads and landmarks	eng		130639872	39	2026-06-08	https://lb.download.kiwix.org/zim/maps/maps_en_samoa_2026-06.zim	_sw:no;_ftindex:no;_pictures:yes;_videos:no;_details:yes
maps_en_cameroon		Cameroon	Full map, including roads and landmarks	eng		540824576	2000	2026-06-02	https://lb.download.kiwix.org/zim/maps/maps_en_cameroon_2026-06.zim	_sw:no;_ftindex:no;_pictures:yes;_videos:no;_details:yes
maps_en_zimbabwe		Zimbabwe	Full map, including roads and landmarks	eng		254323712	113	2026-06-05	https://lb.download.kiwix.org/zim/maps/maps_en_zimbabwe_2026-06.zim	_sw:no;_ftindex:no;_pictures:yes;_videos:no;_details:yes
maps_en_germany		Germany	Full map, including roads and landmarks	eng		3927005184	19893	2026-06-11	https://lb.download.kiwix.org/zim/maps/maps_en_germany_2026-06.zim	_sw:no;_ftindex:no;_pictures:yes;_videos:no;_details:yes
devdocs_en_yarn		Yarn Docs	Yarn documentation, by DevDocs	eng		608256	110	2026-07-05	https://lb.download.kiwix.org/zim/devdocs/devdocs_en_yarn_2026-07.zim	devdocs;yarn;_ftindex:no;_pictures:yes;_videos:yes;_details:yes
maps_en_eritrea		Eritrea	Full map, including roads and landmarks	eng		185351168	319	2026-06-04	https://lb.download.kiwix.org/zim/maps/maps_en_eritrea_2026-06.zim	_sw:no;_ftindex:no;_pictures:yes;_videos:no;_details:yes
devdocs_en_deno		Deno Docs	Deno documentation, by DevDocs	eng		2726912	2107	2026-05-28	https://lb.download.kiwix.org/zim/devdocs/devdocs_en_deno_2026-05.zim	devdocs;deno;_ftindex:no;_pictures:yes;_videos:yes;_details:yes
maps_en_egypt		Egypt	Full map, including roads and landmarks	eng		342865920	308	2026-06-04	https://lb.download.kiwix.org/zim/maps/maps_en_egypt_2026-06.zim	_sw:no;_ftindex:no;_pictures:yes;_videos:no;_details:yes
maps_en_guatemala		Guatemala	Full map, including roads and landmarks	eng		272619520	917	2026-06-09	https://lb.download.kiwix.org/zim/maps/maps_en_guatemala_2026-06.zim	_sw:no;_ftindex:no;_pictures:yes;_videos:no;_details:yes
devdocs_en_rxjs		RxJS Docs	RxJS documentation, by DevDocs	eng		1344512	148	2026-08-18	https://lb.download.kiwix.org/zim/devdocs/devdocs_en_rxjs_2026-08.zim	devdocs;rxjs;_ftindex:no;_pictures:yes;_videos:yes;_details:yes
devdocs_en_r		R Docs	R documentation, by DevDocs	eng		4952064	2589	2026-04-04	https://lb.download.kiwix.org/zim/devdocs/devdocs_en_r_2026-04.zim	devdocs;r;_ftindex:no;_pictures:yes;_videos:yes;_details:yes
maps_en_switzerland		Switzerland	Full map, including roads and landmarks	eng		684493824	4473	2026-06-12	https://lb.download.kiwix.org/zim/maps/maps_en_switzerland_2026-06.zim	_sw:no;_ftindex:no;_pictures:yes;_videos:no;_details:yes
maps_en_africa		Africa	Full map, including roads and landmarks	eng		8108076032	59760	2026-08-21	https://lb.download.kiwix.org/zim/maps/maps_en_africa_2026-08.zim	_sw:no;_ftindex:no;_pictures:yes;_videos:no;_details:yes
maps_en_hungary		Hungary	Full map, including roads and landmarks	eng		605228032	2307	2026-06-11	https://lb.download.kiwix.org/zim/maps/maps_en_hungary_2026-06.zim	_sw:no;_ftindex:no;_pictures:yes;_videos:no;_details:yes
maps_en_poland		Poland	Full map, including roads and landmarks	eng		2285715456	9775	2026-06-11	https://lb.download.kiwix.org/zim/maps/maps_en_poland_2026-06.zim	_sw:no;_ftindex:no;_pictures:yes;_videos:no;_details:yes
devdocs_en_symfony		Symfony Docs	Symfony documentation, by DevDocs	eng		3045376	2532	2026-07-03	https://lb.download.kiwix.org/zim/devdocs/devdocs_en_symfony_2026-07.zim	devdocs;symfony;_ftindex:no;_pictures:yes;_videos:yes;_details:yes
devdocs_en_jquery		jQuery Docs	jQuery documentation, by DevDocs	eng		1160192	419	2026-07-03	https://lb.download.kiwix.org/zim/devdocs/devdocs_en_jquery_2026-07.zim	devdocs;jquery;_ftindex:no;_pictures:yes;_videos:yes;_details:yes
devdocs_en_leaflet		Leaflet Docs	Leaflet documentation, by DevDocs	eng		413696	1	2026-05-04	https://lb.download.kiwix.org/zim/devdocs/devdocs_en_leaflet_2026-05.zim	devdocs;leaflet;_ftindex:no;_pictures:yes;_videos:yes;_details:yes
maps_en_belarus		Belarus	Full map, including roads and landmarks	eng		793167872	885	2026-06-10	https://lb.download.kiwix.org/zim/maps/maps_en_belarus_2026-06.zim	_sw:no;_ftindex:no;_pictures:yes;_videos:no;_details:yes
devdocs_en_fastapi		FastAPI Docs	FastAPI documentation, by DevDocs	eng		2438144	91	2026-04-04	https://lb.download.kiwix.org/zim/devdocs/devdocs_en_fastapi_2026-04.zim	devdocs;fastapi;_ftindex:no;_pictures:yes;_videos:yes;_details:yes
devdocs_en_d		D Docs	D documentation, by DevDocs	eng		1808384	260	2026-07-03	https://lb.download.kiwix.org/zim/devdocs/devdocs_en_d_2026-07.zim	devdocs;d;_ftindex:no;_pictures:yes;_videos:yes;_details:yes
devdocs_en_codeigniter		CodeIgniter Docs	CodeIgniter documentation, by DevDocs	eng		891904	131	2026-04-04	https://lb.download.kiwix.org/zim/devdocs/devdocs_en_codeigniter_2026-04.zim	devdocs;codeigniter;_ftindex:no;_pictures:yes;_videos:yes;_details:yes
devdocs_en_pytorch		PyTorch Docs	PyTorch documentation, by DevDocs	eng		6397952	2445	2026-07-03	https://lb.download.kiwix.org/zim/devdocs/devdocs_en_pytorch_2026-07.zim	devdocs;pytorch;_ftindex:no;_pictures:yes;_videos:yes;_details:yes
devdocs_en_elisp		Elisp Docs	Elisp documentation, by DevDocs	eng		2003968	949	2026-04-04	https://lb.download.kiwix.org/zim/devdocs/devdocs_en_elisp_2026-04.zim	devdocs;elisp;_ftindex:no;_pictures:yes;_videos:yes;_details:yes
devdocs_en_clojure		Clojure Docs	Clojure documentation, by DevDocs	eng		436224	24	2026-08-02	https://lb.download.kiwix.org/zim/devdocs/devdocs_en_clojure_2026-08.zim	devdocs;clojure;_ftindex:no;_pictures:yes;_videos:yes;_details:yes
devdocs_en_bazel		Bazel Docs	Bazel documentation, by DevDocs	eng		443392	15	2026-07-03	https://lb.download.kiwix.org/zim/devdocs/devdocs_en_bazel_2026-07.zim	devdocs;bazel;_ftindex:no;_pictures:yes;_videos:yes;_details:yes
peps.python_en_all		Python PEPs	All Python Enhancement Proposals (PEPs)	eng	other	9095168	754	2026-08-13	https://lb.download.kiwix.org/zim/zimit/peps.python_en_all_2026-08.zim	_category:other;_ftindex:yes;_pictures:yes;_videos:yes;_details:yes
maps_en_tanzania		Tanzania	Full map, including roads and landmarks	eng		603450368	10124	2026-06-05	https://lb.download.kiwix.org/zim/maps/maps_en_tanzania_2026-06.zim	_sw:no;_ftindex:no;_pictures:yes;_videos:no;_details:yes
maps_en_pakistan		Pakistan	Full map, including roads and landmarks	eng		662756352	1866	2026-06-07	https://lb.download.kiwix.org/zim/maps/maps_en_pakistan_2026-06.zim	_sw:no;_ftindex:no;_pictures:yes;_videos:no;_details:yes
devdocs_en_opentsdb		OpenTSDB Docs	OpenTSDB documentation, by DevDocs	eng		581632	94	2026-07-03	https://lb.download.kiwix.org/zim/devdocs/devdocs_en_opentsdb_2026-07.zim	devdocs;opentsdb;_ftindex:no;_pictures:yes;_videos:yes;_details:yes
maps_en_all		World	Full map, including roads and landmarks	eng		77731457024	441176	2026-06-02	https://lb.download.kiwix.org/zim/maps/maps_en_all_2026-06.zim	_sw:no;_ftindex:no;_pictures:yes;_videos:no;_details:yes
devdocs_en_tcllib		Tcllib Docs	Tcllib documentation, by DevDocs	eng		1682432	442	2026-07-06	https://lb.download.kiwix.org/zim/devdocs/devdocs_en_tcllib_2026-07.zim	devdocs;tcllib;_ftindex:no;_pictures:yes;_videos:yes;_details:yes
maps_en_uruguay		Uruguay	Full map, including roads and landmarks	eng		218361856	266	2026-06-12	https://lb.download.kiwix.org/zim/maps/maps_en_uruguay_2026-06.zim	_sw:no;_ftindex:no;_pictures:yes;_videos:no;_details:yes
maps_en_china		China	Full map, including roads and landmarks	eng		6590802944	64645	2026-06-06	https://lb.download.kiwix.org/zim/maps/maps_en_china_2026-06.zim	_sw:no;_ftindex:no;_pictures:yes;_videos:no;_details:yes
devdocs_en_meteor		Meteor Docs	Meteor documentation, by DevDocs	eng		1389568	72	2026-04-04	https://lb.download.kiwix.org/zim/devdocs/devdocs_en_meteor_2026-04.zim	devdocs;meteor;_ftindex:no;_pictures:yes;_videos:yes;_details:yes
maps_en_asia		Asia	Full map, including roads and landmarks	eng		21075888128	194923	2026-08-20	https://lb.download.kiwix.org/zim/maps/maps_en_asia_2026-08.zim	_sw:no;_ftindex:no;_pictures:yes;_videos:no;_details:yes
devdocs_en_yii		Yii Docs	Yii documentation, by DevDocs	eng		2123776	661	2026-07-03	https://lb.download.kiwix.org/zim/devdocs/devdocs_en_yii_2026-07.zim	devdocs;yii;_ftindex:no;_pictures:yes;_videos:yes;_details:yes
devdocs_en_varnish		Varnish Docs	Varnish documentation, by DevDocs	eng		651264	95	2026-07-03	https://lb.download.kiwix.org/zim/devdocs/devdocs_en_varnish_2026-07.zim	devdocs;varnish;_ftindex:no;_pictures:yes;_videos:yes;_details:yes
maps_en_argentina		Argentina	Full map, including roads and landmarks	eng		1119234048	10187	2026-06-13	https://lb.download.kiwix.org/zim/maps/maps_en_argentina_2026-06.zim	_sw:no;_ftindex:no;_pictures:yes;_videos:no;_details:yes
devdocs_en_reactivex		ReactiveX Docs	ReactiveX documentation, by DevDocs	eng		490496	78	2026-07-03	https://lb.download.kiwix.org/zim/devdocs/devdocs_en_reactivex_2026-07.zim	devdocs;reactivex;_ftindex:no;_pictures:yes;_videos:yes;_details:yes
maps_en_andorra		Andorra	Full map, including roads and landmarks	eng		130671616	11	2026-06-09	https://lb.download.kiwix.org/zim/maps/maps_en_andorra_2026-06.zim	_sw:no;_ftindex:no;_pictures:yes;_videos:no;_details:yes
devdocs_en_perl		Perl Docs	Perl documentation, by DevDocs	eng		5342208	859	2026-07-03	https://lb.download.kiwix.org/zim/devdocs/devdocs_en_perl_2026-07.zim	devdocs;perl;_ftindex:no;_pictures:yes;_videos:yes;_details:yes
devdocs_en_html		HTML Docs	HTML documentation, by DevDocs	eng		1721344	252	2026-07-03	https://lb.download.kiwix.org/zim/devdocs/devdocs_en_html_2026-07.zim	devdocs;html;_ftindex:no;_pictures:yes;_videos:yes;_details:yes
maps_en_tunisia		Tunisia	Full map, including roads and landmarks	eng		200169472	2704	2026-06-05	https://lb.download.kiwix.org/zim/maps/maps_en_tunisia_2026-06.zim	_sw:no;_ftindex:no;_pictures:yes;_videos:no;_details:yes
maps_en_seychelles		Seychelles	Full map, including roads and landmarks	eng		144556032	161	2026-06-05	https://lb.download.kiwix.org/zim/maps/maps_en_seychelles_2026-06.zim	_sw:no;_ftindex:no;_pictures:yes;_videos:no;_details:yes
the_infosphere_en_all	maxi	The Infosphere	The Futurama memory bank	eng		35144704	3575	2022-01-26	https://lb.download.kiwix.org/zim/other/the_infosphere_en_all_maxi_2022-01.zim	theinfosphere;_pictures:yes;_videos:no;_details:yes;_ftindex:yes
devdocs_en_drupal		Drupal Docs	Drupal documentation, by DevDocs	eng		12801024	11739	2026-07-06	https://lb.download.kiwix.org/zim/devdocs/devdocs_en_drupal_2026-07.zim	devdocs;drupal;_ftindex:no;_pictures:yes;_videos:yes;_details:yes
devdocs_en_bottle		Bottle Docs	Bottle documentation, by DevDocs	eng		421888	13	2026-07-03	https://lb.download.kiwix.org/zim/devdocs/devdocs_en_bottle_2026-07.zim	devdocs;bottle;_ftindex:no;_pictures:yes;_videos:yes;_details:yes
devdocs_en_cakephp		CakePHP Docs	CakePHP documentation, by DevDocs	eng		2119680	747	2026-05-20	https://lb.download.kiwix.org/zim/devdocs/devdocs_en_cakephp_2026-05.zim	devdocs;cakephp;_ftindex:no;_pictures:yes;_videos:yes;_details:yes
devdocs_en_joi		Joi Docs	Joi documentation, by DevDocs	eng		375808	1	2026-04-04	https://lb.download.kiwix.org/zim/devdocs/devdocs_en_joi_2026-04.zim	devdocs;joi;_ftindex:no;_pictures:yes;_videos:yes;_details:yes
devdocs_en_flask		Flask Docs	Flask documentation, by DevDocs	eng		617472	59	2026-07-03	https://lb.download.kiwix.org/zim/devdocs/devdocs_en_flask_2026-07.zim	devdocs;flask;_ftindex:no;_pictures:yes;_videos:yes;_details:yes
devdocs_en_kubectl		Kubectl Docs	Kubectl documentation, by DevDocs	eng		366592	1	2026-07-05	https://lb.download.kiwix.org/zim/devdocs/devdocs_en_kubectl_2026-07.zim	devdocs;kubectl;_ftindex:no;_pictures:yes;_videos:yes;_details:yes
maps_en_greenland		Greenland	Full map, including roads and landmarks	eng		1624942592	98	2026-06-12	https://lb.download.kiwix.org/zim/maps/maps_en_greenland_2026-06.zim	_sw:no;_ftindex:no;_pictures:yes;_videos:no;_details:yes
maps_en_peru		Peru	Full map, including roads and landmarks	eng		543199232	3560	2026-06-12	https://lb.download.kiwix.org/zim/maps/maps_en_peru_2026-06.zim	_sw:no;_ftindex:no;_pictures:yes;_videos:no;_details:yes
devdocs_en_jasmine		Jasmine Docs	Jasmine documentation, by DevDocs	eng		352256	18	2026-07-03	https://lb.download.kiwix.org/zim/devdocs/devdocs_en_jasmine_2026-07.zim	devdocs;jasmine;_ftindex:no;_pictures:yes;_videos:yes;_details:yes
maps_en_chad		Chad	Full map, including roads and landmarks	eng		322679808	314	2026-06-03	https://lb.download.kiwix.org/zim/maps/maps_en_chad_2026-06.zim	_sw:no;_ftindex:no;_pictures:yes;_videos:no;_details:yes
devdocs_en_love		LÖVE Docs	LÖVE documentation, by DevDocs	eng		1552384	1382	2026-07-03	https://lb.download.kiwix.org/zim/devdocs/devdocs_en_love_2026-07.zim	devdocs;love;_ftindex:no;_pictures:yes;_videos:yes;_details:yes
devdocs_en_markdown		Markdown Docs	Markdown documentation, by DevDocs	eng		333824	1	2026-07-05	https://lb.download.kiwix.org/zim/devdocs/devdocs_en_markdown_2026-07.zim	devdocs;markdown;_ftindex:no;_pictures:yes;_videos:yes;_details:yes
devdocs_en_tensorflow		TensorFlow Docs	TensorFlow documentation, by DevDocs	eng		6260736	4799	2026-08-18	https://lb.download.kiwix.org/zim/devdocs/devdocs_en_tensorflow_2026-08.zim	devdocs;tensorflow;_ftindex:no;_pictures:yes;_videos:yes;_details:yes
devdocs_en_hammerspoon		Hammerspoon Docs	Hammerspoon documentation, by DevDocs	eng		893952	141	2026-07-06	https://lb.download.kiwix.org/zim/devdocs/devdocs_en_hammerspoon_2026-07.zim	devdocs;hammerspoon;_ftindex:no;_pictures:yes;_videos:yes;_details:yes
maps_en_micronesia		Micronesia	Full map, including roads and landmarks	eng		188481536	279	2026-06-08	https://lb.download.kiwix.org/zim/maps/maps_en_micronesia_2026-06.zim	_sw:no;_ftindex:no;_pictures:yes;_videos:no;_details:yes
maps_en_nigeria		Nigeria	Full map, including roads and landmarks	eng		783373312	4480	2026-06-04	https://lb.download.kiwix.org/zim/maps/maps_en_nigeria_2026-06.zim	_sw:no;_ftindex:no;_pictures:yes;_videos:no;_details:yes
devdocs_en_liquid		Liquid Docs	Liquid documentation, by DevDocs	eng		351232	60	2026-07-06	https://lb.download.kiwix.org/zim/devdocs/devdocs_en_liquid_2026-07.zim	devdocs;liquid;_ftindex:no;_pictures:yes;_videos:yes;_details:yes
maps_en_suriname		Suriname	Full map, including roads and landmarks	eng		156112896	91	2026-06-13	https://lb.download.kiwix.org/zim/maps/maps_en_suriname_2026-06.zim	_sw:no;_ftindex:no;_pictures:yes;_videos:no;_details:yes
devdocs_en_terraform		Terraform Docs	Terraform documentation, by DevDocs	eng		3164160	1866	2026-04-04	https://lb.download.kiwix.org/zim/devdocs/devdocs_en_terraform_2026-04.zim	devdocs;terraform;_ftindex:no;_pictures:yes;_videos:yes;_details:yes
devdocs_en_mocha		Mocha Docs	Mocha documentation, by DevDocs	eng		662528	1	2026-04-04	https://lb.download.kiwix.org/zim/devdocs/devdocs_en_mocha_2026-04.zim	devdocs;mocha;_ftindex:no;_pictures:yes;_videos:yes;_details:yes
maps_en_nauru		Nauru	Full map, including roads and landmarks	eng		130466816	16	2026-06-08	https://lb.download.kiwix.org/zim/maps/maps_en_nauru_2026-06.zim	_sw:no;_ftindex:no;_pictures:yes;_videos:no;_details:yes
maps_en_laos		Laos	Full map, including roads and landmarks	eng		438658048	11353	2026-06-07	https://lb.download.kiwix.org/zim/maps/maps_en_laos_2026-06.zim	_sw:no;_ftindex:no;_pictures:yes;_videos:no;_details:yes
devdocs_en_graphviz		Graphviz Docs	Graphviz documentation, by DevDocs	eng		917504	301	2026-07-06	https://lb.download.kiwix.org/zim/devdocs/devdocs_en_graphviz_2026-07.zim	devdocs;graphviz;_ftindex:no;_pictures:yes;_videos:yes;_details:yes
devdocs_en_graphite		Graphite Docs	Graphite documentation, by DevDocs	eng		486400	28	2026-07-03	https://lb.download.kiwix.org/zim/devdocs/devdocs_en_graphite_2026-07.zim	devdocs;graphite;_ftindex:no;_pictures:yes;_videos:yes;_details:yes
maps_en_ethiopia		Ethiopia	Full map, including roads and landmarks	eng		412549120	1797	2026-06-04	https://lb.download.kiwix.org/zim/maps/maps_en_ethiopia_2026-06.zim	_sw:no;_ftindex:no;_pictures:yes;_videos:no;_details:yes
maps_en_albania		Albania	Full map, including roads and landmarks	eng		209857536	526	2026-06-09	https://lb.download.kiwix.org/zim/maps/maps_en_albania_2026-06.zim	_sw:no;_ftindex:no;_pictures:yes;_videos:no;_details:yes
devdocs_en_nushell		Nushell Docs	Nushell documentation, by DevDocs	eng		866304	691	2026-08-18	https://lb.download.kiwix.org/zim/devdocs/devdocs_en_nushell_2026-08.zim	devdocs;nushell;_ftindex:no;_pictures:yes;_videos:yes;_details:yes
maps_en_romania		Romania	Full map, including roads and landmarks	eng		771661824	4135	2026-06-11	https://lb.download.kiwix.org/zim/maps/maps_en_romania_2026-06.zim	_sw:no;_ftindex:no;_pictures:yes;_videos:no;_details:yes
maps_en_nicaragua		Nicaragua	Full map, including roads and landmarks	eng		217767936	368	2026-06-09	https://lb.download.kiwix.org/zim/maps/maps_en_nicaragua_2026-06.zim	_sw:no;_ftindex:no;_pictures:yes;_videos:no;_details:yes
maps_en_tuvalu		Tuvalu	Full map, including roads and landmarks	eng		138731520	21	2026-06-09	https://lb.download.kiwix.org/zim/maps/maps_en_tuvalu_2026-06.zim	_sw:no;_ftindex:no;_pictures:yes;_videos:no;_details:yes
maps_en_angola		Angola	Full map, including roads and landmarks	eng		308886528	402	2026-06-03	https://lb.download.kiwix.org/zim/maps/maps_en_angola_2026-06.zim	_sw:no;_ftindex:no;_pictures:yes;_videos:no;_details:yes
devdocs_en_latex		LaTeX Docs	LaTeX documentation, by DevDocs	eng		784384	319	2026-08-20	https://lb.download.kiwix.org/zim/devdocs/devdocs_en_latex_2026-08.zim	devdocs;latex;_ftindex:no;_pictures:yes;_videos:yes;_details:yes
maps_en_sudan		Sudan	Full map, including roads and landmarks	eng		406980608	309	2026-06-05	https://lb.download.kiwix.org/zim/maps/maps_en_sudan_2026-06.zim	_sw:no;_ftindex:no;_pictures:yes;_videos:no;_details:yes
maps_en_algeria		Algeria	Full map, including roads and landmarks	eng		692870144	8003	2026-06-03	https://lb.download.kiwix.org/zim/maps/maps_en_algeria_2026-06.zim	_sw:no;_ftindex:no;_pictures:yes;_videos:no;_details:yes
ted_mul_performance		TED performance	A collection of TED videos about performance	eng,spa,fra,ara,zho,por,ita,vie,kor,tur,rus,jpn	ted	4676468736	335	2026-09-09	https://lb.download.kiwix.org/zim/ted/ted_mul_performance_2026-09.zim	_category:ted;ted;_videos:yes;_ftindex:yes;_pictures:yes;_details:yes
ted_mul_finance		TED finance	A collection of TED videos about finance	eng,spa,ara,zho,fra,vie,ita,kor,por,tur,rus,heb	ted	1589487616	134	2026-09-13	https://lb.download.kiwix.org/zim/ted/ted_mul_finance_2026-09.zim	_category:ted;ted;_videos:yes;_ftindex:yes;_pictures:yes;_details:yes
ted_mul_family		TED family	A collection of TED videos about family	eng,spa,ara,zho,vie,fra,ita,por,kor,tur,rus,jpn	ted	2956476416	184	2026-09-15	https://lb.download.kiwix.org/zim/ted/ted_mul_family_2026-09.zim	_category:ted;ted;_videos:yes;_ftindex:yes;_pictures:yes;_details:yes
ted_mul_farming		TED farming	A collection of TED videos about farming	eng,fra,ara,spa,zho,vie,ita,kor,por,tur,heb,rus	ted	828163072	79	2026-09-16	https://lb.download.kiwix.org/zim/ted/ted_mul_farming_2026-09.zim	_category:ted;ted;_videos:yes;_ftindex:yes;_pictures:yes;_details:yes
ted_mul_trust		TED trust	A collection of TED videos about trust	eng,spa,ara,zho,vie,fra,ita,por,kor,tur,heb,hun	ted	621984768	41	2026-09-16	https://lb.download.kiwix.org/zim/ted/ted_mul_trust_2026-09.zim	_category:ted;ted;_videos:yes;_ftindex:yes;_pictures:yes;_details:yes
ted_mul_nasa		TED NASA	A collection of TED videos about NASA	eng,ara,spa,ita,zho,fra,kor,rus,por,vie,jpn,tur	ted	146726912	14	2026-09-16	https://lb.download.kiwix.org/zim/ted/ted_mul_nasa_2026-09.zim	_category:ted;ted;_videos:yes;_ftindex:yes;_pictures:yes;_details:yes
devdocs_en_openlayers		OpenLayers Docs	OpenLayers documentation, by DevDocs	eng		869376	381	2026-09-25	https://lb.download.kiwix.org/zim/devdocs/devdocs_en_openlayers_2026-09.zim	devdocs;openlayers;_ftindex:no;_pictures:yes;_videos:yes;_details:yes
es.stackoverflow.com_mul_all		Stack Overflow en español	Preguntas y respuestas para programadores y profesionales de la informática	eng,spa	stack_exchange	1430258688	284571	2026-02-02	https://lb.download.kiwix.org/zim/stack_exchange/es.stackoverflow.com_mul_all_2026-02.zim	stack_exchange;_details:no;_videos:no;_category:stack_exchange;_ftindex:no;_pictures:yes
esperanto.stackexchange.com_mul_all		Esperanto Language Q&A	Stack Exchange Q&A for teachers and students of the Esperanto language	eng,epo	stack_exchange	9894912	2324	2026-08-01	https://lb.download.kiwix.org/zim/stack_exchange/esperanto.stackexchange.com_mul_all_2026-08.zim	_details:no;_category:stack_exchange;_videos:no;stack_exchange;_ftindex:yes;_pictures:yes
ted_mul_blockchain		TED blockchain	A collection of TED videos about blockchain	eng,ara,spa,fra,kor,zho,ita,vie,jpn,por,tur,fas,rus	ted	173374464	17	2026-09-09	https://lb.download.kiwix.org/zim/ted/ted_mul_blockchain_2026-09.zim	_category:ted;ted;_videos:yes;_ftindex:yes;_pictures:yes;_details:yes
ted_mul_dance		TED dance	A collection of TED videos about dance	eng,fra,ara,spa,zho,por,vie,ita,kor,tur,rus,jpn,heb	ted	832817152	64	2026-09-11	https://lb.download.kiwix.org/zim/ted/ted_mul_dance_2026-09.zim	_category:ted;ted;_videos:yes;_ftindex:yes;_pictures:yes;_details:yes
ted_mul_environment		TED environment	A collection of TED videos about environment	eng,spa,ara,zho,vie,fra,ita,por,kor,tur,rus,heb,jpn	ted	6244186112	511	2026-09-12	https://lb.download.kiwix.org/zim/ted/ted_mul_environment_2026-09.zim	_category:ted;ted;_videos:yes;_ftindex:yes;_pictures:yes;_details:yes
ted_mul_microbes		TED microbes	A collection of TED videos about microbes	eng,ara,spa,fra,kor,vie,ind,ita,por,zho,rus,tur,mya	ted	76422144	10	2026-09-14	https://lb.download.kiwix.org/zim/ted/ted_mul_microbes_2026-09.zim	_category:ted;ted;_videos:yes;_ftindex:yes;_pictures:yes;_details:yes
ted_mul_sustainability		TED sustainability	A collection of TED videos about sustainability	eng,spa,ara,zho,fra,ita,vie,kor,por,tur,rus,heb,jpn	ted	5875748864	423	2026-09-14	https://lb.download.kiwix.org/zim/ted/ted_mul_sustainability_2026-09.zim	_category:ted;ted;_videos:yes;_ftindex:yes;_pictures:yes;_details:yes
ted_mul_relationships		TED relationships	A collection of TED videos about relationships	eng,spa,ara,fra,zho,vie,ita,tur,kor,por,heb,rus,ron	ted	2785191936	211	2026-09-15	https://lb.download.kiwix.org/zim/ted/ted_mul_relationships_2026-09.zim	_category:ted;ted;_videos:yes;_ftindex:yes;_pictures:yes;_details:yes
ted_mul_policy		TED policy	A collection of TED videos about policy	eng,spa,ara,zho,fra,vie,ita,por,kor,tur,rus,jpn,heb	ted	2825067520	154	2026-09-15	https://lb.download.kiwix.org/zim/ted/ted_mul_policy_2026-09.zim	_category:ted;ted;_videos:yes;_ftindex:yes;_pictures:yes;_details:yes
ted_mul_race		TED race	A collection of TED videos about race	eng,spa,ara,zho,fra,por,ita,kor,tur,vie,rus,jpn,heb	ted	2026716160	171	2026-09-15	https://lb.download.kiwix.org/zim/ted/ted_mul_race_2026-09.zim	_category:ted;ted;_videos:yes;_ftindex:yes;_pictures:yes;_details:yes
ted_mul_money		TED money	A collection of TED videos about money	eng,spa,ara,zho,vie,fra,ita,kor,tur,por,heb,rus,ind	ted	1648011264	148	2026-09-15	https://lb.download.kiwix.org/zim/ted/ted_mul_money_2026-09.zim	_category:ted;ted;_videos:yes;_ftindex:yes;_pictures:yes;_details:yes
ted_mul_interview		TED interview	A collection of TED videos about interview	eng,ara,spa,heb,vie,zho,fra,por,ita,jpn,kor,rus,tur	ted	515836928	27	2026-09-16	https://lb.download.kiwix.org/zim/ted/ted_mul_interview_2026-09.zim	_category:ted;ted;_videos:yes;_ftindex:yes;_pictures:yes;_details:yes
ted_mul_immigration		TED immigration	A collection of TED videos about immigration	eng,spa,ara,zho,fra,por,kor,ita,tur,vie,rus,fas,hun	ted	782444544	60	2026-09-16	https://lb.download.kiwix.org/zim/ted/ted_mul_immigration_2026-09.zim	_category:ted;ted;_videos:yes;_ftindex:yes;_pictures:yes;_details:yes
gutenberg_en_lcc-b		Project Gutenberg Library	Philosophy, psychology, religion	eng	gutenberg	6365165568	6180	2026-03-05	https://lb.download.kiwix.org/zim/gutenberg/gutenberg_en_lcc-b_2026-03.zim	_category:gutenberg;gutenberg;_ftindex:no;_pictures:yes;_videos:yes;_details:yes
wikibooks_en_all	maxi	Wikibooks	The open-content textbooks collection	eng	wikibooks	6177865728	118571	2026-04-27	https://lb.download.kiwix.org/zim/wikibooks/wikibooks_en_all_maxi_2026-04.zim	wikibooks;_category:wikibooks;_pictures:yes;_videos:no;_details:yes;_ftindex:yes
wikibooks_en_all	nopic	Wikibooks	The open-content textbooks collection	eng	wikibooks	3507894272	118571	2026-04-27	https://lb.download.kiwix.org/zim/wikibooks/wikibooks_en_all_nopic_2026-04.zim	wikibooks;_category:wikibooks;_pictures:no;_videos:no;_details:yes;_ftindex:yes
gutenberg_en_lcc-pf		Project Gutenberg Library	West Germanic languages	eng	gutenberg	13156352	30	2026-03-05	https://lb.download.kiwix.org/zim/gutenberg/gutenberg_en_lcc-pf_2026-03.zim	_category:gutenberg;gutenberg;_ftindex:no;_pictures:yes;_videos:yes;_details:yes
wikipedia_en_100		Wikipedia 100	Top one hundred Wikipedia articles	eng	wikipedia	333430784	5056	2026-08-20	https://lb.download.kiwix.org/zim/wikipedia/wikipedia_en_100_2026-08.zim	wikipedia;_category:wikipedia;_details:yes;_ftindex:yes;_pictures:yes;_videos:yes
phzh_core-italian-one_it		Core Italian 1	Scopri le tue competenze	eng	mooc	82543616	156	2022-01-10	https://lb.download.kiwix.org/zim/mooc/phzh_core-italian-one_it_2022-01.zim	_category:mooc;openedx;_ftindex:no;_pictures:yes;_videos:yes;_details:yes
gutenberg_en_lcc-g		Project Gutenberg Library	Geography, anthropology, recreation	eng	gutenberg	8095142912	2009	2026-03-05	https://lb.download.kiwix.org/zim/gutenberg/gutenberg_en_lcc-g_2026-03.zim	_category:gutenberg;gutenberg;_ftindex:no;_pictures:yes;_videos:yes;_details:yes
mutopiaproject.org_en_all		Mutopia Project	2124 pieces of free classic music	eng	other	6632476672	36796	2026-08-04	https://lb.download.kiwix.org/zim/zimit/mutopiaproject.org_en_all_2026-08.zim	_ftindex:yes;_category:other;_pictures:yes;_videos:yes;_details:yes
gutenberg_en_lcc-p		Project Gutenberg Library	Language and literature	eng	gutenberg	38550528	39	2026-03-05	https://lb.download.kiwix.org/zim/gutenberg/gutenberg_en_lcc-p_2026-03.zim	_category:gutenberg;gutenberg;_ftindex:no;_pictures:yes;_videos:yes;_details:yes
quickguidesformedicine_en_all		Surviving Residency	Quick guides for medicine.	eng		527712256	70	2026-06-29	https://lb.download.kiwix.org/zim/videos/quickguidesformedicine_en_all_2026-06.zim	youtube;_videos:yes;_ftindex:no;_pictures:yes;_details:yes
librepathology_en_all	maxi	Libre Pathology	A pathology knowledge base	eng		95280128	7193	2026-09-01	https://lb.download.kiwix.org/zim/other/librepathology_en_all_maxi_2026-09.zim	medical;librepathology;_pictures:yes;_videos:no;_details:yes;_ftindex:yes
gardenology_en_all		Gardenology	A complete plant and garden encyclopedia	eng		112499712	44083	2026-09-09	https://lb.download.kiwix.org/zim/other/gardenology.org_en_all_2026-09.zim	gardenology;_details:yes;_ftindex:yes;_pictures:yes;_videos:yes
planetmath.org_en_all		Planet Math	Make mathematical knowledge more accessible	eng	other	21542912	9045	2026-08-24	https://lb.download.kiwix.org/zim/zimit/planetmath.org_en_all_2026-08.zim	_ftindex:yes;mathematics;_category:other;_pictures:yes;_videos:yes;_details:yes
ted_mul_community		TED community	A collection of TED videos about community	eng,spa,ara,zho,fra,ita,vie,por,kor,tur,rus,jpn,fas,heb	ted	5756538880	456	2026-09-11	https://lb.download.kiwix.org/zim/ted/ted_mul_community_2026-09.zim	_category:ted;ted;_videos:yes;_ftindex:yes;_pictures:yes;_details:yes
ted_mul_democracy		TED democracy	A collection of TED videos about democracy	eng,spa,ara,zho,fra,ita,kor,por,vie,tur,heb,rus,jpn,hun	ted	2332592128	170	2026-09-12	https://lb.download.kiwix.org/zim/ted/ted_mul_democracy_2026-09.zim	_category:ted;ted;_videos:yes;_ftindex:yes;_pictures:yes;_details:yes
ted_mul_energy		TED energy	A collection of TED videos about energy	eng,ara,spa,zho,fra,vie,ita,kor,por,tur,rus,heb,jpn,ind	ted	1918715904	165	2026-09-12	https://lb.download.kiwix.org/zim/ted/ted_mul_energy_2026-09.zim	_category:ted;ted;_videos:yes;_ftindex:yes;_pictures:yes;_details:yes
ted_mul_business		TED business	A collection of TED videos about business	eng,spa,ara,zho,fra,vie,ita,por,kor,tur,rus,heb,jpn,ron	ted	10084611072	730	2026-09-14	https://lb.download.kiwix.org/zim/ted/ted_mul_business_2026-09.zim	_category:ted;ted;_videos:yes;_ftindex:yes;_pictures:yes;_details:yes
privacydefence.org_en_opsecbible		The OpSec Bible	Privacy, Anonymity and Deniability	eng	other	173583360	469	2026-09-14	https://lb.download.kiwix.org/zim/zimit/privacydefence.org_en_opsecbible_2026-09.zim	preppers;_ftindex:yes;_category:other;_pictures:yes;_videos:yes;_details:yes
ted_mul_refugees		TED refugees	A collection of TED videos about refugees	eng,ita,ara,spa,zho,fra,por,kor,tur,fas,vie,rus,jpn,hun	ted	709159936	57	2026-09-15	https://lb.download.kiwix.org/zim/ted/ted_mul_refugees_2026-09.zim	_category:ted;ted;_videos:yes;_ftindex:yes;_pictures:yes;_details:yes
ted_mul_sports		TED sports	A collection of TED videos about sports	eng,spa,fra,ara,zho,ita,por,vie,kor,rus,tur,heb,jpn,ron	ted	1464297472	99	2026-09-15	https://lb.download.kiwix.org/zim/ted/ted_mul_sports_2026-09.zim	_category:ted;ted;_videos:yes;_ftindex:yes;_pictures:yes;_details:yes
ted_mul_human-rights		TED human rights	A collection of TED videos about human rights	eng,ara,spa,zho,fra,ita,por,vie,kor,tur	ted	585523200	50	2026-09-16	https://lb.download.kiwix.org/zim/ted/ted_mul_human-rights_2026-09.zim	_category:ted;ted;_videos:yes;_ftindex:yes;_pictures:yes;_details:yes
ted_mul_international-relations		TED international relations	A collection of TED videos about international relations	eng,spa,ara,ita,heb,vie,zho,fra,por,kor	ted	646843392	26	2026-09-16	https://lb.download.kiwix.org/zim/ted/ted_mul_international-relations_2026-09.zim	_category:ted;ted;_videos:yes;_ftindex:yes;_pictures:yes;_details:yes
ted_mul_resources		TED resources	A collection of TED videos about resources	eng,ara,spa,fra,zho,vie,ita,kor,tur,por,ind,rus,jpn,fas	ted	305608704	34	2026-09-16	https://lb.download.kiwix.org/zim/ted/ted_mul_resources_2026-09.zim	_category:ted;ted;_videos:yes;_ftindex:yes;_pictures:yes;_details:yes
ted_mul_homelessness		TED homelessness	A collection of TED videos about homelessness	eng,ara,spa,fra,ita,jpn,kor,por,rus,tur,zho,srp,vie,fas	ted	83745792	9	2026-09-16	https://lb.download.kiwix.org/zim/ted/ted_mul_homelessness_2026-09.zim	_category:ted;ted;_videos:yes;_ftindex:yes;_pictures:yes;_details:yes
portuguese.stackexchange.com_mul_all		Portuguese Language Q&A	Stack Exchange Q&A for people discussing the finer points of Portuguese language	eng,por	stack_exchange	21032960	4487	2026-08-04	https://lb.download.kiwix.org/zim/stack_exchange/portuguese.stackexchange.com_mul_all_2026-08.zim	_videos:no;_category:stack_exchange;_details:no;stack_exchange;_ftindex:yes;_pictures:yes
japanese.stackexchange.com_mul_all		Japanese Language Q&A	Stack Exchange Q&A for people discussing the finer points of Japanese language	eng,jpn	stack_exchange	179747840	42341	2026-08-03	https://lb.download.kiwix.org/zim/stack_exchange/japanese.stackexchange.com_mul_all_2026-08.zim	_videos:no;_details:no;stack_exchange;_category:stack_exchange;_ftindex:yes;_pictures:yes
korean.stackexchange.com_mul_all		Korean Language Q&A	Stack Exchange Q&A for linguists, teachers and students of the Korean language	eng,kor	stack_exchange	16442368	3305	2026-08-04	https://lb.download.kiwix.org/zim/stack_exchange/korean.stackexchange.com_mul_all_2026-08.zim	stack_exchange;_details:no;_videos:no;_category:stack_exchange;_ftindex:yes;_pictures:yes
italian.stackexchange.com_mul_all		Italian Language Q&A	Stack Exchange Q&A for people discussing the finer points of Italian language	eng,ita	stack_exchange	24694784	6021	2026-08-03	https://lb.download.kiwix.org/zim/stack_exchange/italian.stackexchange.com_mul_all_2026-08.zim	_category:stack_exchange;stack_exchange;_videos:no;_details:no;_ftindex:yes;_pictures:yes
spanish.stackexchange.com_mul_all		Spanish Language Q&A	Stack Exchange Q&A for people discussing the finer points of Spanish language	eng,spa	stack_exchange	71930880	16356	2026-08-04	https://lb.download.kiwix.org/zim/stack_exchange/spanish.stackexchange.com_mul_all_2026-08.zim	_details:no;_category:stack_exchange;_videos:no;stack_exchange;_ftindex:yes;_pictures:yes
chinese.stackexchange.com_mul_all		Chinese Language Q&A	Stack Exchange Q&A for people discussing the finer points of Chinese language	eng,zho	stack_exchange	152774656	20944	2026-07-31	https://lb.download.kiwix.org/zim/stack_exchange/chinese.stackexchange.com_mul_all_2026-07.zim	stack_exchange;_videos:no;_details:no;_category:stack_exchange;_ftindex:yes;_pictures:yes
russian.stackexchange.com_mul_all		Russian Language Q&A	Stack Exchange Q&A for people discussing the finer points of Russian language	eng,rus	stack_exchange	36659200	9254	2026-08-04	https://lb.download.kiwix.org/zim/stack_exchange/russian.stackexchange.com_mul_all_2026-08.zim	stack_exchange;_details:no;_category:stack_exchange;_videos:no;_ftindex:yes;_pictures:yes
ukrainian.stackexchange.com_mul_all		Ukrainian Language Q&A	Stack Exchange Q&A for people discussing the finer points of Ukrainian language	eng,ukr	stack_exchange	22302720	3284	2026-08-06	https://lb.download.kiwix.org/zim/stack_exchange/ukrainian.stackexchange.com_mul_all_2026-08.zim	_details:no;_videos:no;stack_exchange;_category:stack_exchange;_ftindex:yes;_pictures:yes
ted_mul_agriculture		TED agriculture	A collection of TED videos about agriculture	eng,spa,fra,ara,zho,vie,ita,kor,por,heb,tur,rus,jpn,fas,ind	ted	1269707776	117	2026-09-08	https://lb.download.kiwix.org/zim/ted/ted_mul_agriculture_2026-09.zim	_category:ted;ted;_videos:yes;_ftindex:yes;_pictures:yes;_details:yes
ted_mul_data		TED data	A collection of TED videos about data	eng,spa,ara,zho,fra,vie,kor,ita,por,rus,tur,jpn,heb,fas,hun	ted	2666125312	220	2026-09-09	https://lb.download.kiwix.org/zim/ted/ted_mul_data_2026-09.zim	_category:ted;ted;_videos:yes;_ftindex:yes;_pictures:yes;_details:yes
ted_mul_law		TED law	A collection of TED videos about law	eng,ara,spa,fra,por,zho,kor,ita,vie,tur,rus,jpn,hun,heb,fas	ted	1863602176	127	2026-09-10	https://lb.download.kiwix.org/zim/ted/ted_mul_law_2026-09.zim	_category:ted;ted;_videos:yes;_ftindex:yes;_pictures:yes;_details:yes
ted_mul_politics		TED politics	A collection of TED videos about politics	eng,spa,ara,zho,fra,ita,kor,vie,por,tur,heb,rus,jpn,hun,fas	ted	5567660032	359	2026-09-11	https://lb.download.kiwix.org/zim/ted/ted_mul_politics_2026-09.zim	_category:ted;ted;_videos:yes;_ftindex:yes;_pictures:yes;_details:yes
ted_mul_future		TED future	A collection of TED videos about future	eng,spa,ara,zho,fra,ita,kor,vie,rus,tur,por,jpn,heb,fas,hun	ted	6388417536	478	2026-09-12	https://lb.download.kiwix.org/zim/ted/ted_mul_future_2026-09.zim	_category:ted;ted;_videos:yes;_ftindex:yes;_pictures:yes;_details:yes
ted_mul_entrepreneur		TED entrepreneur	A collection of TED videos about entrepreneur	eng,spa,ara,zho,vie,fra,por,tur,ita,kor,rus,heb,jpn,fas,ron	ted	2145188864	154	2026-09-13	https://lb.download.kiwix.org/zim/ted/ted_mul_entrepreneur_2026-09.zim	_category:ted;ted;_videos:yes;_ftindex:yes;_pictures:yes;_details:yes
ted_mul_innovation		TED innovation	A collection of TED videos about innovation	eng,spa,ara,zho,fra,kor,vie,ita,por,rus,tur,heb,jpn,fas,hun	ted	6526580736	513	2026-09-13	https://lb.download.kiwix.org/zim/ted/ted_mul_innovation_2026-09.zim	_category:ted;ted;_videos:yes;_ftindex:yes;_pictures:yes;_details:yes
ted_mul_society		TED society	A collection of TED videos about society	eng,spa,ara,fra,zho,ita,kor,por,tur,vie,rus,jpn,fas,heb,hun	ted	9162149888	697	2026-09-13	https://lb.download.kiwix.org/zim/ted/ted_mul_society_2026-09.zim	_category:ted;ted;_videos:yes;_ftindex:yes;_pictures:yes;_details:yes
ted_mul_gender		TED gender	A collection of TED videos about gender	eng,spa,ara,zho,fra,ita,vie,por,tur,kor,rus,jpn,fas,heb,ron	ted	2163112960	158	2026-09-13	https://lb.download.kiwix.org/zim/ted/ted_mul_gender_2026-09.zim	_category:ted;ted;_videos:yes;_ftindex:yes;_pictures:yes;_details:yes
ted_mul_government		TED government	A collection of TED videos about government	eng,spa,ara,zho,fra,ita,vie,kor,por,tur,rus,heb,jpn,hun,fas	ted	4881597440	289	2026-09-14	https://lb.download.kiwix.org/zim/ted/ted_mul_government_2026-09.zim	_category:ted;ted;_videos:yes;_ftindex:yes;_pictures:yes;_details:yes
ted_mul_pollution		TED pollution	A collection of TED videos about pollution	eng,spa,ara,zho,fra,ita,por,vie,kor,tur,rus,jpn,hun,fas,heb	ted	1570581504	122	2026-09-15	https://lb.download.kiwix.org/zim/ted/ted_mul_pollution_2026-09.zim	_category:ted;ted;_videos:yes;_ftindex:yes;_pictures:yes;_details:yes
ted_mul_youth		TED youth	A collection of TED videos about youth	eng,spa,ara,zho,fra,vie,por,ita,kor,rus,tur,jpn,heb,fas,ind	ted	1162905600	92	2026-09-15	https://lb.download.kiwix.org/zim/ted/ted_mul_youth_2026-09.zim	_category:ted;ted;_videos:yes;_ftindex:yes;_pictures:yes;_details:yes
ted_mul_travel		TED travel	A collection of TED videos about travel	eng,ara,zho,fra,spa,ita,kor,tur,vie,por,ind,jpn,ron,rus,heb	ted	469186560	40	2026-09-16	https://lb.download.kiwix.org/zim/ted/ted_mul_travel_2026-09.zim	_category:ted;ted;_videos:yes;_ftindex:yes;_pictures:yes;_details:yes
ted_mul_investing		TED investing	A collection of TED videos about investing	eng,ara,spa,zho,fra,ita,vie,por,kor,rus,tur,jpn,fas,heb,hun	ted	1043761152	74	2026-09-16	https://lb.download.kiwix.org/zim/ted/ted_mul_investing_2026-09.zim	_category:ted;ted;_videos:yes;_ftindex:yes;_pictures:yes;_details:yes
ted_mul_fossil-fuels		TED fossil fuels	A collection of TED videos about fossil fuels	eng,ara,spa,vie,zho,fra,ita,kor,heb,tur,por	ted	420699136	35	2026-09-16	https://lb.download.kiwix.org/zim/ted/ted_mul_fossil-fuels_2026-09.zim	_category:ted;ted;_videos:yes;_ftindex:yes;_pictures:yes;_details:yes
maps_en_bosnia-herzegovina		Bosnia-Herzegovina	Full map, including roads and landmarks	eng		367521792	349	2026-06-09	https://lb.download.kiwix.org/zim/maps/maps_en_bosnia-herzegovina_2026-06.zim	_sw:no;_ftindex:no;_pictures:yes;_videos:no;_details:yes
maps_en_balkans		Balkans	Regional map including all roads and landmarks	eng		1541283840	4425	2026-08-22	https://lb.download.kiwix.org/zim/maps/maps_en_balkans_2026-08.zim	_sw:no;_ftindex:no;_pictures:yes;_videos:no;_details:yes
maps_en_sierra-leone		Sierra Leone	Full map, including roads and landmarks	eng		180291584	406	2026-06-05	https://lb.download.kiwix.org/zim/maps/maps_en_sierra-leone_2026-06.zim	_sw:no;_ftindex:no;_pictures:yes;_videos:no;_details:yes
cheatography.com_en_all		Cheatography	Cheat Sheets, Revision Aids and Quick References!	eng	other	11439513600	94088	2025-07-02	https://lb.download.kiwix.org/zim/zimit/cheatography.com_en_all_2025-07.zim	_category:other;_ftindex:yes;_pictures:yes;_videos:yes;_details:yes
mspeekenbrink_en_all		Data Analysis and Modelling	Data analysis through modelling	eng	other	6079488	19	2026-08-01	https://lb.download.kiwix.org/zim/zimit/mspeekenbrink_en_all_2026-08.zim	_category:other;_ftindex:yes;_pictures:yes;_videos:yes;_details:yes
maps_en_ile-de-clipperton		Clipperton Island	Full map, including roads and landmarks	eng		125627392	2	2026-06-13	https://lb.download.kiwix.org/zim/maps/maps_en_ile-de-clipperton_2026-06.zim	_sw:no;_ftindex:no;_pictures:yes;_videos:no;_details:yes
maps_en_cook-islands		Cook Islands	Full map, including roads and landmarks	eng		162545664	22	2026-06-07	https://lb.download.kiwix.org/zim/maps/maps_en_cook-islands_2026-06.zim	_sw:no;_ftindex:no;_pictures:yes;_videos:no;_details:yes
maps_en_central-america		Central America	Full map, including roads and landmarks	eng		1730560000	13105	2026-08-21	https://lb.download.kiwix.org/zim/maps/maps_en_central-america_2026-08.zim	_sw:no;_ftindex:no;_pictures:yes;_videos:no;_details:yes
internet-encyclopedia-philosophy_en_all		Encyclopedia of Philosophy	A peer-reviewed academic resource	eng	other	125831168	1201	2026-05-28	https://lb.download.kiwix.org/zim/zimit/internet-encyclopedia-philosophy_en_all_2026-05.zim	_category:other;_ftindex:yes;_pictures:yes;_videos:yes;_details:yes
maps_en_south-atlantic		South Atlantic	Full map, including roads and landmarks	eng		201843712	13	2026-06-04	https://lb.download.kiwix.org/zim/maps/maps_en_south-atlantic_2026-06.zim	_sw:no;_ftindex:no;_pictures:yes;_videos:no;_details:yes
maps_en_canary-islands		Canary Islands	Full map, including roads and landmarks	eng		166290432	101	2026-06-03	https://lb.download.kiwix.org/zim/maps/maps_en_canary-islands_2026-06.zim	_sw:no;_ftindex:no;_pictures:yes;_videos:no;_details:yes
maps_en_marshall-islands		Marshall Islands	Full map, including roads and landmarks	eng		169243648	54	2026-06-08	https://lb.download.kiwix.org/zim/maps/maps_en_marshall-islands_2026-06.zim	_sw:no;_ftindex:no;_pictures:yes;_videos:no;_details:yes
maps_en_costa-rica		Costa Rica	Full map, including roads and landmarks	eng		180472832	753	2026-06-08	https://lb.download.kiwix.org/zim/maps/maps_en_costa-rica_2026-06.zim	_sw:no;_ftindex:no;_pictures:yes;_videos:no;_details:yes
bogleheads_en_all	maxi	Bogleheads	Investing advice inspired by John Bogle	eng		10716160	1903	2025-11-03	https://lb.download.kiwix.org/zim/other/bogleheads_en_all_maxi_2025-11.zim	bogleheads;_pictures:yes;_videos:no;_details:yes;_ftindex:yes
foss.cooking_en_all		FOSS cooking	Making cooking fast, easy, foss	eng	other	24239104	719	2026-05-06	https://lb.download.kiwix.org/zim/zimit/foss.cooking_en_all_2026-05.zim	_category:other;_ftindex:yes;preppers,food;_pictures:yes;_videos:yes;_details:yes
maps_en_south-africa		South Africa	Full map, including roads and landmarks	eng		702736384	594	2026-06-05	https://lb.download.kiwix.org/zim/maps/maps_en_south-africa_2026-06.zim	_sw:no;_ftindex:no;_pictures:yes;_videos:no;_details:yes
evageeks_en_all	maxi	EvaWiki	 An Encyclopedia of Evangelion Related Topics	eng		18142208	613	2022-11-15	https://lb.download.kiwix.org/zim/other/evageeks_en_all_maxi_2022-11.zim	evageeks;_pictures:yes;_videos:no;_details:yes;_ftindex:yes
maps_en_cape-verde		Cape Verde	Full map, including roads and landmarks	eng		137176064	58	2026-06-03	https://lb.download.kiwix.org/zim/maps/maps_en_cape-verde_2026-06.zim	_sw:no;_ftindex:no;_pictures:yes;_videos:no;_details:yes
maps_en_czech-republic		Czech Republic	Full map, including roads and landmarks	eng		1065266176	8632	2026-06-09	https://lb.download.kiwix.org/zim/maps/maps_en_czech-republic_2026-06.zim	_sw:no;_ftindex:no;_pictures:yes;_videos:no;_details:yes
maps_en_south-korea		South Korea	Full map, including roads and landmarks	eng		573497344	6370	2026-06-07	https://lb.download.kiwix.org/zim/maps/maps_en_south-korea_2026-06.zim	_sw:no;_ftindex:no;_pictures:yes;_videos:no;_details:yes
maps_en_new-zealand		New Zealand	Full map, including roads and landmarks	eng		3980566528	2169	2026-06-08	https://lb.download.kiwix.org/zim/maps/maps_en_new-zealand_2026-06.zim	_sw:no;_ftindex:no;_pictures:yes;_videos:no;_details:yes
dandwiki_en_all	maxi	D&D Wiki	Dungeons and Dragons Wiki pages	eng		1395809280	76694	2025-04-21	https://lb.download.kiwix.org/zim/other/dandwiki_en_all_maxi_2025-04.zim	dandwiki;_pictures:yes;_videos:no;_details:yes;_ftindex:yes
dandwiki_en_all	nopic	D&D Wiki	Dungeons and Dragons Wiki pages	eng		277049344	76628	2025-04-21	https://lb.download.kiwix.org/zim/other/dandwiki_en_all_nopic_2025-04.zim	dandwiki;_pictures:no;_videos:no;_details:yes;_ftindex:yes
maps_en_south-america		South America	Full map, including roads and landmarks	eng		5461440512	26454	2026-08-21	https://lb.download.kiwix.org/zim/maps/maps_en_south-america_2026-08.zim	_sw:no;_ftindex:no;_pictures:yes;_videos:no;_details:yes
maps_en_ivory-coast		Ivory Coast	Full map, including roads and landmarks	eng		221755392	682	2026-06-03	https://lb.download.kiwix.org/zim/maps/maps_en_ivory-coast_2026-06.zim	_sw:no;_ftindex:no;_pictures:yes;_videos:no;_details:yes
maps_en_burkina-faso		Burkina Faso	Full map, including roads and landmarks	eng		280800256	314	2026-06-03	https://lb.download.kiwix.org/zim/maps/maps_en_burkina-faso_2026-06.zim	_sw:no;_ftindex:no;_pictures:yes;_videos:no;_details:yes
maps_en_north-korea		North Korea	Full map, including roads and landmarks	eng		287250432	1941	2026-06-07	https://lb.download.kiwix.org/zim/maps/maps_en_north-korea_2026-06.zim	_sw:no;_ftindex:no;_pictures:yes;_videos:no;_details:yes
maps_en_el-salvador		El Salvador	Full map, including roads and landmarks	eng		162707456	437	2026-06-08	https://lb.download.kiwix.org/zim/maps/maps_en_el-salvador_2026-06.zim	_sw:no;_ftindex:no;_pictures:yes;_videos:no;_details:yes
maps_en_south-sudan		South Sudan	Full map, including roads and landmarks	eng		278245376	151	2026-06-05	https://lb.download.kiwix.org/zim/maps/maps_en_south-sudan_2026-06.zim	_sw:no;_ftindex:no;_pictures:yes;_videos:no;_details:yes
maps_en_equatorial-guinea		Equatorial Guinea	Full map, including roads and landmarks	eng		172001280	132	2026-06-03	https://lb.download.kiwix.org/zim/maps/maps_en_equatorial-guinea_2026-06.zim	_sw:no;_ftindex:no;_pictures:yes;_videos:no;_details:yes
granbluefantasy_en_all	maxi	Granblue Fantasy Wiki	From Granblue Fantasy Wiki	eng		314106880	7987	2021-03-06	https://lb.download.kiwix.org/zim/other/granbluefantasy_en_all_maxi_2021-03.zim	gbf;_pictures:yes;_videos:no;_details:yes;_ftindex:yes
granbluefantasy_en_all	nopic	Granblue Fantasy Wiki	From Granblue Fantasy Wiki	eng		52527104	7987	2021-03-06	https://lb.download.kiwix.org/zim/other/granbluefantasy_en_all_nopic_2021-03.zim	gbf;_pictures:no;_videos:no;_details:yes;_ftindex:yes
maps_en_faroe-islands		Faroe Islands	Full map, including roads and landmarks	eng		134550528	40	2026-06-10	https://lb.download.kiwix.org/zim/maps/maps_en_faroe-islands_2026-06.zim	_sw:no;_ftindex:no;_pictures:yes;_videos:no;_details:yes
chopin.lib.uchicago.edu_en_all		Chopin Sheet Music	The Chopin Early Editions collection	eng	other	8834036736	91182	2025-01-17	https://lb.download.kiwix.org/zim/other/chopin.lib.uchicago.edu_en_all_2025-01.zim	_category:other;_ftindex:yes;_pictures:yes;_videos:yes;_details:yes
maps_en_french-polynesia		French Polynesia	Full map, including roads and landmarks	eng		234344448	67	2026-06-08	https://lb.download.kiwix.org/zim/maps/maps_en_french-polynesia_2026-06.zim	_sw:no;_ftindex:no;_pictures:yes;_videos:no;_details:yes
maps_en_gcc-states		Gulf States	Full map, including roads and landmarks	eng		621436928	1919	2026-06-06	https://lb.download.kiwix.org/zim/maps/maps_en_gcc-states_2026-06.zim	_sw:no;_ftindex:no;_pictures:yes;_videos:no;_details:yes
maps_en_united-kingdom		United Kingdom	Full map, including roads and landmarks	eng		1906918400	14830	2026-06-12	https://lb.download.kiwix.org/zim/maps/maps_en_united-kingdom_2026-06.zim	_sw:no;_ftindex:no;_pictures:yes;_videos:no;_details:yes
maps_en_guinea-bissau		Guinea-Bissau	Full map, including roads and landmarks	eng		148692992	86	2026-06-03	https://lb.download.kiwix.org/zim/maps/maps_en_guinea-bissau_2026-06.zim	_sw:no;_ftindex:no;_pictures:yes;_videos:no;_details:yes
maps_en_new-caledonia		New Caledonia	Full map, including roads and landmarks	eng		156557312	40	2026-06-08	https://lb.download.kiwix.org/zim/maps/maps_en_new-caledonia_2026-06.zim	_sw:no;_ftindex:no;_pictures:yes;_videos:no;_details:yes
openwrt.org_en_all		OpenWRT	A Linux operating system targeting embedded devices	eng	other	519895040	29515	2026-07-04	https://lb.download.kiwix.org/zim/zimit/openwrt.org_en_all_2026-07.zim	_category:other;_ftindex:yes;_pictures:yes;_videos:yes;_details:yes
maps_en_east-timor		East Timor	Full map, including roads and landmarks	eng		144146432	1254	2026-06-05	https://lb.download.kiwix.org/zim/maps/maps_en_east-timor_2026-06.zim	_sw:no;_ftindex:no;_pictures:yes;_videos:no;_details:yes
maps_en_north-america		North America	Full map, including roads and landmarks	eng		22652513280	62925	2026-08-21	https://lb.download.kiwix.org/zim/maps/maps_en_north-america_2026-08.zim	_sw:no;_ftindex:no;_pictures:yes;_videos:no;_details:yes
maps_en_russia		Russian Federation	Full map, including roads and landmarks	eng		15652911104	40234	2026-08-20	https://lb.download.kiwix.org/zim/maps/maps_en_russia_2026-08.zim	_sw:no;_ftindex:no;_pictures:yes;_videos:no;_details:yes
solar.lowtechmagazine.com_mul_all		Solar Powered LowTech Magazine	Not every problem has a high-tech solution	eng,fra,deu,nld,spa,ita,por,pol,ara,vie,kor	other	700556288	1468	2025-01-02	https://lb.download.kiwix.org/zim/zimit/solar.lowtechmagazine.com_mul_all_2025-01.zim	_category:other;lowtech;_ftindex:yes;_pictures:yes;_videos:yes;_details:yes
maps_en_solomon-islands		Solomon Islands	Full map, including roads and landmarks	eng		175528960	202	2026-06-08	https://lb.download.kiwix.org/zim/maps/maps_en_solomon-islands_2026-06.zim	_sw:no;_ftindex:no;_pictures:yes;_videos:no;_details:yes
maps_en_sri-lanka		Sri Lanka	Full map, including roads and landmarks	eng		221162496	15220	2026-06-07	https://lb.download.kiwix.org/zim/maps/maps_en_sri-lanka_2026-06.zim	_sw:no;_ftindex:no;_pictures:yes;_videos:no;_details:yes
maps_en_pitcairn-islands		Pitcairn Islands	Full map, including roads and landmarks	eng		138392576	2	2026-06-08	https://lb.download.kiwix.org/zim/maps/maps_en_pitcairn-islands_2026-06.zim	_sw:no;_ftindex:no;_pictures:yes;_videos:no;_details:yes
ted_mul_activism		TED activism	A collection of TED videos about activism	eng,spa,ara,zho,fra,ita,por,kor,vie,tur,rus,jpn,heb,fas,ron,hun	ted	5188492288	360	2026-09-09	https://lb.download.kiwix.org/zim/ted/ted_mul_activism_2026-09.zim	_category:ted;ted;_videos:yes;_ftindex:yes;_pictures:yes;_details:yes
ted_mul_africa		TED africa	A collection of TED videos about africa	eng,ara,spa,zho,vie,fra,ita,por,kor,tur,rus,jpn,fas,heb,deu,ron	ted	3223865344	264	2026-09-08	https://lb.download.kiwix.org/zim/ted/ted_mul_africa_2026-09.zim	_category:ted;ted;_videos:yes;_ftindex:yes;_pictures:yes;_details:yes
ted_mul_art		TED art	A collection of TED videos about art	eng,spa,ara,zho,fra,ita,vie,kor,tur,por,rus,jpn,heb,ron,fas,deu	ted	5525014528	482	2026-09-09	https://lb.download.kiwix.org/zim/ted/ted_mul_art_2026-09.zim	_category:ted;ted;_videos:yes;_ftindex:yes;_pictures:yes;_details:yes
ted_mul_humanity		TED humanity	A collection of TED videos about humanity	eng,spa,ara,zho,fra,ita,kor,por,vie,tur,rus,jpn,fas,heb,hun,ron	ted	6563290112	523	2026-09-10	https://lb.download.kiwix.org/zim/ted/ted_mul_humanity_2026-09.zim	_category:ted;ted;_videos:yes;_ftindex:yes;_pictures:yes;_details:yes
ted_mul_communication		TED communication	A collection of TED videos about communication	eng,spa,ara,zho,fra,vie,tur,por,ita,kor,rus,heb,jpn,fas,hun,ron	ted	6452171776	517	2026-09-10	https://lb.download.kiwix.org/zim/ted/ted_mul_communication_2026-09.zim	_category:ted;ted;_videos:yes;_ftindex:yes;_pictures:yes;_details:yes
ted_mul_creativity		TED creativity	A collection of TED videos about creativity	eng,spa,ara,zho,fra,ita,vie,kor,por,tur,rus,jpn,heb,ron,fas,hun	ted	6297344000	468	2026-09-11	https://lb.download.kiwix.org/zim/ted/ted_mul_creativity_2026-09.zim	_category:ted;ted;_videos:yes;_ftindex:yes;_pictures:yes;_details:yes
ted_mul_climate-change		TED climate change	A collection of TED videos about climate change	eng,spa,ara,zho,fra,vie,ita,por,kor,tur,rus,heb	ted	6867086336	540	2026-09-11	https://lb.download.kiwix.org/zim/ted/ted_mul_climate-change_2026-09.zim	_category:ted;ted;_videos:yes;_ftindex:yes;_pictures:yes;_details:yes
ted_mul_social-change		TED social change	A collection of TED videos about social change	eng,spa,ara,zho,fra,ita,vie,por,kor,tur,rus,jpn	ted	11067201536	843	2026-09-12	https://lb.download.kiwix.org/zim/ted/ted_mul_social-change_2026-09.zim	_category:ted;ted;_videos:yes;_ftindex:yes;_pictures:yes;_details:yes
ted_mul_equality		TED equality	A collection of TED videos about equality	eng,spa,ara,zho,ita,fra,por,kor,tur,vie,rus,jpn,fas,hun,ron,heb	ted	3015354368	217	2026-09-13	https://lb.download.kiwix.org/zim/ted/ted_mul_equality_2026-09.zim	_category:ted;ted;_videos:yes;_ftindex:yes;_pictures:yes;_details:yes
ted_mul_justice-system		TED justice system	A collection of TED videos about justice system	eng,ara,spa,zho,fra,por,kor,ita,tur,rus,vie,jpn	ted	1013250048	76	2026-09-13	https://lb.download.kiwix.org/zim/ted/ted_mul_justice-system_2026-09.zim	_category:ted;ted;_videos:yes;_ftindex:yes;_pictures:yes;_details:yes
ted_mul_machine-learning		TED machine learning	A collection of TED videos about machine learning	eng,spa,ara,zho,fra,vie,kor,heb,ita,rus,tur,por	ted	1462611968	113	2026-09-14	https://lb.download.kiwix.org/zim/ted/ted_mul_machine-learning_2026-09.zim	_category:ted;ted;_videos:yes;_ftindex:yes;_pictures:yes;_details:yes
ted_mul_parenting		TED parenting	A collection of TED videos about parenting	eng,spa,ara,zho,vie,fra,kor,por,ita,tur,rus,heb,hun,jpn,fas,ron	ted	2262664192	140	2026-09-15	https://lb.download.kiwix.org/zim/ted/ted_mul_parenting_2026-09.zim	_category:ted;ted;_videos:yes;_ftindex:yes;_pictures:yes;_details:yes
ted_mul_teaching		TED teaching	A collection of TED videos about teaching	eng,spa,ara,zho,fra,vie,por,kor,ita,tur,rus,jpn,fas,heb,hun,ron	ted	1517083648	122	2026-09-15	https://lb.download.kiwix.org/zim/ted/ted_mul_teaching_2026-09.zim	_category:ted;ted;_videos:yes;_ftindex:yes;_pictures:yes;_details:yes
ted_mul_algorithm		TED algorithm	A collection of TED videos about algorithm	eng,ara,spa,zho,kor,por,vie,fra,tur,rus,ita,heb,jpn,fas,hun,nld	ted	936003584	73	2026-09-15	https://lb.download.kiwix.org/zim/ted/ted_mul_algorithm_2026-09.zim	_category:ted;ted;_videos:yes;_ftindex:yes;_pictures:yes;_details:yes
ted_mul_success		TED success	A collection of TED videos about success	eng,ara,spa,zho,vie,fra,tur,por,ita,kor,fas,heb,jpn,hun,rus,ron	ted	1294977024	101	2026-09-15	https://lb.download.kiwix.org/zim/ted/ted_mul_success_2026-09.zim	_category:ted;ted;_videos:yes;_ftindex:yes;_pictures:yes;_details:yes
ted_mul_empathy		TED empathy	A collection of TED videos about empathy	eng,spa,ara,fra,zho,tur,ita,por,vie,rus,kor,ron,fas,hun,jpn,heb	ted	896106496	74	2026-09-15	https://lb.download.kiwix.org/zim/ted/ted_mul_empathy_2026-09.zim	_category:ted;ted;_videos:yes;_ftindex:yes;_pictures:yes;_details:yes
ted_mul_trees		TED trees	A collection of TED videos about trees	eng,spa,por,ara,zho,fra,vie,ita,kor,tur,rus,heb,ind,jpn,fas,hun	ted	508546048	49	2026-09-16	https://lb.download.kiwix.org/zim/ted/ted_mul_trees_2026-09.zim	_category:ted;ted;_videos:yes;_ftindex:yes;_pictures:yes;_details:yes
ted_mul_vulnerability		TED vulnerability	A collection of TED videos about vulnerability	eng,spa,ara,ita,por,zho,fra,kor,tur,rus,fas,hun,vie,ell,jpn,ron	ted	253306880	20	2026-09-16	https://lb.download.kiwix.org/zim/ted/ted_mul_vulnerability_2026-09.zim	_category:ted;ted;_videos:yes;_ftindex:yes;_pictures:yes;_details:yes
ted_mul_theater		TED theater	A collection of TED videos about theater	eng,ara,spa,zho,deu,ita,fra,por,vie,heb,kor,jpn,rus,tur,ron,ell	ted	514926592	37	2026-09-15	https://lb.download.kiwix.org/zim/ted/ted_mul_theater_2026-09.zim	_category:ted;ted;_videos:yes;_ftindex:yes;_pictures:yes;_details:yes
ted_mul_biosphere		TED biosphere	A collection of TED videos about biosphere	eng,spa,ara,fra,por,zho,ita,kor,tur,rus,vie,fas,jpn,hun,deu,nld	ted	323432448	29	2026-09-16	https://lb.download.kiwix.org/zim/ted/ted_mul_biosphere_2026-09.zim	_category:ted;ted;_videos:yes;_ftindex:yes;_pictures:yes;_details:yes
ted_mul_transgender		TED transgender	A collection of TED videos about transgender	eng,spa,ara,por,vie,zho,kor,tur,fra,ita,ind,rus,jpn,fas,ron,srp	ted	406429696	29	2026-09-16	https://lb.download.kiwix.org/zim/ted/ted_mul_transgender_2026-09.zim	_category:ted;ted;_videos:yes;_ftindex:yes;_pictures:yes;_details:yes
ted_mul_indigenous-peoples		TED indigenous peoples	A collection of TED videos about indigenous peoples	eng,spa,ara,zho,por,fra,ita,vie,kor,tur,rus,heb	ted	782349312	64	2026-09-16	https://lb.download.kiwix.org/zim/ted/ted_mul_indigenous-peoples_2026-09.zim	_category:ted;ted;_videos:yes;_ftindex:yes;_pictures:yes;_details:yes
ted_mul_friendship		TED friendship	A collection of TED videos about friendship	eng,ara,spa,zho,ita,fra,kor,vie,por,tur,fas,jpn,rus,ron,hun,srp	ted	541379584	36	2026-09-16	https://lb.download.kiwix.org/zim/ted/ted_mul_friendship_2026-09.zim	_category:ted;ted;_videos:yes;_ftindex:yes;_pictures:yes;_details:yes
ted_mul_archaeology		TED archaeology	A collection of TED videos about archaeology	eng,spa,ara,zho,fra,ita,por,kor,rus,vie,tur,heb,jpn,deu,ell,ron	ted	314895360	32	2026-09-16	https://lb.download.kiwix.org/zim/ted/ted_mul_archaeology_2026-09.zim	_category:ted;ted;_videos:yes;_ftindex:yes;_pictures:yes;_details:yes
german.stackexchange.com_mul_all		German Language Q&A	Stack Exchange Q&A for people discussing the finer points of the German language	eng,deu	stack_exchange	118990848	30538	2026-08-02	https://lb.download.kiwix.org/zim/stack_exchange/german.stackexchange.com_mul_all_2026-08.zim	stack_exchange;_details:no;_category:stack_exchange;_videos:no;_ftindex:yes;_pictures:yes
french.stackexchange.com_mul_all		French Language Q&A	Stack Exchange Q&A for people discussing the finer points of the French language	eng,fra	stack_exchange	93988864	22210	2026-08-01	https://lb.download.kiwix.org/zim/stack_exchange/french.stackexchange.com_mul_all_2026-08.zim	_details:no;_category:stack_exchange;stack_exchange;_videos:no;_ftindex:yes;_pictures:yes
latin.stackexchange.com_mul_all		Latin Language Q&A	Stack Exchange Q&A for people discussing the finer points of the Latin language	eng,lat	stack_exchange	57310208	10893	2026-08-03	https://lb.download.kiwix.org/zim/stack_exchange/latin.stackexchange.com_mul_all_2026-08.zim	_category:stack_exchange;_videos:no;_details:no;stack_exchange;_ftindex:yes;_pictures:yes
ted_mul_computers		TED computers	A collection of TED videos about computers	eng,spa,ara,fra,zho,kor,vie,ita,por,heb,tur,rus,jpn,hun,fas,ron,pol	ted	3221832704	245	2026-09-11	https://lb.download.kiwix.org/zim/ted/ted_mul_computers_2026-09.zim	_category:ted;ted;_videos:yes;_ftindex:yes;_pictures:yes;_details:yes
ted_mul_technology		TED technology	A collection of TED videos about technology	eng,spa,ara,zho,fra,vie,kor,ita,por,heb,tur,rus,jpn,ron,hun,fas,deu	ted	17652744192	1335	2026-09-11	https://lb.download.kiwix.org/zim/ted/ted_mul_technology_2026-09.zim	_category:ted;ted;_videos:yes;_ftindex:yes;_pictures:yes;_details:yes
ted_mul_electricity		TED electricity	A collection of TED videos about electricity	eng,ara,spa,zho,fra,vie,ita,kor,por,rus,tur,jpn,heb,deu,ind,fas,pol	ted	713246720	72	2026-09-12	https://lb.download.kiwix.org/zim/ted/ted_mul_electricity_2026-09.zim	_category:ted;ted;_videos:yes;_ftindex:yes;_pictures:yes;_details:yes
ted_mul_personal-growth		TED personal growth	A collection of TED videos about personal growth	eng,spa,ara,zho,vie,fra,ita,por,tur,kor,heb,rus,jpn	ted	6965426176	539	2026-09-13	https://lb.download.kiwix.org/zim/ted/ted_mul_personal-growth_2026-09.zim	_category:ted;ted;_videos:yes;_ftindex:yes;_pictures:yes;_details:yes
ted_mul_storytelling		TED storytelling	A collection of TED videos about storytelling	eng,spa,ara,fra,zho,vie,ita,tur,kor,heb,por,rus,jpn,ron,ind,ell,pol	ted	3754779648	302	2026-09-13	https://lb.download.kiwix.org/zim/ted/ted_mul_storytelling_2026-09.zim	_category:ted;ted;_videos:yes;_ftindex:yes;_pictures:yes;_details:yes
ted_mul_united-states		TED united states	A collection of TED videos about united states	eng,ara,spa,zho,fra,ita,kor,por,tur,vie,rus,heb,jpn	ted	2851477504	215	2026-09-15	https://lb.download.kiwix.org/zim/ted/ted_mul_united-states_2026-09.zim	_category:ted;ted;_videos:yes;_ftindex:yes;_pictures:yes;_details:yes
ted_mul_media		TED media	A collection of TED videos about media	eng,spa,ara,zho,fra,vie,ita,tur,kor,heb,por,rus,jpn,ron,deu,hun,ind	ted	2245192704	163	2026-09-15	https://lb.download.kiwix.org/zim/ted/ted_mul_media_2026-09.zim	_category:ted;ted;_videos:yes;_ftindex:yes;_pictures:yes;_details:yes
ted_mul_prison		TED prison	A collection of TED videos about prison	eng,spa,ara,fra,zho,por,kor,tur,ita,vie,rus,jpn,fas,heb,ron,hun,srp	ted	624867328	53	2026-09-16	https://lb.download.kiwix.org/zim/ted/ted_mul_prison_2026-09.zim	_category:ted;ted;_videos:yes;_ftindex:yes;_pictures:yes;_details:yes
ted_mul_marketing		TED marketing	A collection of TED videos about marketing	eng,spa,ara,zho,fra,vie,ita,kor,heb,por,tur,rus,jpn,fas,nld,ron,ind	ted	652098560	53	2026-09-16	https://lb.download.kiwix.org/zim/ted/ted_mul_marketing_2026-09.zim	_category:ted;ted;_videos:yes;_ftindex:yes;_pictures:yes;_details:yes
webmasters.stackexchange.com_en_all		Webmasters Q&A	Stack Exchange Q&A for webmasters	eng	stack_exchange	226673664	70304	2026-08-06	https://lb.download.kiwix.org/zim/stack_exchange/webmasters.stackexchange.com_en_all_2026-08.zim	_category:stack_exchange;_details:no;stack_exchange;_videos:no;_ftindex:yes;_pictures:yes
gutenberg_en_lcc-pd		Project Gutenberg Library	Germanic and Scandinavian languages	eng	gutenberg	15091712	14	2026-03-05	https://lb.download.kiwix.org/zim/gutenberg/gutenberg_en_lcc-pd_2026-03.zim	_category:gutenberg;gutenberg;_ftindex:no;_pictures:yes;_videos:yes;_details:yes
gutenberg_en_lcc-e		Project Gutenberg Library	History of the Americas	eng	gutenberg	10196818944	3743	2026-03-05	https://lb.download.kiwix.org/zim/gutenberg/gutenberg_en_lcc-e_2026-03.zim	_category:gutenberg;gutenberg;_ftindex:no;_pictures:yes;_videos:yes;_details:yes
mathoverflow.net_en_all		MathOverflow	Stack Exchange Q&A for professional mathematicians	eng	stack_exchange	848484352	218048	2026-08-04	https://lb.download.kiwix.org/zim/stack_exchange/mathoverflow.net_en_all_2026-08.zim	_videos:no;_details:no;stack_exchange;_category:stack_exchange;_ftindex:yes;_pictures:yes
wikipedia_en_ray-charles	maxi	Ray Charles	Wikipedia articles about Ray Charles	eng	wikipedia	3010560	340	2026-08-02	https://lb.download.kiwix.org/zim/wikipedia/wikipedia_en_ray-charles_maxi_2026-08.zim	wikipedia;_category:wikipedia;_pictures:yes;_videos:no;_details:yes;_ftindex:yes
wikipedia_en_ray-charles	mini	Ray Charles	Wikipedia articles about Ray Charles	eng	wikipedia	760832	340	2026-08-02	https://lb.download.kiwix.org/zim/wikipedia/wikipedia_en_ray-charles_mini_2026-08.zim	wikipedia;_category:wikipedia;_pictures:no;_videos:no;_details:no;_ftindex:yes
wikipedia_en_ray-charles	nopic	Ray Charles	Wikipedia articles about Ray Charles	eng	wikipedia	1839104	340	2026-08-02	https://lb.download.kiwix.org/zim/wikipedia/wikipedia_en_ray-charles_nopic_2026-08.zim	wikipedia;_category:wikipedia;_pictures:no;_videos:no;_details:yes;_ftindex:yes
www.ready.gov_es		Ready.gov	Planifique con tiempo par los desastres	eng	other	2579337216	2438	2024-12-03	https://lb.download.kiwix.org/zim/zimit/www.ready.gov_es_2024-12.zim	_ftindex:yes;preppers;_category:other;_pictures:yes;_videos:yes;_details:yes
gutenberg_en_lcc-c		Project Gutenberg Library	Auxiliary sciences of history	eng	gutenberg	1322988544	636	2025-12-05	https://lb.download.kiwix.org/zim/gutenberg/gutenberg_en_lcc-c_2025-12.zim	_category:gutenberg;gutenberg;_ftindex:no;_pictures:yes;_videos:yes;_details:yes
wiktionary_en_all	nopic	Wiktionary	The largest dictionary on the web.	eng	wiktionary	9156425728	9129949	2026-08-13	https://lb.download.kiwix.org/zim/wiktionary/wiktionary_en_all_nopic_2026-08.zim	wiktionary;_category:wiktionary;_pictures:no;_videos:no;_details:yes;_ftindex:yes
gutenberg_en_lcc-ph		Project Gutenberg Library	Uralic and Basque languages	eng	gutenberg	48643072	70	2026-03-05	https://lb.download.kiwix.org/zim/gutenberg/gutenberg_en_lcc-ph_2026-03.zim	_category:gutenberg;gutenberg;_ftindex:no;_pictures:yes;_videos:yes;_details:yes
gutenberg_en_lcc-pt		Project Gutenberg Library	Germanic and Scandinavian literature	eng	gutenberg	759081984	980	2026-03-06	https://lb.download.kiwix.org/zim/gutenberg/gutenberg_en_lcc-pt_2026-03.zim	_category:gutenberg;gutenberg;_ftindex:no;_pictures:yes;_videos:yes;_details:yes
gutenberg_en_lcc-pj		Project Gutenberg Library	Oriental languages and literatures	eng	gutenberg	265420800	147	2026-03-05	https://lb.download.kiwix.org/zim/gutenberg/gutenberg_en_lcc-pj_2026-03.zim	_category:gutenberg;gutenberg;_ftindex:no;_pictures:yes;_videos:yes;_details:yes
gutenberg_en_lcc-pb		Project Gutenberg Library	Modern and Celtic languages	eng	gutenberg	61479936	74	2026-03-05	https://lb.download.kiwix.org/zim/gutenberg/gutenberg_en_lcc-pb_2026-03.zim	_category:gutenberg;gutenberg;_ftindex:no;_pictures:yes;_videos:yes;_details:yes
gutenberg_en_lcc-f		Project Gutenberg Library	History of the Americas	eng	gutenberg	9888134144	2875	2026-03-05	https://lb.download.kiwix.org/zim/gutenberg/gutenberg_en_lcc-f_2026-03.zim	_category:gutenberg;gutenberg;_ftindex:no;_pictures:yes;_videos:yes;_details:yes
ted_mul_identity		TED identity	A collection of TED videos about identity	eng,spa,zho,fra,ara,ita,por,tur,kor,vie,rus,jpn,heb,fas,hun,ron,srp,nld	ted	3117376512	249	2026-09-09	https://lb.download.kiwix.org/zim/ted/ted_mul_identity_2026-09.zim	_category:ted;ted;_videos:yes;_ftindex:yes;_pictures:yes;_details:yes
ted_mul_discovery		TED discovery	A collection of TED videos about discovery	eng,spa,ara,fra,kor,tur,zho,ita,por,vie,jpn,rus,heb,fas,hun,ell,pol,ron	ted	459837440	44	2026-09-11	https://lb.download.kiwix.org/zim/ted/ted_mul_discovery_2026-09.zim	_category:ted;ted;_videos:yes;_ftindex:yes;_pictures:yes;_details:yes
ted_mul_food		TED food	A collection of TED videos about food	eng,spa,fra,ara,zho,vie,ita,heb,kor,tur,por,rus,jpn,ind,deu,fas,ron,hun	ted	2319586304	223	2026-09-12	https://lb.download.kiwix.org/zim/ted/ted_mul_food_2026-09.zim	_category:ted;ted;_videos:yes;_ftindex:yes;_pictures:yes;_details:yes
ted_mul_motivation		TED motivation	A collection of TED videos about motivation	eng,ara,spa,zho,vie,fra,ita,kor,tur,por,rus,fas,jpn,heb,hun,ron,srp,nld	ted	1912807424	143	2026-09-14	https://lb.download.kiwix.org/zim/ted/ted_mul_motivation_2026-09.zim	_category:ted;ted;_videos:yes;_ftindex:yes;_pictures:yes;_details:yes
ted_mul_self		TED self	A collection of TED videos about self	eng,spa,fra,ara,zho,ita,vie,kor,por,jpn,tur,rus,fas,heb,ron,hun,ind,ell	ted	2011503616	154	2026-09-15	https://lb.download.kiwix.org/zim/ted/ted_mul_self_2026-09.zim	_category:ted;ted;_videos:yes;_ftindex:yes;_pictures:yes;_details:yes
ted_mul_goals		TED goals	A collection of TED videos about goals	eng,ara,spa,zho,vie,fra,por,ita,tur,kor,rus,jpn,heb,fas,ron,hun,nld,ind	ted	1330401280	87	2026-09-15	https://lb.download.kiwix.org/zim/ted/ted_mul_goals_2026-09.zim	_category:ted;ted;_videos:yes;_ftindex:yes;_pictures:yes;_details:yes
ted_mul_vaccines		TED vaccines	A collection of TED videos about vaccines	eng,spa,ara,zho,fra,por,ita,kor,vie,rus,fas,tur,heb,jpn,ron,hun,ind,deu	ted	689443840	61	2026-09-16	https://lb.download.kiwix.org/zim/ted/ted_mul_vaccines_2026-09.zim	_category:ted;ted;_videos:yes;_ftindex:yes;_pictures:yes;_details:yes
ted_mul_ethics		TED ethics	A collection of TED videos about ethics	eng,ita,ara,spa,zho,fra,vie,heb,kor,tur,por,rus,fas,deu,jpn,ron,ind,pol	ted	838932480	75	2026-09-15	https://lb.download.kiwix.org/zim/ted/ted_mul_ethics_2026-09.zim	_category:ted;ted;_videos:yes;_ftindex:yes;_pictures:yes;_details:yes
ted_mul_work-life-balance		TED work-life balance	A collection of TED videos about work-life balance	eng,spa,zho,ara,vie,fra,kor,ita,por,tur	ted	1511998464	114	2026-09-16	https://lb.download.kiwix.org/zim/ted/ted_mul_work-life-balance_2026-09.zim	_category:ted;ted;_videos:yes;_ftindex:yes;_pictures:yes;_details:yes
ted_mul_fish		TED fish	A collection of TED videos about fish	eng,spa,ara,fra,ita,kor,zho,por,vie,tur,rus,heb,jpn,deu,pol,ind,ron,nld	ted	768480256	74	2026-09-16	https://lb.download.kiwix.org/zim/ted/ted_mul_fish_2026-09.zim	_category:ted;ted;_videos:yes;_ftindex:yes;_pictures:yes;_details:yes
ted_mul_consumerism		TED consumerism	A collection of TED videos about consumerism	eng,ara,spa,zho,vie,ita,por,fra,kor,rus,heb,tur,jpn,ron,hun,ell,nld,deu	ted	521255936	45	2026-09-16	https://lb.download.kiwix.org/zim/ted/ted_mul_consumerism_2026-09.zim	_category:ted;ted;_videos:yes;_ftindex:yes;_pictures:yes;_details:yes
ted_mul_manufacturing		TED manufacturing	A collection of TED videos about manufacturing	eng,ara,spa,zho,fra,vie,por,rus,ita,jpn,kor,hun,tur,fas,heb,ron,pol,nld	ted	417619968	32	2026-09-16	https://lb.download.kiwix.org/zim/ted/ted_mul_manufacturing_2026-09.zim	_category:ted;ted;_videos:yes;_ftindex:yes;_pictures:yes;_details:yes
ted_mul_fashion		TED fashion	A collection of TED videos about fashion	eng,ara,spa,fra,ita,zho,tur,kor,vie,rus,por,jpn,heb,hun,ron,fas,ind,deu	ted	448833536	50	2026-09-16	https://lb.download.kiwix.org/zim/ted/ted_mul_fashion_2026-09.zim	_category:ted;ted;_videos:yes;_ftindex:yes;_pictures:yes;_details:yes
ted_mul_urban-planning		TED urban planning	A collection of TED videos about urban planning	eng,ara,spa,fra,zho,kor,rus,ita,por,tur,vie,jpn,fas,heb	ted	785668096	71	2026-09-16	https://lb.download.kiwix.org/zim/ted/ted_mul_urban-planning_2026-09.zim	_category:ted;ted;_videos:yes;_ftindex:yes;_pictures:yes;_details:yes
ted_mul_alzheimers		TED alzheimer's	A collection of TED videos about alzheimer's	eng,ara,spa,zho,fra,ita,vie,kor,por,tur,heb,fas,jpn,rus,ron,ind,ell,srp	ted	209119232	25	2026-09-16	https://lb.download.kiwix.org/zim/ted/ted_mul_alzheimers_2026-09.zim	_category:ted;ted;_videos:yes;_ftindex:yes;_pictures:yes;_details:yes
ted_mul_forensics		TED forensics	A collection of TED videos about forensics	eng,ara,fra,kor,por,tur,zho,spa,ita,vie,deu,heb,hun,rus,fas,ind,jpn,tha	ted	109797376	10	2026-09-16	https://lb.download.kiwix.org/zim/ted/ted_mul_forensics_2026-09.zim	_category:ted;ted;_videos:yes;_ftindex:yes;_pictures:yes;_details:yes
ted_mul_dinosaurs		TED dinosaurs	A collection of TED videos about dinosaurs	eng,ara,spa,fra,kor,por,tur,zho,ita,jpn,vie,heb,pol,rus,ron,deu,nld,bul	ted	243501056	21	2026-09-16	https://lb.download.kiwix.org/zim/ted/ted_mul_dinosaurs_2026-09.zim	_category:ted;ted;_videos:yes;_ftindex:yes;_pictures:yes;_details:yes
ted_mul_all		All TED videos	A collection of all TED videos	eng,spa,ara,zho,fra,vie,ita,kor,por,tur,rus,heb,jpn,ron,fas,hun,deu,pol	ted	91175796736	7474	2026-09-17	https://lb.download.kiwix.org/zim/ted/ted_mul_all_2026-09.zim	_category:ted;ted;_videos:yes;_ftindex:yes;_pictures:yes;_details:yes
ted_mul_television		TED television	A collection of TED videos about television	eng,spa,zho,ara,fra,kor,rus,por,heb,ita,jpn,vie,fas,hun,tur,srp,nld,pol,ron	ted	367502336	19	2026-09-15	https://lb.download.kiwix.org/zim/ted/ted_mul_television_2026-09.zim	_category:ted;ted;_videos:yes;_ftindex:yes;_pictures:yes;_details:yes
ted_mul_tedmed		TED tedmed	A collection of TED videos about tedmed	eng,ara,spa,fra,kor,por,zho,ita,tur,rus,fas,jpn,vie,hun,ell,heb,ron,nld,ukr	ted	614558720	45	2026-09-09	https://lb.download.kiwix.org/zim/ted/ted_mul_tedmed_2026-09.zim	_category:ted;ted;_videos:yes;_ftindex:yes;_pictures:yes;_details:yes
ted_mul_cities		TED cities	A collection of TED videos about cities	eng,ara,spa,zho,fra,kor,ita,rus,por,tur,vie,jpn,heb,ron,pol,nld,deu,fas,hun	ted	2198005760	177	2026-09-09	https://lb.download.kiwix.org/zim/ted/ted_mul_cities_2026-09.zim	_category:ted;ted;_videos:yes;_ftindex:yes;_pictures:yes;_details:yes
ted_mul_rivers		TED rivers	A collection of TED videos about rivers	eng,por,ara,spa,fra,ita,kor,vie,zho,rus,heb,tur,fas,hun,pol,jpn,ron,deu,ind	ted	164616192	16	2026-09-11	https://lb.download.kiwix.org/zim/ted/ted_mul_rivers_2026-09.zim	_category:ted;ted;_videos:yes;_ftindex:yes;_pictures:yes;_details:yes
ted_mul_economics		TED economics	A collection of TED videos about economics	eng,spa,ara,zho,fra,vie,ita,kor,por,tur,rus,heb,jpn,hun,ron,fas,deu,nld,pol	ted	4846005248	329	2026-09-12	https://lb.download.kiwix.org/zim/ted/ted_mul_economics_2026-09.zim	_category:ted;ted;_videos:yes;_ftindex:yes;_pictures:yes;_details:yes
ted_mul_nature		TED nature	A collection of TED videos about nature	eng,spa,ara,zho,fra,por,ita,vie,kor,tur,rus,jpn,heb,fas,hun,ron,ind,pol,deu	ted	3533408256	345	2026-09-14	https://lb.download.kiwix.org/zim/ted/ted_mul_nature_2026-09.zim	_category:ted;ted;_videos:yes;_ftindex:yes;_pictures:yes;_details:yes
ted_mul_internet		TED internet	A collection of TED videos about internet	eng,spa,ara,zho,fra,ita,kor,vie,por,rus,tur,heb,jpn,ron,fas,hun,deu,nld,ell	ted	3007736832	220	2026-09-14	https://lb.download.kiwix.org/zim/ted/ted_mul_internet_2026-09.zim	_category:ted;ted;_videos:yes;_ftindex:yes;_pictures:yes;_details:yes
ted_mul_pain		TED pain	A collection of TED videos about pain	eng,ara,spa,ita,kor,vie,zho,fra,heb,tur,mya,por,rus,deu,fas,ind,tha,hun,ron	ted	97394688	12	2026-09-14	https://lb.download.kiwix.org/zim/ted/ted_mul_pain_2026-09.zim	_category:ted;ted;_videos:yes;_ftindex:yes;_pictures:yes;_details:yes
ted_mul_renewable-energy		TED renewable energy	A collection of TED videos about renewable energy	eng,spa,ara,vie,zho,fra,ita,heb,kor,tur,por,rus,jpn,deu,pol	ted	1065677824	92	2026-09-15	https://lb.download.kiwix.org/zim/ted/ted_mul_renewable-energy_2026-09.zim	_category:ted;ted;_videos:yes;_ftindex:yes;_pictures:yes;_details:yes
ted_mul_shopping		TED shopping	A collection of TED videos about shopping	eng,ara,spa,zho,ita,kor,rus,fra,vie,por,tur,heb,jpn,pol,fas,hun,deu,nld,ron	ted	191242240	19	2026-09-15	https://lb.download.kiwix.org/zim/ted/ted_mul_shopping_2026-09.zim	_category:ted;ted;_videos:yes;_ftindex:yes;_pictures:yes;_details:yes
ted_mul_slavery		TED slavery	A collection of TED videos about slavery	eng,ara,spa,fra,kor,por,zho,heb,ita,rus,tur,vie,jpn,pol,fas,ind,ell,ron,srp	ted	348300288	35	2026-09-15	https://lb.download.kiwix.org/zim/ted/ted_mul_slavery_2026-09.zim	_category:ted;ted;_videos:yes;_ftindex:yes;_pictures:yes;_details:yes
ted_mul_insects		TED insects	A collection of TED videos about insects	eng,spa,ara,fra,zho,ita,kor,vie,rus,tur,por,heb,jpn,pol,ind,deu,fas,ron,hun	ted	900232192	86	2026-09-15	https://lb.download.kiwix.org/zim/ted/ted_mul_insects_2026-09.zim	_category:ted;ted;_videos:yes;_ftindex:yes;_pictures:yes;_details:yes
ted_mul_audacious-project		TED the audacious project	A collection of TED videos about the audacious project	eng,spa,ara,zho,fra,vie,ita,por,kor,tur,rus	ted	612298752	60	2026-09-16	https://lb.download.kiwix.org/zim/ted/ted_mul_audacious-project_2026-09.zim	_category:ted;ted;_videos:yes;_ftindex:yes;_pictures:yes;_details:yes
ted_mul_plants		TED plants	A collection of TED videos about plants	eng,fra,ara,spa,zho,vie,ita,kor,por,tur,heb,rus,jpn,fas,ind,ron,hun,pol,deu	ted	663662592	68	2026-09-15	https://lb.download.kiwix.org/zim/ted/ted_mul_plants_2026-09.zim	_category:ted;ted;_videos:yes;_ftindex:yes;_pictures:yes;_details:yes
ted_mul_fungi		TED fungi	A collection of TED videos about fungi	eng,ara,spa,fra,kor,zho,ita,vie,por,tur,heb,deu,fas,ind,rus,jpn,nld,hun,ron	ted	239956992	22	2026-09-16	https://lb.download.kiwix.org/zim/ted/ted_mul_fungi_2026-09.zim	_category:ted;ted;_videos:yes;_ftindex:yes;_pictures:yes;_details:yes
ted_mul_weather		TED weather	A collection of TED videos about weather	eng,ara,spa,zho,fra,ita,kor,por,vie,rus,tur,heb,jpn,fas,pol,hun,deu,ind,ron	ted	385771520	42	2026-09-16	https://lb.download.kiwix.org/zim/ted/ted_mul_weather_2026-09.zim	_category:ted;ted;_videos:yes;_ftindex:yes;_pictures:yes;_details:yes
ted_mul_cryptocurrency		TED cryptocurrency	A collection of TED videos about cryptocurrency	eng,ara,spa,fra,ita,jpn,kor,por,vie,zho,fas,rus,tur,heb,hun,ind,nld,ron,srp	ted	146473984	10	2026-09-16	https://lb.download.kiwix.org/zim/ted/ted_mul_cryptocurrency_2026-09.zim	_category:ted;ted;_videos:yes;_ftindex:yes;_pictures:yes;_details:yes
appropedia_en_all	maxi	Appropedia	Shared knowledge to build rich, sustainable lives	eng		581642240	30736	2026-02-26	https://lb.download.kiwix.org/zim/other/appropedia_en_all_maxi_2026-02.zim	appropedia;_pictures:yes;_videos:no;_details:yes;_ftindex:yes
devdocs_en_sinon		Sinon.JS Docs	Sinon.JS documentation, by DevDocs	eng		361472	15	2026-08-02	https://lb.download.kiwix.org/zim/devdocs/devdocs_en_sinon_2026-08.zim	devdocs;sinon;_ftindex:no;_pictures:yes;_videos:yes;_details:yes
devdocs_en_vue-router		Vue Router Docs	Vue Router documentation, by DevDocs	eng		524288	158	2026-07-06	https://lb.download.kiwix.org/zim/devdocs/devdocs_en_vue-router_2026-07.zim	devdocs;vue_router;_ftindex:no;_pictures:yes;_videos:yes;_details:yes
devdocs_en_react-bootstrap		React Bootstrap Docs	React Bootstrap documentation, by DevDocs	eng		422912	37	2026-07-06	https://lb.download.kiwix.org/zim/devdocs/devdocs_en_react-bootstrap_2026-07.zim	devdocs;react_bootstrap;_ftindex:no;_pictures:yes;_videos:yes;_details:yes
libretexts.org_en_biz		Business LibreTexts	Business courses and bookshelves from LibreTexts.org	eng		839754752	27655	2026-01-16	https://lb.download.kiwix.org/zim/libretexts/libretexts.org_en_biz_2026-01.zim	_ftindex:no;_pictures:yes;_videos:yes;_details:yes
devdocs_en_scikit-learn		scikit-learn Docs	scikit-learn documentation, by DevDocs	eng		56888320	933	2026-04-04	https://lb.download.kiwix.org/zim/devdocs/devdocs_en_scikit-learn_2026-04.zim	devdocs;scikit_learn;_ftindex:no;_pictures:yes;_videos:yes;_details:yes
libretexts.org_en_math		Mathematics LibreTexts	Mathematics courses and bookshelves from LibreTexts.org	eng		830646272	38289	2026-01-16	https://lb.download.kiwix.org/zim/libretexts/libretexts.org_en_math_2026-01.zim	_ftindex:no;_pictures:yes;_videos:yes;_details:yes
libretexts.org_en_geo		Geosciences LibreTexts	Geosciences courses and bookshelves from LibreTexts.org	eng		1188117504	10080	2026-01-16	https://lb.download.kiwix.org/zim/libretexts/libretexts.org_en_geo_2026-01.zim	_ftindex:no;_pictures:yes;_videos:yes;_details:yes
devdocs_en_tailwindcss		Tailwind CSS Docs	Tailwind CSS documentation, by DevDocs	eng		600064	184	2026-08-18	https://lb.download.kiwix.org/zim/devdocs/devdocs_en_tailwindcss_2026-08.zim	devdocs;tailwindcss;_ftindex:no;_pictures:yes;_videos:yes;_details:yes
maps_en_isle-of-man		Isle of Man	Full map, including roads and landmarks	eng		131210240	26	2026-06-09	https://lb.download.kiwix.org/zim/maps/maps_en_isle-of-man_2026-06.zim	_sw:no;_ftindex:no;_pictures:yes;_videos:no;_details:yes
devdocs_en_tcl-tk		Tcl/Tk Docs	Tcl/Tk documentation, by DevDocs	eng		1330176	275	2026-07-03	https://lb.download.kiwix.org/zim/devdocs/devdocs_en_tcl-tk_2026-07.zim	devdocs;tcl_tk;_ftindex:no;_pictures:yes;_videos:yes;_details:yes
libretexts.org_en_human		Humanities LibreTexts	Humanities courses and bookshelves from LibreTexts.org	eng		4433683456	70113	2026-07-03	https://lb.download.kiwix.org/zim/libretexts/libretexts.org_en_human_2026-07.zim	_ftindex:no;_pictures:yes;_videos:yes;_details:yes
metakgp_en_all	maxi	Metakgp Wiki	The community wiki for IIT Kharagpur	eng		7653376	3662	2026-07-24	https://lb.download.kiwix.org/zim/other/metakgp_en_all_maxi_2026-07.zim	metakgp;_pictures:yes;_videos:no;_details:yes;_ftindex:yes
metakgp_en_all	nopic	Metakgp Wiki	The community wiki for IIT Kharagpur	eng		4860928	3662	2026-07-24	https://lb.download.kiwix.org/zim/other/metakgp_en_all_nopic_2026-07.zim	metakgp;_pictures:no;_videos:no;_details:yes;_ftindex:yes
devdocs_en_xslt-xpath		XSLT & XPath Docs	XSLT & XPath documentation, by DevDocs	eng		428032	108	2026-04-04	https://lb.download.kiwix.org/zim/devdocs/devdocs_en_xslt-xpath_2026-04.zim	devdocs;xslt_xpath;_ftindex:no;_pictures:yes;_videos:yes;_details:yes
devdocs_en_socketio		Socket.IO Docs	Socket.IO documentation, by DevDocs	eng		1108992	43	2026-07-03	https://lb.download.kiwix.org/zim/devdocs/devdocs_en_socketio_2026-07.zim	devdocs;socketio;_ftindex:no;_pictures:yes;_videos:yes;_details:yes
devdocs_en_sanctuary-def		Sanctuary Def Docs	Sanctuary Def documentation, by DevDocs	eng		318464	1	2026-07-03	https://lb.download.kiwix.org/zim/devdocs/devdocs_en_sanctuary-def_2026-07.zim	devdocs;sanctuary_def;_ftindex:no;_pictures:yes;_videos:yes;_details:yes
devdocs_en_dom		Web APIs Docs	Web APIs documentation, by DevDocs	eng		14163968	7766	2026-05-20	https://lb.download.kiwix.org/zim/devdocs/devdocs_en_dom_2026-05.zim	devdocs;dom;_ftindex:no;_pictures:yes;_videos:yes;_details:yes
devdocs_en_scikit-image		scikit-image Docs	scikit-image documentation, by DevDocs	eng		11318272	35	2026-07-03	https://lb.download.kiwix.org/zim/devdocs/devdocs_en_scikit-image_2026-07.zim	devdocs;scikit_image;_ftindex:no;_pictures:yes;_videos:yes;_details:yes
devdocs_en_apache-pig		Apache Pig Docs	Apache Pig documentation, by DevDocs	eng		517120	10	2026-07-03	https://lb.download.kiwix.org/zim/devdocs/devdocs_en_apache-pig_2026-07.zim	devdocs;apache_pig;_ftindex:no;_pictures:yes;_videos:yes;_details:yes
devdocs_en_underscore		Underscore.js Docs	Underscore.js documentation, by DevDocs	eng		340992	1	2026-07-06	https://lb.download.kiwix.org/zim/devdocs/devdocs_en_underscore_2026-07.zim	devdocs;underscore;_ftindex:no;_pictures:yes;_videos:yes;_details:yes
devdocs_en_handlebars		Handlebars.js Docs	Handlebars.js documentation, by DevDocs	eng		353280	9	2026-07-03	https://lb.download.kiwix.org/zim/devdocs/devdocs_en_handlebars_2026-07.zim	devdocs;handlebars;_ftindex:no;_pictures:yes;_videos:yes;_details:yes
devdocs_en_react-router		React Router Docs	React Router documentation, by DevDocs	eng		497664	96	2026-07-05	https://lb.download.kiwix.org/zim/devdocs/devdocs_en_react-router_2026-07.zim	devdocs;react_router;_ftindex:no;_pictures:yes;_videos:yes;_details:yes
maps_en_guernsey-and-jersey		Guernsey and Jersey	Full map, including roads and landmarks	eng		131325952	36	2026-06-11	https://lb.download.kiwix.org/zim/maps/maps_en_guernsey-and-jersey_2026-06.zim	_sw:no;_ftindex:no;_pictures:yes;_videos:no;_details:yes
devdocs_en_gnu-make		GNU Make Docs	GNU Make documentation, by DevDocs	eng		613376	170	2026-07-03	https://lb.download.kiwix.org/zim/devdocs/devdocs_en_gnu-make_2026-07.zim	devdocs;gnu_make;_ftindex:no;_pictures:yes;_videos:yes;_details:yes
devdocs_en_threejs		Three.js Docs	Three.js documentation, by DevDocs	eng		877568	302	2026-03-29	https://lb.download.kiwix.org/zim/devdocs/devdocs_en_threejs_2026-03.zim	devdocs;threejs;_ftindex:no;_pictures:yes;_videos:yes;_details:yes
wikitech_en_all	maxi	Wikitech	Technical documentation for Wikimedia wikis and infrastructure	eng		48555008	8755	2024-06-28	https://lb.download.kiwix.org/zim/other/wikitech_en_all_maxi_2024-06.zim	wikimedia;_pictures:yes;_videos:no;_details:yes;_ftindex:yes
devdocs_en_jquerymobile		jQuery Mobile Docs	jQuery Mobile documentation, by DevDocs	eng		525312	99	2026-07-03	https://lb.download.kiwix.org/zim/devdocs/devdocs_en_jquerymobile_2026-07.zim	devdocs;jquerymobile;_ftindex:no;_pictures:yes;_videos:yes;_details:yes
devdocs_en_jqueryui		jQuery UI Docs	jQuery UI documentation, by DevDocs	eng		462848	82	2026-07-03	https://lb.download.kiwix.org/zim/devdocs/devdocs_en_jqueryui_2026-07.zim	devdocs;jqueryui;_ftindex:no;_pictures:yes;_videos:yes;_details:yes
devdocs_en_date-fns		date-fns Docs	date-fns documentation, by DevDocs	eng		499712	253	2026-07-05	https://lb.download.kiwix.org/zim/devdocs/devdocs_en_date-fns_2026-07.zim	devdocs;date_fns;_ftindex:no;_pictures:yes;_videos:yes;_details:yes
devdocs_en_minitest		Ruby / Minitest Docs	Ruby / Minitest documentation, by DevDocs	eng		376832	35	2026-07-03	https://lb.download.kiwix.org/zim/devdocs/devdocs_en_minitest_2026-07.zim	devdocs;minitest;_ftindex:no;_pictures:yes;_videos:yes;_details:yes
maps_en_israel-and-palestine		Israel and Palestine	Full map, including roads and landmarks	eng		232064000	136	2026-06-06	https://lb.download.kiwix.org/zim/maps/maps_en_israel-and-palestine_2026-06.zim	_sw:no;_ftindex:no;_pictures:yes;_videos:no;_details:yes
devdocs_en_react-native		React Native Docs	React Native documentation, by DevDocs	eng		2147328	142	2026-07-06	https://lb.download.kiwix.org/zim/devdocs/devdocs_en_react-native_2026-07.zim	devdocs;react_native;_ftindex:no;_pictures:yes;_videos:yes;_details:yes
devdocs_en_marionette		Marionette.js Docs	Marionette.js documentation, by DevDocs	eng		407552	25	2026-07-06	https://lb.download.kiwix.org/zim/devdocs/devdocs_en_marionette_2026-07.zim	devdocs;marionette;_ftindex:no;_pictures:yes;_videos:yes;_details:yes
devdocs_en_browser-support-tables		Support Tables Docs	Support Tables documentation, by DevDocs	eng		1399808	553	2026-07-05	https://lb.download.kiwix.org/zim/devdocs/devdocs_en_browser-support-tables_2026-07.zim	devdocs;browser_support_tables;_ftindex:no;_pictures:yes;_videos:yes;_details:yes
devdocs_en_nextjs		Next.js Docs	Next.js documentation, by DevDocs	eng		1043456	340	2026-04-04	https://lb.download.kiwix.org/zim/devdocs/devdocs_en_nextjs_2026-04.zim	devdocs;nextjs;_ftindex:no;_pictures:yes;_videos:yes;_details:yes
libretexts.org_en_workforce		Workforce LibreTexts	Workforce courses and bookshelves from LibreTexts.org	eng		513664000	9568	2026-01-16	https://lb.download.kiwix.org/zim/libretexts/libretexts.org_en_workforce_2026-01.zim	_ftindex:no;_pictures:yes;_videos:yes;_details:yes
devdocs_en_web-extensions		Web Extensions Docs	Web Extensions documentation, by DevDocs	eng		4192256	694	2026-07-03	https://lb.download.kiwix.org/zim/devdocs/devdocs_en_web-extensions_2026-07.zim	devdocs;web_extensions;_ftindex:no;_pictures:yes;_videos:yes;_details:yes
devdocs_en_spring-boot		Spring Boot Docs	Spring Boot documentation, by DevDocs	eng		832512	24	2026-07-06	https://lb.download.kiwix.org/zim/devdocs/devdocs_en_spring-boot_2026-07.zim	devdocs;spring_boot;_ftindex:no;_pictures:yes;_videos:yes;_details:yes
devdocs_en_immutable		Immutable.js Docs	Immutable.js documentation, by DevDocs	eng		394240	52	2026-07-03	https://lb.download.kiwix.org/zim/devdocs/devdocs_en_immutable_2026-07.zim	devdocs;immutable;_ftindex:no;_pictures:yes;_videos:yes;_details:yes
devdocs_en_tensorflow-cpp		TensorFlow C++ Docs	TensorFlow C++ documentation, by DevDocs	eng		1492992	913	2026-08-02	https://lb.download.kiwix.org/zim/devdocs/devdocs_en_tensorflow-cpp_2026-08.zim	devdocs;tensorflow_cpp;_ftindex:no;_pictures:yes;_videos:yes;_details:yes
devdocs_en_es-toolkit		es-toolkit Docs	es-toolkit documentation, by DevDocs	eng		789504	501	2026-07-06	https://lb.download.kiwix.org/zim/devdocs/devdocs_en_es-toolkit_2026-07.zim	devdocs;es_toolkit;_ftindex:no;_pictures:yes;_videos:yes;_details:yes
mdwiki_en_all		MDWiki Medical Encyclopedia	Healthcare articles curated by WikiProjectMed	eng		10752257024	363797	2025-11-14	https://lb.download.kiwix.org/zim/other/mdwiki_en_all_2025-11.zim	medical;mdwiki;_details:yes;_ftindex:yes;_pictures:yes;_videos:yes
maps_en_australia-oceania		Australia and Oceania	Full map, including roads and landmarks	eng		8575618048	153263	2026-08-21	https://lb.download.kiwix.org/zim/maps/maps_en_australia-oceania_2026-08.zim	_sw:no;_ftindex:no;_pictures:yes;_videos:no;_details:yes
devdocs_en_backbone		Backbone.js Docs	Backbone.js documentation, by DevDocs	eng		358400	1	2026-07-06	https://lb.download.kiwix.org/zim/devdocs/devdocs_en_backbone_2026-07.zim	devdocs;backbone;_ftindex:no;_pictures:yes;_videos:yes;_details:yes
devdocs_en_ember		Ember.js Docs	Ember.js documentation, by DevDocs	eng		1221632	543	2026-04-04	https://lb.download.kiwix.org/zim/devdocs/devdocs_en_ember_2026-04.zim	devdocs;ember;_ftindex:no;_pictures:yes;_videos:yes;_details:yes
maps_en_papua-new-guinea		Papua New Guinea	Full map, including roads and landmarks	eng		264818688	2011	2026-06-08	https://lb.download.kiwix.org/zim/maps/maps_en_papua-new-guinea_2026-06.zim	_sw:no;_ftindex:no;_pictures:yes;_videos:no;_details:yes
maps_en_senegal-and-gambia		Senegal and Gambia	Full map, including roads and landmarks	eng		225142784	301	2026-06-05	https://lb.download.kiwix.org/zim/maps/maps_en_senegal-and-gambia_2026-06.zim	_sw:no;_ftindex:no;_pictures:yes;_videos:no;_details:yes
music.dalitio.de_en_all		Music by Christoph Dalitz	Sheet Music by Christoph Dalitz	eng	other	39953408	729	2026-08-13	https://lb.download.kiwix.org/zim/zimit/music.dalitio.de_en_all_2026-08.zim	_ftindex:yes;_category:other;_pictures:yes;_videos:yes;_details:yes
devdocs_en_d3		D3.js Docs	D3.js documentation, by DevDocs	eng		10843136	44	2026-07-06	https://lb.download.kiwix.org/zim/devdocs/devdocs_en_d3_2026-07.zim	devdocs;d3;_ftindex:no;_pictures:yes;_videos:yes;_details:yes
devdocs_en_gnu-fortran		GNU Fortran Docs	GNU Fortran documentation, by DevDocs	eng		790528	449	2026-08-02	https://lb.download.kiwix.org/zim/devdocs/devdocs_en_gnu-fortran_2026-08.zim	devdocs;gnu_fortran;_ftindex:no;_pictures:yes;_videos:yes;_details:yes
maps_en_central-african-republic		Central African Republic	Full map, including roads and landmarks	eng		369183744	215	2026-06-03	https://lb.download.kiwix.org/zim/maps/maps_en_central-african-republic_2026-06.zim	_sw:no;_ftindex:no;_pictures:yes;_videos:no;_details:yes
devdocs_en_vertx		Vert.x Docs	Vert.x documentation, by DevDocs	eng		1548288	97	2026-07-06	https://lb.download.kiwix.org/zim/devdocs/devdocs_en_vertx_2026-07.zim	devdocs;vertx;_ftindex:no;_pictures:yes;_videos:yes;_details:yes
neos-wiki_en_all	maxi	Neos Wiki	Accelerate development of social VR applications	eng		18239488	3796	2023-01-16	https://lb.download.kiwix.org/zim/other/neos-wiki_en_all_maxi_2023-01.zim	neos;_pictures:yes;_videos:no;_details:yes;_ftindex:yes
neos-wiki_en_all	nopic	Neos Wiki	Accelerate development of social VR applications	eng		9364480	3796	2023-01-16	https://lb.download.kiwix.org/zim/other/neos-wiki_en_all_nopic_2023-01.zim	neos;_pictures:no;_videos:no;_details:yes;_ftindex:yes
devdocs_en_angularjs		Angular.js Docs	Angular.js documentation, by DevDocs	eng		1098752	307	2026-07-05	https://lb.download.kiwix.org/zim/devdocs/devdocs_en_angularjs_2026-07.zim	devdocs;angularjs;_ftindex:no;_pictures:yes;_videos:yes;_details:yes
based.cooking_en_all		based.cooking LukeSmith	Recipes summited by computer savvy cooks	eng	other	15775744	500	2026-08-11	https://lb.download.kiwix.org/zim/zimit/based.cooking_en_all_2026-08.zim	_category:other;_ftindex:yes;_pictures:yes;_videos:yes;_details:yes
libretexts.org_en_chem		Chemistry LibreTexts	Chemistry courses and bookshelves from LibreTexts.org	eng		2182917120	89351	2025-01-16	https://lb.download.kiwix.org/zim/libretexts/libretexts.org_en_chem_2025-01.zim	_ftindex:no;_pictures:yes;_videos:yes;_details:yes
devdocs_en_moment		Moment.js Docs	Moment.js documentation, by DevDocs	eng		405504	2	2026-04-04	https://lb.download.kiwix.org/zim/devdocs/devdocs_en_moment_2026-04.zim	devdocs;moment;_ftindex:no;_pictures:yes;_videos:yes;_details:yes
maps_en_wallis-et-futuna		Wallis et Futuna	Full map, including roads and landmarks	eng		131354624	49	2026-06-08	https://lb.download.kiwix.org/zim/maps/maps_en_wallis-et-futuna_2026-06.zim	_sw:no;_ftindex:no;_pictures:yes;_videos:no;_details:yes
libretexts.org_en_phys		Physics LibreTexts	Physics courses and bookshelves from LibreTexts.org	eng		559554560	18480	2026-01-16	https://lb.download.kiwix.org/zim/libretexts/libretexts.org_en_phys_2026-01.zim	_ftindex:no;_pictures:yes;_videos:yes;_details:yes
libretexts.org_en_stats		Statistics LibreTexts	Statistics courses and bookshelves from LibreTexts.org	eng		215779328	11511	2026-01-16	https://lb.download.kiwix.org/zim/libretexts/libretexts.org_en_stats_2026-01.zim	_ftindex:no;_pictures:yes;_videos:yes;_details:yes
lgbtqia.wiki_en_all	maxi	LGBTQIA Wiki	The largest wiki on LGBTQIA+ Terminology	eng		28075008	10974	2026-07-09	https://lb.download.kiwix.org/zim/other/lgbtqia.wiki_en_all_maxi_2026-07.zim	lgbtqia;_pictures:yes;_videos:no;_details:yes;_ftindex:yes
devdocs_en_knockout		Knockout.js Docs	Knockout.js documentation, by DevDocs	eng		481280	53	2026-05-20	https://lb.download.kiwix.org/zim/devdocs/devdocs_en_knockout_2026-05.zim	devdocs;knockout;_ftindex:no;_pictures:yes;_videos:yes;_details:yes
devdocs_en_node		Node.js Docs	Node.js documentation, by DevDocs	eng		1417216	65	2026-08-02	https://lb.download.kiwix.org/zim/devdocs/devdocs_en_node_2026-08.zim	devdocs;node;_ftindex:no;_pictures:yes;_videos:yes;_details:yes
libretexts.org_en_bio		Biology LibreTexts	Biology courses and bookshelves from LibreTexts.org	eng		2240947200	27000	2025-01-16	https://lb.download.kiwix.org/zim/libretexts/libretexts.org_en_bio_2025-01.zim	_ftindex:no;_pictures:yes;_videos:yes;_details:yes
ted_mul_happiness		TED happiness	A collection of TED videos about happiness	eng,spa,ara,zho,fra,vie,ita,por,heb,tur,kor,rus,ron,jpn,fas,deu,hun,ell,nld,pol	ted	2471209984	158	2026-09-09	https://lb.download.kiwix.org/zim/ted/ted_mul_happiness_2026-09.zim	_category:ted;ted;_videos:yes;_ftindex:yes;_pictures:yes;_details:yes
ted_mul_collaboration		TED collaboration	A collection of TED videos about collaboration	eng,spa,ara,zho,por,fra,ita,kor,rus,tur,jpn,vie,heb,fas,hun,ron,nld,pol,deu,ell	ted	3778960384	285	2026-09-10	https://lb.download.kiwix.org/zim/ted/ted_mul_collaboration_2026-09.zim	_category:ted;ted;_videos:yes;_ftindex:yes;_pictures:yes;_details:yes
ted_mul_health		TED health	A collection of TED videos about health	eng,spa,ara,zho,fra,vie,ita,kor,tur,por,rus,heb,jpn,fas,ron,hun,pol,ind,deu,ell	ted	7844532224	738	2026-09-09	https://lb.download.kiwix.org/zim/ted/ted_mul_health_2026-09.zim	_category:ted;ted;_videos:yes;_ftindex:yes;_pictures:yes;_details:yes
ted_mul_animals		TED animals	A collection of TED videos about animals	eng,ara,spa,zho,fra,vie,ita,kor,tur,rus,por,heb,jpn,pol,deu,ind,ron,fas,hun,tha	ted	3263603712	319	2026-09-10	https://lb.download.kiwix.org/zim/ted/ted_mul_animals_2026-09.zim	_category:ted;ted;_videos:yes;_ftindex:yes;_pictures:yes;_details:yes
ted_mul_anthropocene		TED anthropocene	A collection of TED videos about anthropocene	eng,fra,ara,spa,ita,kor,por,zho,rus,vie,jpn,tur,hun,nld,fas,heb,deu,ron,ell,ind	ted	445879296	39	2026-09-10	https://lb.download.kiwix.org/zim/ted/ted_mul_anthropocene_2026-09.zim	_category:ted;ted;_videos:yes;_ftindex:yes;_pictures:yes;_details:yes
ted_mul_psychology		TED psychology	A collection of TED videos about psychology	eng,spa,ara,zho,vie,fra,kor,ita,tur,por,heb,rus,ron,jpn,fas,hun,ind,deu,pol,srp	ted	4972065792	376	2026-09-10	https://lb.download.kiwix.org/zim/ted/ted_mul_psychology_2026-09.zim	_category:ted;ted;_videos:yes;_ftindex:yes;_pictures:yes;_details:yes
ted_mul_augmented-reality		TED augmented reality	A collection of TED videos about augmented reality	eng,ara,spa,fra,vie,zho,fas,ita,jpn,kor,heb,por,ron,rus,tur,hun	ted	127147008	13	2026-09-10	https://lb.download.kiwix.org/zim/ted/ted_mul_augmented-reality_2026-09.zim	_category:ted;ted;_videos:yes;_ftindex:yes;_pictures:yes;_details:yes
openmusictheory.com_en_all		Open Music Theory	An open-source, interactive, online textbook	eng	other	76967936	211	2026-09-11	https://lb.download.kiwix.org/zim/zimit/openmusictheory.com_en_all_2026-09.zim	_ftindex:yes;_category:other;_pictures:yes;_videos:yes;_details:yes
ted_mul_poetry		TED poetry	A collection of TED videos about poetry	eng,spa,ara,zho,fra,ita,vie,kor,por,rus,tur,jpn,heb,ron,fas,deu,ell,ind,pol,mya	ted	1248573440	119	2026-09-11	https://lb.download.kiwix.org/zim/ted/ted_mul_poetry_2026-09.zim	_category:ted;ted;_videos:yes;_ftindex:yes;_pictures:yes;_details:yes
ted_mul_science		TED science	A collection of TED videos about science	eng,spa,ara,fra,zho,kor,vie,ita,tur,por,rus,heb,jpn,fas,ron,pol,hun,deu,ind,ell	ted	15933600768	1389	2026-09-11	https://lb.download.kiwix.org/zim/ted/ted_mul_science_2026-09.zim	_category:ted;ted;_videos:yes;_ftindex:yes;_pictures:yes;_details:yes
ted_mul_poverty		TED poverty	A collection of TED videos about poverty	eng,ara,spa,zho,fra,ita,kor,por,tur,rus,vie,jpn,hun,ron,heb,deu,pol,nld,ell,ind	ted	1364104192	100	2026-09-11	https://lb.download.kiwix.org/zim/ted/ted_mul_poverty_2026-09.zim	_category:ted;ted;_videos:yes;_ftindex:yes;_pictures:yes;_details:yes
ted_mul_disease		TED disease	A collection of TED videos about disease	eng,ara,spa,zho,kor,fra,por,ita,tur,rus,vie,jpn,heb,fas,ron,pol,hun,ind,deu,ell	ted	2205099008	204	2026-09-11	https://lb.download.kiwix.org/zim/ted/ted_mul_disease_2026-09.zim	_category:ted;ted;_videos:yes;_ftindex:yes;_pictures:yes;_details:yes
ted_mul_robots		TED robots	A collection of TED videos about robots	eng,ara,spa,zho,fra,kor,ita,vie,por,tur,rus,heb,jpn,hun,fas,ron,pol,deu,ell,nld	ted	1286328320	106	2026-09-11	https://lb.download.kiwix.org/zim/ted/ted_mul_robots_2026-09.zim	_category:ted;ted;_videos:yes;_ftindex:yes;_pictures:yes;_details:yes
ted_mul_space		TED space	A collection of TED videos about space	eng,spa,ara,zho,fra,kor,ita,rus,vie,por,tur,jpn,heb,fas,hun,ron,ind,pol,srp,ell	ted	2090918912	200	2026-09-12	https://lb.download.kiwix.org/zim/ted/ted_mul_space_2026-09.zim	_category:ted;ted;_videos:yes;_ftindex:yes;_pictures:yes;_details:yes
permacomputing.net_en_all		Permacomputing	Exploring resilience and regenerativity in digital technology	eng	other	1038336	257	2026-09-13	https://lb.download.kiwix.org/zim/zimit/permacomputing.net_en_all_2026-09.zim	preppers,computing;_category:other;_ftindex:yes;_pictures:yes;_videos:yes;_details:yes
ted_mul_tedx		TED tedx	A collection of TED videos about tedx	eng,spa,ara,fra,zho,vie,kor,ita,por,tur,rus,jpn,heb,fas,ron,hun,nld,ell,deu,pol	ted	10066322432	749	2026-09-13	https://lb.download.kiwix.org/zim/ted/ted_mul_tedx_2026-09.zim	_category:ted;ted;_videos:yes;_ftindex:yes;_pictures:yes;_details:yes
ted_mul_love		TED love	A collection of TED videos about love	eng,spa,fra,ara,zho,ita,por,vie,kor,tur,jpn,rus,heb,ron,fas,hun,ind,deu,ell,srp	ted	1597195264	132	2026-09-14	https://lb.download.kiwix.org/zim/ted/ted_mul_love_2026-09.zim	_category:ted;ted;_videos:yes;_ftindex:yes;_pictures:yes;_details:yes
ted_mul_math		TED math	A collection of TED videos about math	eng,spa,ara,zho,fra,por,vie,ita,kor,tur,rus,jpn,heb,pol,ind,fas,ron,deu,hun,ell	ted	1457790976	179	2026-09-14	https://lb.download.kiwix.org/zim/ted/ted_mul_math_2026-09.zim	_category:ted;ted;_videos:yes;_ftindex:yes;_pictures:yes;_details:yes
ted_mul_mindfulness		TED mindfulness	A collection of TED videos about mindfulness	eng,fra,ara,spa,zho,ita,vie,kor,por,heb,tur,rus,fas,jpn,ron,deu,mya,hun,nld,ell	ted	482762752	34	2026-09-14	https://lb.download.kiwix.org/zim/ted/ted_mul_mindfulness_2026-09.zim	_category:ted;ted;_videos:yes;_ftindex:yes;_pictures:yes;_details:yes
ted_mul_engineering		TED engineering	A collection of TED videos about engineering	eng,ara,spa,zho,fra,kor,por,ita,vie,rus,tur,heb,jpn,fas,pol,ron,hun,deu,nld,ell	ted	2916919296	267	2026-09-14	https://lb.download.kiwix.org/zim/ted/ted_mul_engineering_2026-09.zim	_category:ted;ted;_videos:yes;_ftindex:yes;_pictures:yes;_details:yes
ted_mul_ocean		TED ocean	A collection of TED videos about ocean	eng,spa,fra,ara,zho,ita,kor,vie,por,tur,rus,jpn,heb,deu,pol,ind,ron,hun,fas,nld	ted	1923388416	195	2026-09-14	https://lb.download.kiwix.org/zim/ted/ted_mul_ocean_2026-09.zim	_category:ted;ted;_videos:yes;_ftindex:yes;_pictures:yes;_details:yes
ted_mul_social-media		TED social media	A collection of TED videos about social media	eng,spa,ara,zho,fra,kor,vie,ita,por,tur,rus,heb,jpn,ron,fas,hun	ted	2046254080	139	2026-09-15	https://lb.download.kiwix.org/zim/ted/ted_mul_social-media_2026-09.zim	_category:ted;ted;_videos:yes;_ftindex:yes;_pictures:yes;_details:yes
ted_mul_beauty		TED beauty	A collection of TED videos about beauty	eng,spa,fra,ara,zho,kor,ita,rus,por,tur,jpn,vie,fas,heb,pol,deu,hun,ron,srp,nld	ted	1202518016	102	2026-09-15	https://lb.download.kiwix.org/zim/ted/ted_mul_beauty_2026-09.zim	_category:ted;ted;_videos:yes;_ftindex:yes;_pictures:yes;_details:yes
ted_mul_sex		TED sex	A collection of TED videos about sex	eng,spa,ara,fra,zho,ita,kor,por,vie,rus,heb,tur,jpn,deu,hun,fas,ron,ind,pol,ell	ted	994354176	78	2026-09-15	https://lb.download.kiwix.org/zim/ted/ted_mul_sex_2026-09.zim	_category:ted;ted;_videos:yes;_ftindex:yes;_pictures:yes;_details:yes
ted_mul_transportation		TED transportation	A collection of TED videos about transportation	eng,ara,zho,spa,fra,kor,por,ita,rus,vie,tur,heb,jpn,deu,hun,nld,fas,pol,ron,srp	ted	1092834304	84	2026-09-15	https://lb.download.kiwix.org/zim/ted/ted_mul_transportation_2026-09.zim	_category:ted;ted;_videos:yes;_ftindex:yes;_pictures:yes;_details:yes
ted_mul_compassion		TED compassion	A collection of TED videos about compassion	eng,ita,ara,zho,spa,fra,vie,kor,por,tur,rus,jpn,ron,heb,fas,hun,nld,ind,deu,ell	ted	1064819712	77	2026-09-16	https://lb.download.kiwix.org/zim/ted/ted_mul_compassion_2026-09.zim	_category:ted;ted;_videos:yes;_ftindex:yes;_pictures:yes;_details:yes
ted_mul_infrastructure		TED infrastructure	A collection of TED videos about infrastructure	eng,ara,spa,fra,zho,kor,por,vie,ita,rus,tur,jpn,heb,fas,nld,hun,pol,ron,deu,ell	ted	1113239552	91	2026-09-16	https://lb.download.kiwix.org/zim/ted/ted_mul_infrastructure_2026-09.zim	_category:ted;ted;_videos:yes;_ftindex:yes;_pictures:yes;_details:yes
ted_mul_heart		TED heart	A collection of TED videos about heart	eng,ara,spa,fra,kor,vie,zho,ita,rus,por,tur,jpn,fas,heb,pol,ron,hun,ell,nld,tha	ted	340618240	31	2026-09-16	https://lb.download.kiwix.org/zim/ted/ted_mul_heart_2026-09.zim	_category:ted;ted;_videos:yes;_ftindex:yes;_pictures:yes;_details:yes
ted_mul_philanthropy		TED philanthropy	A collection of TED videos about philanthropy	eng,spa,ara,zho,fra,vie,ita,heb,por,jpn,kor,ron,tur,rus,deu,pol,nld,bul,fas,hun	ted	917485568	53	2026-09-16	https://lb.download.kiwix.org/zim/ted/ted_mul_philanthropy_2026-09.zim	_category:ted;ted;_videos:yes;_ftindex:yes;_pictures:yes;_details:yes
ted_mul_paleontology		TED paleontology	A collection of TED videos about paleontology	eng,por,ara,spa,fra,ita,kor,zho,tur,vie,heb,jpn,pol,rus,nld,deu,fas,hun,ron,ell	ted	263133184	24	2026-09-16	https://lb.download.kiwix.org/zim/ted/ted_mul_paleontology_2026-09.zim	_category:ted;ted;_videos:yes;_ftindex:yes;_pictures:yes;_details:yes
ted_mul_museums		TED museums	A collection of TED videos about museums	eng,ara,spa,fra,kor,por,rus,tur,zho,ita,jpn,vie,heb,hun,nld,ron,pol,deu,ell,srp	ted	278255616	22	2026-09-16	https://lb.download.kiwix.org/zim/ted/ted_mul_museums_2026-09.zim	_category:ted;ted;_videos:yes;_ftindex:yes;_pictures:yes;_details:yes
ted_mul_india		TED india	A collection of TED videos about india	eng,ara,spa,fra,zho,por,ita,kor,rus,vie,tur,jpn,heb,hun,ind,ron,pol,deu,nld,ell,fas	ted	966039552	75	2026-09-14	https://lb.download.kiwix.org/zim/ted/ted_mul_india_2026-09.zim	_category:ted;ted;_videos:yes;_ftindex:yes;_pictures:yes;_details:yes
ted_mul_biodiversity		TED biodiversity	A collection of TED videos about biodiversity	eng,ara,spa,zho,fra,vie,kor,ita,por,rus,tur,heb,jpn,hun,deu,pol,ron,nld,fas,ind,ell	ted	1472279552	117	2026-09-09	https://lb.download.kiwix.org/zim/ted/ted_mul_biodiversity_2026-09.zim	_category:ted;ted;_videos:yes;_ftindex:yes;_pictures:yes;_details:yes
ted_mul_reproductive-health		TED reproductive health	A collection of TED videos about reproductive health	eng,ara,spa,fra,ind,ita,kor,mya,por,tur,zho,hun,rus,srp,jpn,ron,vie	ted	56970240	7	2026-09-10	https://lb.download.kiwix.org/zim/ted/ted_mul_reproductive-health_2026-09.zim	_category:ted;ted;_videos:yes;_ftindex:yes;_pictures:yes;_details:yes
ted_mul_code		TED code	A collection of TED videos about code	eng,spa,ara,fra,ita,zho,kor,por,vie,heb,rus,jpn,tur,pol,nld,hun,ron,deu,ell,fas,ind	ted	725640192	62	2026-09-10	https://lb.download.kiwix.org/zim/ted/ted_mul_code_2026-09.zim	_category:ted;ted;_videos:yes;_ftindex:yes;_pictures:yes;_details:yes
ted_mul_crime		TED crime	A collection of TED videos about crime	eng,spa,ara,fra,kor,zho,ita,por,tur,rus,vie,jpn,hun,fas,heb,pol,ell,ron,nld,srp,deu	ted	1068889088	79	2026-09-11	https://lb.download.kiwix.org/zim/ted/ted_mul_crime_2026-09.zim	_category:ted;ted;_videos:yes;_ftindex:yes;_pictures:yes;_details:yes
ted_mul_crispr		TED crispr	A collection of TED videos about crispr	eng,ara,spa,fra,ita,kor,por,rus,tur,zho,fas,vie,hun,jpn,heb,nld,ell,ind,deu,ron,srp	ted	170991616	15	2026-09-11	https://lb.download.kiwix.org/zim/ted/ted_mul_crispr_2026-09.zim	_category:ted;ted;_videos:yes;_ftindex:yes;_pictures:yes;_details:yes
ted_mul_potential		TED potential	A collection of TED videos about potential	eng,ara,spa,fra,por,zho,kor,vie,ita,jpn,rus,tur,fas,hun,heb,nld,ron,pol,deu,srp,ell	ted	1340681216	105	2026-09-11	https://lb.download.kiwix.org/zim/ted/ted_mul_potential_2026-09.zim	_category:ted;ted;_videos:yes;_ftindex:yes;_pictures:yes;_details:yes
ted_mul_drugs		TED drugs	A collection of TED videos about drugs	eng,ara,spa,fra,zho,kor,ita,por,jpn,vie,rus,heb,tur,fas,ell,pol,hun,srp,ron,deu,nld	ted	659111936	51	2026-09-11	https://lb.download.kiwix.org/zim/ted/ted_mul_drugs_2026-09.zim	_category:ted;ted;_videos:yes;_ftindex:yes;_pictures:yes;_details:yes
ted_mul_ecology		TED ecology	A collection of TED videos about ecology	eng,fra,ara,spa,zho,vie,kor,ita,por,rus,heb,tur,jpn,deu,ron,nld,pol,hun,fas,ind,srp	ted	1133832192	88	2026-09-11	https://lb.download.kiwix.org/zim/ted/ted_mul_ecology_2026-09.zim	_category:ted;ted;_videos:yes;_ftindex:yes;_pictures:yes;_details:yes
ted_mul_invention		TED invention	A collection of TED videos about invention	eng,spa,ara,zho,kor,fra,por,rus,tur,ita,vie,jpn,heb,pol,ron,fas,deu,hun,ind,nld,ell	ted	3014242304	234	2026-09-13	https://lb.download.kiwix.org/zim/ted/ted_mul_invention_2026-09.zim	_category:ted;ted;_videos:yes;_ftindex:yes;_pictures:yes;_details:yes
ted_mul_kids		TED kids	A collection of TED videos about kids	eng,spa,ara,zho,fra,ita,vie,por,kor,tur,rus,jpn,heb,ron,fas,hun,nld,deu,ell,pol,srp	ted	3985673216	273	2026-09-13	https://lb.download.kiwix.org/zim/ted/ted_mul_kids_2026-09.zim	_category:ted;ted;_videos:yes;_ftindex:yes;_pictures:yes;_details:yes
ted_mul_women		TED women	A collection of TED videos about women	eng,spa,fra,ara,zho,ita,kor,vie,por,tur,rus,jpn,heb,fas,ron,ell,ind,pol,hun,deu,srp	ted	3655416832	284	2026-09-14	https://lb.download.kiwix.org/zim/ted/ted_mul_women_2026-09.zim	_category:ted;ted;_videos:yes;_ftindex:yes;_pictures:yes;_details:yes
ted_mul_universe		TED universe	A collection of TED videos about universe	eng,spa,ara,zho,fra,kor,rus,por,tur,ita,vie,jpn,heb,fas,pol,srp,hun,ron,ind,ell,deu	ted	1543190528	138	2026-09-14	https://lb.download.kiwix.org/zim/ted/ted_mul_universe_2026-09.zim	_category:ted;ted;_videos:yes;_ftindex:yes;_pictures:yes;_details:yes
ted_mul_journalism		TED journalism	A collection of TED videos about journalism	eng,spa,ara,fra,zho,kor,ita,tur,vie,por,rus,heb,jpn,hun,fas,ron,deu,srp,pol,ell,nld	ted	1505393664	120	2026-09-14	https://lb.download.kiwix.org/zim/ted/ted_mul_journalism_2026-09.zim	_category:ted;ted;_videos:yes;_ftindex:yes;_pictures:yes;_details:yes
ted_mul_military		TED military	A collection of TED videos about military	eng,fra,ara,spa,vie,zho,tur,heb,ita,kor,por,jpn,rus,ron,pol,deu,ell,fas,hun,ukr,srp	ted	646793216	40	2026-09-14	https://lb.download.kiwix.org/zim/ted/ted_mul_military_2026-09.zim	_category:ted;ted;_videos:yes;_ftindex:yes;_pictures:yes;_details:yes
ted_mul_neuroscience		TED neuroscience	A collection of TED videos about neuroscience	eng,spa,ara,zho,fra,kor,vie,ita,por,tur,rus,heb,ron,jpn,fas,hun,pol,srp,deu,ell,nld	ted	2157296640	167	2026-09-14	https://lb.download.kiwix.org/zim/ted/ted_mul_neuroscience_2026-09.zim	_category:ted;ted;_videos:yes;_ftindex:yes;_pictures:yes;_details:yes
ted_mul_pregnancy		TED pregnancy	A collection of TED videos about pregnancy	eng,ara,spa,fra,kor,vie,zho,ita,por,rus,tur,heb,ind,jpn,pol,ron,fas,hun,ell,tha,deu	ted	248165376	25	2026-09-15	https://lb.download.kiwix.org/zim/ted/ted_mul_pregnancy_2026-09.zim	_category:ted;ted;_videos:yes;_ftindex:yes;_pictures:yes;_details:yes
ted_mul_water		TED water	A collection of TED videos about water	eng,spa,ara,zho,fra,kor,ita,tur,vie,rus,por,jpn,heb,fas,hun,pol,ron,deu,nld,ind,tha	ted	871896064	94	2026-09-15	https://lb.download.kiwix.org/zim/ted/ted_mul_water_2026-09.zim	_category:ted;ted;_videos:yes;_ftindex:yes;_pictures:yes;_details:yes
ted_mul_disability		TED disability	A collection of TED videos about disability	eng,spa,ara,fra,rus,zho,ita,kor,por,vie,tur,heb,fas,jpn,ron,ell,pol,hun,srp,deu,nld	ted	767518720	65	2026-09-15	https://lb.download.kiwix.org/zim/ted/ted_mul_disability_2026-09.zim	_category:ted;ted;_videos:yes;_ftindex:yes;_pictures:yes;_details:yes
ted_mul_film		TED film	A collection of TED videos about film	eng,spa,ara,zho,fra,por,ita,vie,kor,rus,heb,tur,jpn,ron,deu,pol,nld,ell,fas,srp,hun	ted	1839592448	126	2026-09-15	https://lb.download.kiwix.org/zim/ted/ted_mul_film_2026-09.zim	_category:ted;ted;_videos:yes;_ftindex:yes;_pictures:yes;_details:yes
ted_mul_china		TED china	A collection of TED videos about china	eng,zho,ara,spa,fra,ita,kor,por,vie,rus,tur,heb,jpn,fas,deu,ind,pol,ron,hun,ell,tha	ted	657916928	58	2026-09-16	https://lb.download.kiwix.org/zim/ted/ted_mul_china_2026-09.zim	_category:ted;ted;_videos:yes;_ftindex:yes;_pictures:yes;_details:yes
ted_mul_virus		TED virus	A collection of TED videos about virus	eng,spa,ara,zho,kor,fra,ita,por,tur,fas,rus,vie,jpn,heb,ron,hun,ind,deu,pol,ell,tha	ted	836555776	63	2026-09-15	https://lb.download.kiwix.org/zim/ted/ted_mul_virus_2026-09.zim	_category:ted;ted;_videos:yes;_ftindex:yes;_pictures:yes;_details:yes
ted_mul_gaming		TED gaming	A collection of TED videos about gaming	eng,spa,ara,fra,zho,jpn,vie,ita,kor,tur,heb,por,rus,ron,deu,fas,hun,pol,ell,nld	ted	1092739072	56	2026-09-16	https://lb.download.kiwix.org/zim/ted/ted_mul_gaming_2026-09.zim	gaming;_category:ted;ted;_videos:yes;_ftindex:yes;_pictures:yes;_details:yes
ted_mul_mars		TED mars	A collection of TED videos about mars	eng,ara,spa,zho,fra,kor,por,rus,vie,ita,jpn,tur,heb,ron,deu,hun,nld,ell,fas,pol,tha	ted	404445184	25	2026-09-16	https://lb.download.kiwix.org/zim/ted/ted_mul_mars_2026-09.zim	_category:ted;ted;_videos:yes;_ftindex:yes;_pictures:yes;_details:yes
ted_mul_typography		TED typography	A collection of TED videos about typography	eng,ara,spa,fra,heb,ita,jpn,kor,por,rus,vie,zho,bul,ell,ron,tur,deu,nld,pol,hun,ukr	ted	101171200	8	2026-09-16	https://lb.download.kiwix.org/zim/ted/ted_mul_typography_2026-09.zim	_category:ted;ted;_videos:yes;_ftindex:yes;_pictures:yes;_details:yes
ted_mul_flight		TED flight	A collection of TED videos about flight	eng,ara,spa,fra,zho,kor,por,rus,ita,tur,heb,jpn,vie,fas,pol,deu,hun,nld,ron,ell,tha	ted	484172800	39	2026-09-16	https://lb.download.kiwix.org/zim/ted/ted_mul_flight_2026-09.zim	_category:ted;ted;_videos:yes;_ftindex:yes;_pictures:yes;_details:yes
ted_mul_maps		TED maps	A collection of TED videos about maps	eng,ara,spa,zho,ita,fra,kor,vie,por,tur,heb,jpn,rus,deu,pol,ron,nld,ell,fas,hun,ind	ted	307408896	32	2026-09-16	https://lb.download.kiwix.org/zim/ted/ted_mul_maps_2026-09.zim	_category:ted;ted;_videos:yes;_ftindex:yes;_pictures:yes;_details:yes
ted_mul_solar-energy		TED solar energy	A collection of TED videos about solar energy	eng,spa,ara,zho,fra,vie,kor,tur,heb,ita,jpn,por,rus,pol,deu,ron,fas	ted	540182528	46	2026-09-16	https://lb.download.kiwix.org/zim/ted/ted_mul_solar-energy_2026-09.zim	_category:ted;ted;_videos:yes;_ftindex:yes;_pictures:yes;_details:yes
ted_mul_quantum		TED quantum	A collection of TED videos about quantum	eng,ara,spa,fra,zho,kor,por,vie,heb,ita,tur,rus,jpn,fas,ind,pol,deu,hun,ron,ell,nld	ted	220992512	26	2026-09-16	https://lb.download.kiwix.org/zim/ted/ted_mul_quantum_2026-09.zim	_category:ted;ted;_videos:yes;_ftindex:yes;_pictures:yes;_details:yes
ted_mul_sound		TED sound	A collection of TED videos about sound	eng,spa,fra,ara,zho,kor,vie,ita,rus,por,heb,tur,fas,jpn,pol,hun,ind,srp,nld,ron,deu	ted	464914432	43	2026-09-16	https://lb.download.kiwix.org/zim/ted/ted_mul_sound_2026-09.zim	_category:ted;ted;_videos:yes;_ftindex:yes;_pictures:yes;_details:yes
ted_mul_geology		TED geology	A collection of TED videos about geology	eng,ara,spa,fra,kor,por,tur,vie,zho,heb,ita,jpn,rus,pol,ron,fas,deu,ind,nld,ell,hun	ted	235378688	22	2026-09-16	https://lb.download.kiwix.org/zim/ted/ted_mul_geology_2026-09.zim	_category:ted;ted;_videos:yes;_ftindex:yes;_pictures:yes;_details:yes
ted_mul_smell		TED smell	A collection of TED videos about smell	eng,ara,por,spa,fra,ita,kor,rus,vie,zho,jpn,heb,ron,tur,deu,hun,pol,ell,fas,nld,srp	ted	179579904	18	2026-09-16	https://lb.download.kiwix.org/zim/ted/ted_mul_smell_2026-09.zim	_category:ted;ted;_videos:yes;_ftindex:yes;_pictures:yes;_details:yes
ted_mul_sun		TED sun	A collection of TED videos about sun	eng,ara,spa,heb,vie,zho,fra,ita,rus,tur,kor,ind,por,jpn,ron,tha,deu,pol,srp,fas,mya	ted	152566784	22	2026-09-16	https://lb.download.kiwix.org/zim/ted/ted_mul_sun_2026-09.zim	_category:ted;ted;_videos:yes;_ftindex:yes;_pictures:yes;_details:yes
ted_mul_meditation		TED meditation	A collection of TED videos about meditation	eng,fra,ara,spa,ita,vie,zho,heb,kor,por,ron,rus,tur,fas,hun,mya,deu,jpn,nld,ell,ind	ted	199874560	16	2026-09-16	https://lb.download.kiwix.org/zim/ted/ted_mul_meditation_2026-09.zim	_category:ted;ted;_videos:yes;_ftindex:yes;_pictures:yes;_details:yes
wikispecies_en_all	maxi	Wikispecies	Comprehensive free content catalogue of all species	eng		3430544384	1643146	2026-07-08	https://lb.download.kiwix.org/zim/other/wikispecies_en_all_maxi_2026-07.zim	wikispecies;wikimedia;_pictures:yes;_videos:no;_details:yes;_ftindex:yes
wikispecies_en_all	nopic	Wikispecies	Comprehensive free content catalogue of all species	eng		1531480064	1643146	2026-07-08	https://lb.download.kiwix.org/zim/other/wikispecies_en_all_nopic_2026-07.zim	wikispecies;wikimedia;_pictures:no;_videos:no;_details:yes;_ftindex:yes
skeptics.stackexchange.com_en_all		Skeptics Q&A	Stack Exchange Q&A for scientific skepticism	eng	stack_exchange	182566912	21778	2026-08-04	https://lb.download.kiwix.org/zim/stack_exchange/skeptics.stackexchange.com_en_all_2026-08.zim	_videos:no;_details:no;stack_exchange;_category:stack_exchange;_ftindex:yes;_pictures:yes
voa_learning_en_all		VOA Learning	Learn American English and much more	eng		7093966848	892	2025-01-17	https://lb.download.kiwix.org/zim/videos/voa_learning_en_all_2025-01.zim	youtube;_videos:yes;_ftindex:no;_pictures:yes;_details:yes
salesforce.stackexchange.com_en_all		Salesforce Q&A	Stack Exchange Q&A for Salesforce users	eng	stack_exchange	762820608	182636	2026-08-04	https://lb.download.kiwix.org/zim/stack_exchange/salesforce.stackexchange.com_en_all_2026-08.zim	_videos:no;_details:no;stack_exchange;_category:stack_exchange;_ftindex:yes;_pictures:yes
publicdomainrecipes.com_en_all		Public Domain Recipes	What do you want to cook?	eng	other	16972800	577	2026-08-04	https://lb.download.kiwix.org/zim/zimit/publicdomainrecipes.com_en_all_2026-08.zim	_ftindex:yes;food;_category:other;_pictures:yes;_videos:yes;_details:yes
gutenberg_en_lcc-pk		Project Gutenberg Library	Indo-Iranian languages and literatures	eng	gutenberg	83982336	111	2026-03-05	https://lb.download.kiwix.org/zim/gutenberg/gutenberg_en_lcc-pk_2026-03.zim	_category:gutenberg;gutenberg;_ftindex:no;_pictures:yes;_videos:yes;_details:yes
sharepoint.stackexchange.com_en_all		SharePoint Q&A	Stack Exchange Q&A for SharePoint enthusiasts	eng	stack_exchange	624745472	144700	2026-08-04	https://lb.download.kiwix.org/zim/stack_exchange/sharepoint.stackexchange.com_en_all_2026-08.zim	_videos:no;_details:no;_category:stack_exchange;stack_exchange;_ftindex:yes;_pictures:yes
womenshistory.si.edu_en_all		American Women’s History	Bringing American Women’s History into Focus	eng	other	4960311296	1092	2025-03-03	https://lb.download.kiwix.org/zim/zimit/womenshistory.si.edu_en_all_2025-03.zim	USA;_category:other;_ftindex:yes;_pictures:yes;_videos:yes;_details:yes
libretexts.org_en_eng		Engineering LibreTexts	Engineering courses and bookshelves from LibreTexts.org	eng		678394880	19644	2025-01-16	https://lb.download.kiwix.org/zim/libretexts/libretexts.org_en_eng_2025-01.zim	engineering;_ftindex:no;_pictures:yes;_videos:yes;_details:yes
zimgit-water_en		Water Treatment Library	Resources about water collection and purification	eng		20925440	1	2024-08-29	https://lb.download.kiwix.org/zim/other/zimgit-water_en_2024-08.zim	preppers;_ftindex:no;_pictures:yes;_videos:yes;_details:yes
ibanezwiki_en_all	maxi	Ibanez Wiki 	#1 source for information about Ibanez instruments!	eng		161360896	10091	2024-06-10	https://lb.download.kiwix.org/zim/other/ibanezwiki_en_all_maxi_2024-06.zim	fandom;_pictures:yes;_videos:no;_details:yes;_ftindex:yes
gutenberg_en_lcc-pl		Project Gutenberg Library	Eastern Asia, Africa, Oceania languages	eng	gutenberg	107229184	110	2026-03-05	https://lb.download.kiwix.org/zim/gutenberg/gutenberg_en_lcc-pl_2026-03.zim	_category:gutenberg;gutenberg;_ftindex:no;_pictures:yes;_videos:yes;_details:yes
gutenberg_en_lcc-pz		Project Gutenberg Library	Fiction and juvenile belles lettres	eng	gutenberg	19770263552	8567	2026-03-06	https://lb.download.kiwix.org/zim/gutenberg/gutenberg_en_lcc-pz_2026-03.zim	_category:gutenberg;gutenberg;_ftindex:no;_pictures:yes;_videos:yes;_details:yes
gutenberg_en_lcc-m		Project Gutenberg Library	Music and books on music	eng	gutenberg	3994272768	738	2026-03-05	https://lb.download.kiwix.org/zim/gutenberg/gutenberg_en_lcc-m_2026-03.zim	_category:gutenberg;gutenberg;_ftindex:no;_pictures:yes;_videos:yes;_details:yes
xkcd.com_en_all		xkcd	A webcomic of romance, sarcasm, math, and language	eng	other	451607552	3329	2026-08-07	https://lb.download.kiwix.org/zim/zimit/xkcd.com_en_all_2026-08.zim	_ftindex:yes;_category:other;entertainment;_pictures:yes;_videos:yes;_details:yes
mdwiki_en_all	maxi	MDWiki Medical Encyclopedia	Healthcare articles curated by WikiProjectMed	eng		2302838784	363797	2025-11-12	https://lb.download.kiwix.org/zim/other/mdwiki_en_all_maxi_2025-11.zim	medical;mdwiki;_pictures:yes;_videos:no;_details:yes;_ftindex:yes
libretexts.org_en_med		Medicine LibreTexts	Medicine courses and bookshelves from LibreTexts.org	eng		1192567808	23171	2025-01-16	https://lb.download.kiwix.org/zim/libretexts/libretexts.org_en_med_2025-01.zim	medicine;_ftindex:no;_pictures:yes;_videos:yes;_details:yes
crypto.stackexchange.com_en_all		Cryptography Q&A	Stack Exchange Q&A for everything cryptography	eng	stack_exchange	184916992	53948	2026-07-31	https://lb.download.kiwix.org/zim/stack_exchange/crypto.stackexchange.com_en_all_2026-07.zim	_category:stack_exchange;_details:no;_videos:no;stack_exchange;_ftindex:yes;_pictures:yes
bulbagarden_en_all	maxi	Bulbapedia	From Bulbapedia, the community-driven Pokémon encyclopedia.	eng		2597131264	202580	2026-08-21	https://lb.download.kiwix.org/zim/other/bulbagarden_en_all_maxi_2026-08.zim	gaming;bulbagarden;_pictures:yes;_videos:no;_details:yes;_ftindex:yes
bulbagarden_en_all	nopic	Bulbapedia	From Bulbapedia, the community-driven Pokémon encyclopedia.	eng		423593984	201863	2026-07-31	https://lb.download.kiwix.org/zim/other/bulbagarden_en_all_nopic_2026-07a.zim	gaming;bulbagarden;_pictures:no;_videos:no;_details:yes;_ftindex:yes
psiram_en_all	maxi	Psiram	The wiki of irrational belief systems	eng	psiram	4626432	147	2026-08-22	https://lb.download.kiwix.org/zim/other/psiram_en_all_maxi_2026-08.zim	religion;science;psiram;_category:psiram;_pictures:yes;_videos:no;_details:yes;_ftindex:yes
gutenberg_en_lcc-z		Project Gutenberg Library	Bibliography, library science, info resources	eng	gutenberg	2690468864	820	2026-03-06	https://lb.download.kiwix.org/zim/gutenberg/gutenberg_en_lcc-z_2026-03.zim	_category:gutenberg;gutenberg;_ftindex:no;_pictures:yes;_videos:yes;_details:yes
gutenberg_en_lcc-pg		Project Gutenberg Library	Slavic, Baltic and Albanian languages	eng	gutenberg	273911808	349	2026-03-05	https://lb.download.kiwix.org/zim/gutenberg/gutenberg_en_lcc-pg_2026-03.zim	_category:gutenberg;gutenberg;_ftindex:no;_pictures:yes;_videos:yes;_details:yes
gutenberg_en_lcc-pq		Project Gutenberg Library	French, Italian, Spanish, Portuguese literature	eng	gutenberg	4032702464	1724	2026-03-06	https://lb.download.kiwix.org/zim/gutenberg/gutenberg_en_lcc-pq_2026-03.zim	_category:gutenberg;gutenberg;_ftindex:no;_pictures:yes;_videos:yes;_details:yes
wikipedia_en_football	maxi	Football by Wikipedia	All Wikipedia articles on football	eng	wikipedia	3540316160	710693	2026-04-10	https://lb.download.kiwix.org/zim/wikipedia/wikipedia_en_football_maxi_2026-04.zim	wikipedia;_category:wikipedia;_pictures:yes;_videos:no;_details:yes;_ftindex:yes
wikipedia_en_football	nopic	Football by Wikipedia	All Wikipedia articles on football	eng	wikipedia	2580700160	710223	2026-07-09	https://lb.download.kiwix.org/zim/wikipedia/wikipedia_en_football_nopic_2026-07.zim	wikipedia;_category:wikipedia;_pictures:no;_videos:no;_details:yes;_ftindex:yes
gutenberg_en_lcc-pm		Project Gutenberg Library	Hyperborean, Indian, and artificial languages	eng	gutenberg	46747648	75	2026-03-06	https://lb.download.kiwix.org/zim/gutenberg/gutenberg_en_lcc-pm_2026-03.zim	_category:gutenberg;gutenberg;_ftindex:no;_pictures:yes;_videos:yes;_details:yes
ted_mul_addiction		TED addiction	A collection of TED videos about addiction	eng,ara,fra,zho,spa,ita,kor,por,tur,rus,vie,jpn,fas,hun,ron,heb,pol,srp,deu,ell,ind,tha	ted	325458944	25	2026-09-08	https://lb.download.kiwix.org/zim/ted/ted_mul_addiction_2026-09.zim	_category:ted;ted;_videos:yes;_ftindex:yes;_pictures:yes;_details:yes
ted_mul_biotech		TED biotech	A collection of TED videos about biotech	eng,ara,fra,spa,kor,zho,por,ita,rus,vie,heb,tur,jpn,fas,hun,nld,pol,ron,deu,ell,srp,bul	ted	1236849664	101	2026-09-08	https://lb.download.kiwix.org/zim/ted/ted_mul_biotech_2026-09.zim	_category:ted;ted;_videos:yes;_ftindex:yes;_pictures:yes;_details:yes
ted_mul_exploration		TED exploration	A collection of TED videos about exploration	eng,fra,spa,ara,zho,kor,por,ita,tur,rus,vie,jpn,heb,ron,pol,nld,hun,fas,deu,bul,ell,srp	ted	1757331456	145	2026-09-08	https://lb.download.kiwix.org/zim/ted/ted_mul_exploration_2026-09.zim	_category:ted;ted;_videos:yes;_ftindex:yes;_pictures:yes;_details:yes
ted_mul_aliens		TED aliens	A collection of TED videos about aliens	eng,ara,spa,fra,ita,kor,rus,zho,jpn,vie,heb,tur,por,ell,fas,pol,deu,hun,nld,ron,ind,srp	ted	347787264	27	2026-09-08	https://lb.download.kiwix.org/zim/ted/ted_mul_aliens_2026-09.zim	_category:ted;ted;_videos:yes;_ftindex:yes;_pictures:yes;_details:yes
ted_mul_books		TED books	A collection of TED videos about books	eng,spa,ara,zho,fra,tur,ita,por,vie,heb,kor,rus,ron,jpn,pol,ind,srp,ell,hun,deu,fas,mya	ted	1247113216	112	2026-09-09	https://lb.download.kiwix.org/zim/ted/ted_mul_books_2026-09.zim	_category:ted;ted;_videos:yes;_ftindex:yes;_pictures:yes;_details:yes
ted_mul_curiosity		TED curiosity	A collection of TED videos about curiosity	eng,ara,spa,zho,fra,vie,kor,tur,ita,por,heb,jpn,deu,rus,ron,fas,hun,nld,pol,ell,tha,srp	ted	953382912	53	2026-09-09	https://lb.download.kiwix.org/zim/ted/ted_mul_curiosity_2026-09.zim	_category:ted;ted;_videos:yes;_ftindex:yes;_pictures:yes;_details:yes
ted_mul_bioethics		TED bioethics	A collection of TED videos about bioethics	eng,fra,spa,ara,ita,kor,zho,heb,rus,tur,vie,por,jpn,fas,pol,hun,deu,nld,ron,ell,tha,srp	ted	498379776	38	2026-09-09	https://lb.download.kiwix.org/zim/ted/ted_mul_bioethics_2026-09.zim	_category:ted;ted;_videos:yes;_ftindex:yes;_pictures:yes;_details:yes
ted_mul_health-care		TED health care	A collection of TED videos about health care	eng,spa,ara,zho,fra,kor,por,vie,ita,tur,rus,heb,jpn,fas,ron,hun,pol,deu	ted	3783146496	327	2026-09-10	https://lb.download.kiwix.org/zim/ted/ted_mul_health-care_2026-09.zim	_category:ted;ted;_videos:yes;_ftindex:yes;_pictures:yes;_details:yes
ted_mul_birds		TED birds	A collection of TED videos about birds	eng,ara,spa,fra,ita,kor,por,rus,tur,vie,zho,heb,jpn,deu,ron,fas,pol,hun,ind,ell,nld,tha	ted	299016192	29	2026-09-10	https://lb.download.kiwix.org/zim/ted/ted_mul_birds_2026-09.zim	_category:ted;ted;_videos:yes;_ftindex:yes;_pictures:yes;_details:yes
ted_mul_blindness		TED blindness	A collection of TED videos about blindness	eng,spa,ara,fra,kor,por,rus,vie,zho,ita,jpn,tur,ell,fas,heb,pol,hun,ron,nld,srp,tha,deu	ted	192118784	20	2026-09-10	https://lb.download.kiwix.org/zim/ted/ted_mul_blindness_2026-09.zim	_category:ted;ted;_videos:yes;_ftindex:yes;_pictures:yes;_details:yes
ted_mul_architecture		TED architecture	A collection of TED videos about architecture	eng,ara,spa,fra,zho,ita,kor,vie,por,tur,rus,jpn,heb,deu,fas,ron,pol,hun,nld,ind,ell,srp	ted	1672720384	144	2026-09-10	https://lb.download.kiwix.org/zim/ted/ted_mul_architecture_2026-09.zim	_category:ted;ted;_videos:yes;_ftindex:yes;_pictures:yes;_details:yes
ted_mul_corruption		TED corruption	A collection of TED videos about corruption	eng,ara,spa,fra,zho,tur,kor,ita,vie,por,rus,ron,heb,hun,jpn,fas,ell,deu,pol,nld,ukr,srp	ted	727820288	53	2026-09-11	https://lb.download.kiwix.org/zim/ted/ted_mul_corruption_2026-09.zim	_category:ted;ted;_videos:yes;_ftindex:yes;_pictures:yes;_details:yes
ted_mul_death		TED death	A collection of TED videos about death	eng,spa,fra,ara,ita,zho,vie,tur,kor,por,rus,jpn,heb,ron,fas,ind,ell,pol,srp,hun,ukr,deu	ted	1201629184	109	2026-09-11	https://lb.download.kiwix.org/zim/ted/ted_mul_death_2026-09.zim	_category:ted;ted;_videos:yes;_ftindex:yes;_pictures:yes;_details:yes
ted_mul_drones		TED drones	A collection of TED videos about drones	eng,ara,spa,heb,fra,por,zho,kor,rus,tur,hun,ita,jpn,vie,ron,deu,pol,fas,nld,ell,ukr,srp	ted	431111168	28	2026-09-11	https://lb.download.kiwix.org/zim/ted/ted_mul_drones_2026-09.zim	_category:ted;ted;_videos:yes;_ftindex:yes;_pictures:yes;_details:yes
ted_mul_public-speaking		TED public speaking	A collection of TED videos about public speaking	eng,ara,spa,zho,heb,ita,vie,fra,tur,kor,jpn,por,rus,deu,ron,ind,fas,hun	ted	323956736	30	2026-09-11	https://lb.download.kiwix.org/zim/ted/ted_mul_public-speaking_2026-09.zim	_category:ted;ted;_videos:yes;_ftindex:yes;_pictures:yes;_details:yes
ted_mul_evolution		TED evolution	A collection of TED videos about evolution	eng,ara,spa,zho,fra,kor,ita,tur,vie,por,heb,rus,jpn,pol,ron,fas,ind,deu,hun,ell,tha,nld	ted	2124863488	184	2026-09-12	https://lb.download.kiwix.org/zim/ted/ted_mul_evolution_2026-09.zim	_category:ted;ted;_videos:yes;_ftindex:yes;_pictures:yes;_details:yes
ted_mul_war		TED war	A collection of TED videos about war	eng,spa,fra,ara,zho,ita,vie,tur,por,kor,heb,rus,jpn,ron,pol,fas,hun,deu,ell,ind,nld,srp	ted	2987714560	225	2026-09-12	https://lb.download.kiwix.org/zim/ted/ted_mul_war_2026-09.zim	_category:ted;ted;_videos:yes;_ftindex:yes;_pictures:yes;_details:yes
ted_mul_history		TED history	A collection of TED videos about history	eng,spa,ara,fra,zho,ita,vie,kor,tur,por,rus,heb,jpn,ind,ron,pol,hun,deu,fas,ell,srp,mya	ted	6620807168	699	2026-09-13	https://lb.download.kiwix.org/zim/ted/ted_mul_history_2026-09.zim	_category:ted;ted;_videos:yes;_ftindex:yes;_pictures:yes;_details:yes
ted_mul_writing		TED writing	A collection of TED videos about writing	eng,spa,kor,ara,fra,zho,por,rus,vie,ita,tur,jpn,heb,ron,deu,fas,pol,ell,hun,ind,srp,nld	ted	2109985792	165	2026-09-13	https://lb.download.kiwix.org/zim/ted/ted_mul_writing_2026-09.zim	_category:ted;ted;_videos:yes;_ftindex:yes;_pictures:yes;_details:yes
ted_mul_europe		TED europe	A collection of TED videos about europe	eng,ara,spa,ita,fra,zho,tur,vie,heb,kor,por,rus,jpn,hun,deu,pol,srp,ell,nld,ron,fas,ind	ted	461854720	34	2026-09-13	https://lb.download.kiwix.org/zim/ted/ted_mul_europe_2026-09.zim	_category:ted;ted;_videos:yes;_ftindex:yes;_pictures:yes;_details:yes
ted_mul_feminism		TED feminism	A collection of TED videos about feminism	eng,ara,spa,zho,fra,kor,por,tur,ita,rus,vie,jpn,fas,heb,hun,ron,ell,nld,ind,pol,srp,deu	ted	850286592	65	2026-09-13	https://lb.download.kiwix.org/zim/ted/ted_mul_feminism_2026-09.zim	_category:ted;ted;_videos:yes;_ftindex:yes;_pictures:yes;_details:yes
ted_mul_biology		TED biology	A collection of TED videos about biology	eng,fra,ara,spa,zho,kor,ita,vie,tur,por,rus,heb,jpn,pol,fas,ron,ind,deu,hun,ell,tha,nld	ted	4768813056	490	2026-09-13	https://lb.download.kiwix.org/zim/ted/ted_mul_biology_2026-09.zim	_category:ted;ted;_videos:yes;_ftindex:yes;_pictures:yes;_details:yes
wikivoyage_en_europe	maxi	Wikivoyage - Europe	Selection of Europe destinations from Wikivoyage	eng	wikivoyage	385267712	18322	2026-09-14	https://lb.download.kiwix.org/zim/wikivoyage/wikivoyage_en_europe_maxi_2026-09.zim	wikivoyage;_category:wikivoyage;_pictures:yes;_videos:no;_details:yes;_ftindex:yes
wikivoyage_en_europe	nopic	Wikivoyage - Europe	Selection of Europe destinations from Wikivoyage	eng	wikivoyage	83537920	18322	2026-09-14	https://lb.download.kiwix.org/zim/wikivoyage/wikivoyage_en_europe_nopic_2026-09.zim	wikivoyage;_category:wikivoyage;_pictures:no;_videos:no;_details:yes;_ftindex:yes
ted_mul_cancer		TED cancer	A collection of TED videos about cancer	eng,ara,spa,kor,zho,fra,tur,por,vie,rus,ita,jpn,fas,heb,ron,ell,pol,hun,deu,srp,tha,nld	ted	1095382016	90	2026-09-14	https://lb.download.kiwix.org/zim/ted/ted_mul_cancer_2026-09.zim	_category:ted;ted;_videos:yes;_ftindex:yes;_pictures:yes;_details:yes
ted_mul_medicine		TED medicine	A collection of TED videos about medicine	eng,spa,ara,zho,fra,kor,ita,por,vie,tur,rus,jpn,heb,fas,ron,hun,pol,deu,ind,ell,nld	ted	3607249920	321	2026-09-14	https://lb.download.kiwix.org/zim/ted/ted_mul_medicine_2026-09.zim	medical;_category:ted;ted;_videos:yes;_ftindex:yes;_pictures:yes;_details:yes
ted_mul_online-privacy		TED online privacy	A collection of TED videos about online privacy	eng,spa,fra,ara,por,zho,kor,tur,vie,ita,jpn,fas,hun,rus,nld,ron,heb,srp	ted	515989504	41	2026-09-14	https://lb.download.kiwix.org/zim/ted/ted_mul_online-privacy_2026-09.zim	_category:ted;ted;_videos:yes;_ftindex:yes;_pictures:yes;_details:yes
ted_mul_painting		TED painting	A collection of TED videos about painting	eng,ara,spa,fra,por,zho,ita,kor,rus,tur,vie,heb,jpn,pol,srp,ron,fas,ind,hun,mya,deu,ell	ted	264772608	31	2026-09-14	https://lb.download.kiwix.org/zim/ted/ted_mul_painting_2026-09.zim	_category:ted;ted;_videos:yes;_ftindex:yes;_pictures:yes;_details:yes
ted_mul_violence		TED violence	A collection of TED videos about violence	eng,spa,fra,ara,ita,zho,por,tur,kor,vie,rus,jpn,heb,fas,ron,hun,ell,deu,pol,srp,nld,ukr	ted	1703579648	119	2026-09-14	https://lb.download.kiwix.org/zim/ted/ted_mul_violence_2026-09.zim	_category:ted;ted;_videos:yes;_ftindex:yes;_pictures:yes;_details:yes
ted_mul_religion		TED religion	A collection of TED videos about religion	eng,ita,spa,ara,fra,zho,tur,vie,kor,heb,rus,jpn,por,pol,ron,ell,hun,fas,ind,deu,srp,nld	ted	1694330880	129	2026-09-15	https://lb.download.kiwix.org/zim/ted/ted_mul_religion_2026-09.zim	_category:ted;ted;_videos:yes;_ftindex:yes;_pictures:yes;_details:yes
ted_mul_planets		TED planets	A collection of TED videos about planets	eng,ara,spa,fra,kor,zho,rus,por,tur,ita,heb,jpn,vie,fas,pol,ron,hun,ind,srp,ell,deu,nld	ted	680217600	65	2026-09-15	https://lb.download.kiwix.org/zim/ted/ted_mul_planets_2026-09.zim	_category:ted;ted;_videos:yes;_ftindex:yes;_pictures:yes;_details:yes
ted_mul_dna		TED dna	A collection of TED videos about dna	eng,ara,spa,zho,kor,fra,por,ita,tur,rus,vie,heb,jpn,fas,pol,ron,hun,ell,nld,deu,ind,srp	ted	1078881280	90	2026-09-15	https://lb.download.kiwix.org/zim/ted/ted_mul_dna_2026-09.zim	_category:ted;ted;_videos:yes;_ftindex:yes;_pictures:yes;_details:yes
ted_mul_productivity		TED productivity	A collection of TED videos about productivity	eng,spa,ara,por,zho,fra,kor,vie,ita,rus,tur,heb,fas,deu,jpn,ron,nld,hun,ell,srp,ukr,pol	ted	504711168	43	2026-09-15	https://lb.download.kiwix.org/zim/ted/ted_mul_productivity_2026-09.zim	_category:ted;ted;_videos:yes;_ftindex:yes;_pictures:yes;_details:yes
ted_mul_protest		TED protest	A collection of TED videos about protest	eng,ara,spa,zho,fra,ita,vie,tur,kor,rus,por,ron,heb,jpn,ell,hun,deu,fas,nld,srp,pol,ukr	ted	385228800	29	2026-09-15	https://lb.download.kiwix.org/zim/ted/ted_mul_protest_2026-09.zim	_category:ted;ted;_videos:yes;_ftindex:yes;_pictures:yes;_details:yes
ted_mul_astronomy		TED astronomy	A collection of TED videos about astronomy	eng,spa,ara,fra,zho,kor,ita,por,rus,jpn,tur,vie,heb,fas,hun,ron,ell,srp,pol,ind,nld,deu	ted	1021007872	95	2026-09-15	https://lb.download.kiwix.org/zim/ted/ted_mul_astronomy_2026-09.zim	_category:ted;ted;_videos:yes;_ftindex:yes;_pictures:yes;_details:yes
ted_mul_genetics		TED genetics	A collection of TED videos about genetics	eng,ara,spa,zho,fra,ita,kor,por,rus,tur,vie,heb,jpn,pol,fas,ron,hun,deu,nld,srp,ell,ind	ted	1235499008	104	2026-09-15	https://lb.download.kiwix.org/zim/ted/ted_mul_genetics_2026-09.zim	_category:ted;ted;_videos:yes;_ftindex:yes;_pictures:yes;_details:yes
ted_mul_fear		TED fear	A collection of TED videos about fear	eng,spa,ara,zho,fra,ita,rus,kor,por,vie,heb,jpn,tur,fas,hun,ell,nld,ron,deu,pol,ukr,srp	ted	692496384	52	2026-09-16	https://lb.download.kiwix.org/zim/ted/ted_mul_fear_2026-09.zim	_category:ted;ted;_videos:yes;_ftindex:yes;_pictures:yes;_details:yes
ted_mul_wind-energy		TED wind energy	A collection of TED videos about wind energy	eng,spa,vie,zho,ara,fra,ita,kor,tur,heb,jpn,por,rus,ind,deu,ell,pol,ron	ted	174342144	19	2026-09-16	https://lb.download.kiwix.org/zim/ted/ted_mul_wind-energy_2026-09.zim	_category:ted;ted;_videos:yes;_ftindex:yes;_pictures:yes;_details:yes
ted_mul_surgery		TED surgery	A collection of TED videos about surgery	eng,ara,spa,kor,vie,zho,fra,ita,rus,por,tur,heb,jpn,ron,pol,deu,hun,nld,fas,ind,ell,srp	ted	271279104	30	2026-09-15	https://lb.download.kiwix.org/zim/ted/ted_mul_surgery_2026-09.zim	_category:ted;ted;_videos:yes;_ftindex:yes;_pictures:yes;_details:yes
ted_mul_ebola		TED ebola	A collection of TED videos about ebola	eng,ara,spa,fra,ita,jpn,kor,por,rus,tur,vie,zho,fas,nld,pol,ron,hun,deu,ell,heb,tha,ukr	ted	192471040	15	2026-09-16	https://lb.download.kiwix.org/zim/ted/ted_mul_ebola_2026-09.zim	_category:ted;ted;_videos:yes;_ftindex:yes;_pictures:yes;_details:yes
ted_mul_chemistry		TED chemistry	A collection of TED videos about chemistry	eng,ara,spa,zho,fra,kor,ita,por,vie,tur,rus,heb,fas,jpn,pol,ron,hun,deu,nld,ind,tha,srp	ted	643506176	63	2026-09-16	https://lb.download.kiwix.org/zim/ted/ted_mul_chemistry_2026-09.zim	_category:ted;ted;_videos:yes;_ftindex:yes;_pictures:yes;_details:yes
ted_mul_telescopes		TED telescopes	A collection of TED videos about telescopes	eng,ara,spa,fra,ita,jpn,kor,zho,rus,vie,por,tur,ell,fas,heb,hun,nld,ron,ind,srp,deu,pol	ted	315321344	27	2026-09-16	https://lb.download.kiwix.org/zim/ted/ted_mul_telescopes_2026-09.zim	_category:ted;ted;_videos:yes;_ftindex:yes;_pictures:yes;_details:yes
ted_mul_moon		TED moon	A collection of TED videos about moon	eng,ara,spa,fra,kor,por,tur,zho,ita,rus,vie,heb,jpn,hun,ron,fas,ind,pol,srp,deu,mya,nld	ted	133330944	16	2026-09-16	https://lb.download.kiwix.org/zim/ted/ted_mul_moon_2026-09.zim	_category:ted;ted;_videos:yes;_ftindex:yes;_pictures:yes;_details:yes
ted_mul_education		TED education	A collection of TED videos about education	eng,spa,ara,zho,fra,kor,tur,vie,ita,por,rus,heb,ind,jpn,pol,ron,fas,mya,deu,tha,hun,ell	ted	8842304512	1083	2026-09-18	https://lb.download.kiwix.org/zim/ted/ted_mul_education_2026-09.zim	_category:ted;ted;_videos:yes;_ftindex:yes;_pictures:yes;_details:yes
genomicseducation_en_all		Genomics Education Programme	Resources for curious individuals	eng		670235648	109	2026-09-26	https://lb.download.kiwix.org/zim/videos/genomicseducation_en_all_2026-09.zim	youtube;_videos:yes;_ftindex:no;_pictures:yes;_details:yes
ted_mul_aids		TED aids	A collection of TED videos about aids	eng,ara,spa,zho,fra,ita,por,vie,kor,rus,tur,jpn,heb,ron,fas,nld,pol,deu,ind,srp,bul,hun,ell	ted	362034176	29	2026-09-08	https://lb.download.kiwix.org/zim/ted/ted_mul_aids_2026-09.zim	_category:ted;ted;_videos:yes;_ftindex:yes;_pictures:yes;_details:yes
ted_mul_astrobiology		TED astrobiology	A collection of TED videos about astrobiology	eng,ara,spa,fra,ita,kor,zho,vie,heb,jpn,por,rus,tur,fas,ell,nld,pol,hun,ron,tha,bul,ces,deu	ted	213974016	20	2026-09-09	https://lb.download.kiwix.org/zim/ted/ted_mul_astrobiology_2026-09.zim	_category:ted;ted;_videos:yes;_ftindex:yes;_pictures:yes;_details:yes
ted_mul_bacteria		TED bacteria	A collection of TED videos about bacteria	eng,ara,spa,ita,kor,por,zho,fra,tur,rus,vie,fas,heb,jpn,hun,ron,pol,ell,deu,ind,nld,tha,srp	ted	474778624	52	2026-09-09	https://lb.download.kiwix.org/zim/ted/ted_mul_bacteria_2026-09.zim	_category:ted;ted;_videos:yes;_ftindex:yes;_pictures:yes;_details:yes
ted_mul_comedy		TED comedy	A collection of TED videos about comedy	eng,ara,spa,fra,zho,ita,por,kor,vie,rus,heb,jpn,ron,tur,deu,pol,fas,ell,nld,srp,hun,bul,ind	ted	1083380736	82	2026-09-10	https://lb.download.kiwix.org/zim/ted/ted_mul_comedy_2026-09.zim	_category:ted;ted;_videos:yes;_ftindex:yes;_pictures:yes;_details:yes
ted_mul_anthropology		TED anthropology	A collection of TED videos about anthropology	eng,ara,spa,zho,fra,kor,por,vie,rus,tur,heb,ita,jpn,ron,ell,pol,srp,deu,ind,hun,fas,tha,nld	ted	652038144	75	2026-09-10	https://lb.download.kiwix.org/zim/ted/ted_mul_anthropology_2026-09.zim	_category:ted;ted;_videos:yes;_ftindex:yes;_pictures:yes;_details:yes
ted_mul_brain		TED brain	A collection of TED videos about brain	eng,ara,spa,zho,fra,vie,ita,kor,tur,heb,por,rus,jpn,fas,ron,hun,pol,srp,deu,ell,ind,tha,nld	ted	4421023744	370	2026-09-10	https://lb.download.kiwix.org/zim/ted/ted_mul_brain_2026-09.zim	_category:ted;ted;_videos:yes;_ftindex:yes;_pictures:yes;_details:yes
ted_mul_physics		TED physics	A collection of TED videos about physics	eng,spa,ara,zho,fra,por,kor,ita,tur,rus,heb,vie,jpn,pol,fas,ron,deu,hun,ind,nld,ell,srp,tha	ted	1778293760	164	2026-09-11	https://lb.download.kiwix.org/zim/ted/ted_mul_physics_2026-09.zim	_category:ted;ted;_videos:yes;_ftindex:yes;_pictures:yes;_details:yes
ted_mul_design		TED design	A collection of TED videos about design	eng,spa,ara,zho,fra,por,kor,ita,tur,vie,rus,jpn,heb,pol,ron,deu,nld,fas,hun,ell,bul,ind,srp	ted	7630692352	599	2026-09-12	https://lb.download.kiwix.org/zim/ted/ted_mul_design_2026-09.zim	_category:ted;ted;_videos:yes;_ftindex:yes;_pictures:yes;_details:yes
ted_mul_culture		TED culture	A collection of TED videos about culture	eng,spa,ara,zho,fra,ita,vie,kor,tur,por,heb,rus,jpn,ron,deu,pol,hun,ell,fas,ind,nld,srp,bul	ted	11760838656	868	2026-09-12	https://lb.download.kiwix.org/zim/ted/ted_mul_culture_2026-09.zim	_category:ted;ted;_videos:yes;_ftindex:yes;_pictures:yes;_details:yes
ted_mul_entertainment		TED entertainment	A collection of TED videos about entertainment	eng,spa,fra,ara,zho,ita,por,kor,vie,rus,tur,heb,jpn,ron,deu,pol,nld,bul,fas,ell,hun,srp,hrv	ted	5671573504	372	2026-09-12	https://lb.download.kiwix.org/zim/ted/ted_mul_entertainment_2026-09.zim	_category:ted;ted;_videos:yes;_ftindex:yes;_pictures:yes;_details:yes
ted_mul_animation		TED animation	A collection of TED videos about animation	eng,ara,tur,zho,spa,vie,kor,fra,ita,heb,ind,rus,por,pol,jpn,ron,mya,fas,deu,tha,hun,ell,srp	ted	6127668224	1068	2026-09-13	https://lb.download.kiwix.org/zim/ted/ted_mul_animation_2026-09.zim	_category:ted;ted;_videos:yes;_ftindex:yes;_pictures:yes;_details:yes
ted_mul_natural-disaster		TED natural disaster	A collection of TED videos about natural disaster	eng,ara,spa,zho,fra,vie,ita,por,heb,kor,rus,tur,jpn,ron,pol,ind,deu,fas,hun	ted	715849728	69	2026-09-14	https://lb.download.kiwix.org/zim/ted/ted_mul_natural-disaster_2026-09.zim	_category:ted;ted;_videos:yes;_ftindex:yes;_pictures:yes;_details:yes
ted_mul_mental-health		TED mental health	A collection of TED videos about mental health	eng,spa,ara,vie,zho,fra,kor,tur,ita,por,heb,rus,fas,ron,jpn,hun,ind,pol,srp	ted	2408592384	200	2026-09-14	https://lb.download.kiwix.org/zim/ted/ted_mul_mental-health_2026-09.zim	_category:ted;ted;_videos:yes;_ftindex:yes;_pictures:yes;_details:yes
ted_mul_primates		TED primates	A collection of TED videos about primates	eng,ara,spa,fra,ita,kor,tur,vie,zho,por,deu,jpn,pol,ron,rus,heb,hun,nld,fas,ell,bul,srp,hrv	ted	377192448	22	2026-09-15	https://lb.download.kiwix.org/zim/ted/ted_mul_primates_2026-09.zim	_category:ted;ted;_videos:yes;_ftindex:yes;_pictures:yes;_details:yes
ted_mul_software		TED software	A collection of TED videos about software	eng,ara,spa,zho,fra,kor,ita,vie,por,rus,tur,heb,jpn,ron,deu,nld,fas,pol,hun,ell,bul,srp,ukr	ted	1509390336	112	2026-09-15	https://lb.download.kiwix.org/zim/ted/ted_mul_software_2026-09.zim	_category:ted;ted;_videos:yes;_ftindex:yes;_pictures:yes;_details:yes
ted_mul_illness		TED illness	A collection of TED videos about illness	eng,spa,ara,zho,fra,kor,por,ita,rus,tur,vie,jpn,fas,heb,ron,pol,hun,ind,deu,ell,tha,srp,nld	ted	1495524352	148	2026-09-15	https://lb.download.kiwix.org/zim/ted/ted_mul_illness_2026-09.zim	_category:ted;ted;_videos:yes;_ftindex:yes;_pictures:yes;_details:yes
ted_mul_literature		TED literature	A collection of TED videos about literature	eng,spa,ara,kor,zho,fra,vie,por,rus,heb,tur,ita,ron,jpn,pol,srp,ind,ell,deu,hun,mya,fas,tha	ted	1197895680	124	2026-09-15	https://lb.download.kiwix.org/zim/ted/ted_mul_literature_2026-09.zim	_category:ted;ted;_videos:yes;_ftindex:yes;_pictures:yes;_details:yes
ted_mul_international-development		TED international development	A collection of TED videos about international development	eng,ara,spa,ita,zho,kor,por,fra,tur,vie,rus,jpn,heb,nld,hun,fas,ron,deu,pol	ted	1579208704	100	2026-09-15	https://lb.download.kiwix.org/zim/ted/ted_mul_international-development_2026-09.zim	_category:ted;ted;_videos:yes;_ftindex:yes;_pictures:yes;_details:yes
ted_mul_sexual-violence		TED sexual violence	A collection of TED videos about sexual violence	eng,spa,ara,fra,ita,por,zho,kor,rus,tur,vie,fas,jpn,ell,ron,heb,hun,nld,srp	ted	392551424	31	2026-09-15	https://lb.download.kiwix.org/zim/ted/ted_mul_sexual-violence_2026-09.zim	_category:ted;ted;_videos:yes;_ftindex:yes;_pictures:yes;_details:yes
ted_mul_terrorism		TED terrorism	A collection of TED videos about terrorism	eng,fra,ara,spa,ita,kor,por,rus,vie,zho,jpn,tur,heb,ron,ell,pol,fas,hun,nld,srp,deu,ukr,bul	ted	603076608	43	2026-09-15	https://lb.download.kiwix.org/zim/ted/ted_mul_terrorism_2026-09.zim	_category:ted;ted;_videos:yes;_ftindex:yes;_pictures:yes;_details:yes
ted_mul_natural-resources		TED natural resources	A collection of TED videos about natural resources	eng,ara,spa,zho,fra,ita,vie,kor,por,tur,rus,heb,jpn,ind,deu,pol,fas,hun,ron	ted	638370816	75	2026-09-15	https://lb.download.kiwix.org/zim/ted/ted_mul_natural-resources_2026-09.zim	_category:ted;ted;_videos:yes;_ftindex:yes;_pictures:yes;_details:yes
ted_mul_asia		TED asia	A collection of TED videos about asia	eng,ara,zho,spa,fra,ita,kor,por,rus,tur,heb,jpn,hun,vie,ron,ell,fas,ind,pol,deu,nld,bul,srp	ted	617078784	48	2026-09-16	https://lb.download.kiwix.org/zim/ted/ted_mul_asia_2026-09.zim	_category:ted;ted;_videos:yes;_ftindex:yes;_pictures:yes;_details:yes
ted_mul_biomimicry		TED biomimicry	A collection of TED videos about biomimicry	eng,ara,spa,fra,kor,tur,zho,ita,rus,vie,heb,jpn,por,pol,ron,deu,fas,nld,ell,srp,bul,hun,ind	ted	310460416	27	2026-09-16	https://lb.download.kiwix.org/zim/ted/ted_mul_biomimicry_2026-09.zim	_category:ted;ted;_videos:yes;_ftindex:yes;_pictures:yes;_details:yes
ted_mul_hearing		TED hearing	A collection of TED videos about hearing	eng,ara,spa,fra,kor,por,tur,vie,zho,ita,rus,heb,hun,jpn,fas,pol,deu,ell,nld,ron,mya,srp,tha	ted	175543296	19	2026-09-16	https://lb.download.kiwix.org/zim/ted/ted_mul_hearing_2026-09.zim	_category:ted;ted;_videos:yes;_ftindex:yes;_pictures:yes;_details:yes
ted_mul_microbiology		TED microbiology	A collection of TED videos about microbiology	eng,ara,spa,fra,zho,ita,kor,por,tur,rus,vie,fas,jpn,heb,hun,deu,nld,ron,pol,ell,srp,ind,tha	ted	630765568	57	2026-09-16	https://lb.download.kiwix.org/zim/ted/ted_mul_microbiology_2026-09.zim	_category:ted;ted;_videos:yes;_ftindex:yes;_pictures:yes;_details:yes
ted_mul_virtual-reality		TED virtual reality	A collection of TED videos about virtual reality	eng,ara,spa,fra,vie,zho,ita,kor,por,tur,heb,jpn,rus,fas,ell,nld,ron,deu,pol	ted	324115456	26	2026-09-16	https://lb.download.kiwix.org/zim/ted/ted_mul_virtual-reality_2026-09.zim	_category:ted;ted;_videos:yes;_ftindex:yes;_pictures:yes;_details:yes
ethanweed_en_all		Learning statistics - Python	Introductory statistics class turned into a book	eng	other	8382464	22	2025-11-19	https://lb.download.kiwix.org/zim/zimit/ethanweed_en_all_2025-11.zim	_ftindex:yes;_category:other;_pictures:yes;_videos:yes;_details:yes
lesscss.org_en_all		Less CSS	It's CSS, with just a little more.	eng	other	1453056	16	2025-09-30	https://lb.download.kiwix.org/zim/zimit/lesscss.org_en_all_2025-09.zim	_ftindex:yes;css;_category:other;computing;_pictures:yes;_videos:yes;_details:yes
maps_en_sao-tome-and-principe		Sao Tome and Principe	Full map, including roads and landmarks	eng		129789952	11	2026-06-05	https://lb.download.kiwix.org/zim/maps/maps_en_sao-tome-and-principe_2026-06.zim	_sw:no;_ftindex:no;_pictures:yes;_videos:no;_details:yes
maps_en_malaysia-singapore-and-brunei		Malaysia, Singapore and Brunei	Full map, including roads and landmarks	eng		380828672	4873	2026-06-07	https://lb.download.kiwix.org/zim/maps/maps_en_malaysia-singapore-and-brunei_2026-06.zim	_sw:no;_ftindex:no;_pictures:yes;_videos:no;_details:yes
stardewvalleywiki_en_all		Stardew Valley Wiki	Everything about the country-life RPG	eng		23390208	2807	2026-07-03	https://lb.download.kiwix.org/zim/other/stardewvalleywiki_en_all_2026-07.zim	gaming;stardewvalleywiki;_details:yes;_ftindex:yes;_pictures:yes;_videos:yes
maps_en_haiti-and-dominican-republic		Haiti and Dominican Republic	Full map, including roads and landmarks	eng		186188800	3187	2026-06-09	https://lb.download.kiwix.org/zim/maps/maps_en_haiti-and-dominican-republic_2026-06.zim	_sw:no;_ftindex:no;_pictures:yes;_videos:no;_details:yes
energypedia_en_all	maxi	energypedia	Knowledge exchange on renewable energy and energy access	eng		799713280	10151	2026-06-20	https://lb.download.kiwix.org/zim/other/energypedia_en_all_maxi_2026-06.zim	energypedia;_pictures:yes;_videos:no;_details:yes;_ftindex:yes
energypedia_en_all	nopic	energypedia	Knowledge exchange on renewable energy and energy access	eng		722590720	10151	2026-06-20	https://lb.download.kiwix.org/zim/other/energypedia_en_all_nopic_2026-06.zim	energypedia;_pictures:no;_videos:no;_details:yes;_ftindex:yes
maps_en_southern-africa		East Africa	Regional map of Kenya, Tanzania, Rwanda and Uganda	eng		1059901440	12196	2026-08-22	https://lb.download.kiwix.org/zim/maps/maps_en_southern-africa_2026-08a.zim	_sw:no;_ftindex:no;_pictures:yes;_videos:no;_details:yes
maps_en_united-states-of-america		United States of America	Full map, including roads and landmarks	eng		16601606144	46303	2026-06-13	https://lb.download.kiwix.org/zim/maps/maps_en_united-states-of-america_2026-06.zim	_sw:no;_ftindex:no;_pictures:yes;_videos:no;_details:yes
maps_en_andes		Andean countries	Regional map of Bolivia, Peru, Ecuador and Colombia	eng		1731987456	10662	2026-08-22	https://lb.download.kiwix.org/zim/maps/maps_en_andes_2026-08.zim	_sw:no;_ftindex:no;_pictures:yes;_videos:no;_details:yes
wiki_en_all	maxi	Magic the Gathering	The unofficial Magic: The Gathering Encyclopedia	eng		148184064	21019	2026-03-31	https://lb.download.kiwix.org/zim/other/wiki_en_all_maxi_2026-03.zim	mtg;_pictures:yes;_videos:no;_details:yes;_ftindex:yes
techbase.kde.org_en_all	maxi	KDE TechBase	Information developers need to use KDE Frameworks	eng		11937792	2511	2026-08-14	https://lb.download.kiwix.org/zim/other/techbase.kde.org_en_all_maxi_2026-08.zim	kde;_pictures:yes;_videos:no;_details:yes;_ftindex:yes
minecraft.wiki_en_all		Minecraft Wiki	Minecraft is a sandbox construction video game.	eng		1941160960	62459	2026-08-21	https://lb.download.kiwix.org/zim/other/minecraft.wiki_en_all_2026-08.zim	gaming;minecraft;_details:yes;_ftindex:yes;_pictures:yes;_videos:yes
maps_en_congo-republic-brazzaville		Rep. of Congo (Brazzaville)	Full map, including roads and landmarks	eng		224690176	255	2026-06-13	https://lb.download.kiwix.org/zim/maps/maps_en_congo-republic-brazzaville_2026-06.zim	_sw:no;_ftindex:no;_pictures:yes;_videos:no;_details:yes
edutechwiki_en_all	maxi	EduTech Wiki	The educational technology and digital learning wiki	eng		59786240	2203	2026-07-23	https://lb.download.kiwix.org/zim/other/edutechwiki_en_all_maxi_2026-07.zim	unige;_pictures:yes;_videos:no;_details:yes;_ftindex:yes
stacks.math.columbia.edu_en_all		The Stacks project	Textbook and Reference work on algebraic geometry	eng	other	154074112	22503	2025-06-16	https://lb.download.kiwix.org/zim/zimit/stacks.math.columbia.edu_en_all_2025-06.zim	_ftindex:yes;_category:other;_pictures:yes;_videos:yes;_details:yes
ncert-audiobooks_en_all		CIET Audiobooks	Audiobooks for all levels in English, Hindi, Urdu	eng	other	11097088	288	2026-04-30	https://lb.download.kiwix.org/zim/zimit/ncert-audiobooks_en_all_2026-04.zim	_ftindex:yes;_category:other;_pictures:yes;_videos:yes;_details:yes
maps_en_indonesia-with-east-timor		Indonesia and Timor Leste	Full map, including roads and landmarks	eng		1469627392	74775	2026-06-05	https://lb.download.kiwix.org/zim/maps/maps_en_indonesia-with-east-timor_2026-06.zim	_sw:no;_ftindex:no;_pictures:yes;_videos:no;_details:yes
freecodecamp_en_rosetta-code		Rosetta Code	Level up your creative problem solving skills	eng		6863872	161	2026-08-11	https://lb.download.kiwix.org/zim/freecodecamp/freecodecamp_en_rosetta-code_2026-08.zim	FCC;freeCodeCamp;_ftindex:no;_pictures:yes;_videos:yes;_details:yes
rationalwiki_en_all	maxi	RationalWiki	Analyzing and refuting Pseudoscience and Anti-science movement	eng		249745408	22327	2025-05-30	https://lb.download.kiwix.org/zim/other/rationalwiki_en_all_maxi_2025-05.zim	rationalwiki;_pictures:yes;_videos:no;_details:yes;_ftindex:yes
rationalwiki_en_all	nopic	RationalWiki	Analyzing and refuting Pseudoscience and Anti-science movement	eng		84367360	22332	2025-05-30	https://lb.download.kiwix.org/zim/other/rationalwiki_en_all_nopic_2025-05.zim	rationalwiki;_pictures:no;_videos:no;_details:yes;_ftindex:yes
ted_mul_aging		TED aging	A collection of TED videos about aging	eng,ara,spa,fra,zho,kor,ita,vie,tur,por,rus,fas,jpn,heb,pol,ron,deu,hun,srp,nld,ell,ukr,tha,bul	ted	835639296	72	2026-09-08	https://lb.download.kiwix.org/zim/ted/ted_mul_aging_2026-09.zim	_category:ted;ted;_videos:yes;_ftindex:yes;_pictures:yes;_details:yes
ted_mul_humor		TED humor	A collection of TED videos about humor	eng,spa,ara,fra,zho,ita,por,kor,heb,rus,jpn,vie,ron,tur,deu,pol,nld,fas,hun,bul,ell,srp,hrv,ind	ted	2030659584	151	2026-09-09	https://lb.download.kiwix.org/zim/ted/ted_mul_humor_2026-09.zim	_category:ted;ted;_videos:yes;_ftindex:yes;_pictures:yes;_details:yes
ted_mul_consciousness		TED consciousness	A collection of TED videos about consciousness	eng,fra,ara,ita,zho,spa,heb,vie,kor,jpn,por,tur,ron,rus,deu,fas,pol,hun,srp,ell,tha,ind,nld,hrv	ted	727427072	64	2026-09-10	https://lb.download.kiwix.org/zim/ted/ted_mul_consciousness_2026-09.zim	_category:ted;ted;_videos:yes;_ftindex:yes;_pictures:yes;_details:yes
ted_mul_language		TED language	A collection of TED videos about language	eng,spa,ara,zho,fra,tur,por,vie,ita,kor,rus,heb,jpn,fas,ron,deu,hun,ind,pol,srp,mya,ell,nld,tha	ted	1614976000	153	2026-09-14	https://lb.download.kiwix.org/zim/ted/ted_mul_language_2026-09.zim	_category:ted;ted;_videos:yes;_ftindex:yes;_pictures:yes;_details:yes
ted_mul_philosophy		TED philosophy	A collection of TED videos about philosophy	eng,fra,ara,spa,zho,tur,ita,vie,kor,por,heb,rus,ron,jpn,fas,deu,pol,hun,ell,srp,ind,nld,tha,hrv	ted	1618818048	129	2026-09-15	https://lb.download.kiwix.org/zim/ted/ted_mul_philosophy_2026-09.zim	_category:ted;ted;_videos:yes;_ftindex:yes;_pictures:yes;_details:yes
ted_mul_photography		TED photography	A collection of TED videos about photography	eng,spa,zho,ara,fra,ita,vie,por,kor,tur,rus,jpn,heb,ron,hun,deu,pol,nld,fas,ell,srp,ukr,bul,ind	ted	1501074432	141	2026-09-15	https://lb.download.kiwix.org/zim/ted/ted_mul_photography_2026-09.zim	_category:ted;ted;_videos:yes;_ftindex:yes;_pictures:yes;_details:yes
ted_mul_ptsd		TED ptsd	A collection of TED videos about ptsd	eng,fra,ara,spa,zho,kor,por,tur,fas,heb,ita,jpn,ron,rus,vie,pol,srp,deu,ell,ukr,hun,ind,nld,tha	ted	212862976	20	2026-09-15	https://lb.download.kiwix.org/zim/ted/ted_mul_ptsd_2026-09.zim	_category:ted;ted;_videos:yes;_ftindex:yes;_pictures:yes;_details:yes
ted_mul_public-space		TED public space	A collection of TED videos about public space	eng,ara,spa,fra,kor,zho,ita,por,rus,tur,vie,jpn,fas,heb,hun,ron,pol,ukr,deu,nld	ted	349916160	36	2026-09-15	https://lb.download.kiwix.org/zim/ted/ted_mul_public-space_2026-09.zim	_category:ted;ted;_videos:yes;_ftindex:yes;_pictures:yes;_details:yes
ted_mul_statistics		TED statistics	A collection of TED videos about statistics	eng,fra,zho,ara,spa,ita,por,rus,tur,vie,jpn,kor,pol,heb,fas,hun,ell,nld,ron,deu,ind,srp,ukr,tha	ted	640858112	54	2026-09-15	https://lb.download.kiwix.org/zim/ted/ted_mul_statistics_2026-09.zim	_category:ted;ted;_videos:yes;_ftindex:yes;_pictures:yes;_details:yes
ted_mul_sleep		TED sleep	A collection of TED videos about sleep	eng,ara,spa,tur,vie,zho,ita,kor,mya,fas,fra,por,hun,rus,pol,ind,jpn,heb,ron,tha,ell,srp,ckb,deu	ted	353510400	50	2026-09-15	https://lb.download.kiwix.org/zim/ted/ted_mul_sleep_2026-09.zim	_category:ted;ted;_videos:yes;_ftindex:yes;_pictures:yes;_details:yes
ted_mul_sight		TED sight	A collection of TED videos about sight	eng,ara,spa,kor,zho,fra,ita,rus,vie,jpn,por,tur,heb,ron,deu,pol,fas,hun,ell,nld,ind,srp,tha,ukr	ted	383438848	38	2026-09-15	https://lb.download.kiwix.org/zim/ted/ted_mul_sight_2026-09.zim	_category:ted;ted;_videos:yes;_ftindex:yes;_pictures:yes;_details:yes
ted_mul_depression		TED depression	A collection of TED videos about depression	eng,ara,spa,zho,fra,por,tur,vie,kor,ita,rus,fas,heb,ron,jpn,hun,pol,srp,deu,nld,ind,ell,hrv,ukr	ted	769077248	66	2026-09-15	https://lb.download.kiwix.org/zim/ted/ted_mul_depression_2026-09.zim	_category:ted;ted;_videos:yes;_ftindex:yes;_pictures:yes;_details:yes
ted_mul_marine-biology		TED marine biology	A collection of TED videos about marine biology	eng,spa,ara,zho,fra,ita,kor,vie,por,tur,rus,jpn,deu,heb,ron,pol,ind,nld,hun,fas	ted	648672256	62	2026-09-16	https://lb.download.kiwix.org/zim/ted/ted_mul_marine-biology_2026-09.zim	_category:ted;ted;_videos:yes;_ftindex:yes;_pictures:yes;_details:yes
ted_mul_time		TED time	A collection of TED videos about time	eng,spa,ara,fra,zho,kor,por,rus,vie,ita,tur,jpn,heb,fas,ron,deu,pol,hun,srp,tha,ell,ind,nld,mya	ted	453462016	44	2026-09-16	https://lb.download.kiwix.org/zim/ted/ted_mul_time_2026-09.zim	_category:ted;ted;_videos:yes;_ftindex:yes;_pictures:yes;_details:yes
ted_mul_medical-imaging		TED medical imaging	A collection of TED videos about medical imaging	eng,ara,spa,fra,ita,kor,zho,rus,vie,heb,jpn,por,tur,fas,ron,hun,deu,pol,ell	ted	279884800	26	2026-09-16	https://lb.download.kiwix.org/zim/ted/ted_mul_medical-imaging_2026-09.zim	medical;_category:ted;ted;_videos:yes;_ftindex:yes;_pictures:yes;_details:yes
ted_mul_plastic		TED plastic	A collection of TED videos about plastic	eng,ara,spa,ita,fra,zho,vie,jpn,kor,por,ind,rus,tur,deu,ron,hun,heb,ell,fas,pol,srp,nld,hrv,ukr	ted	249349120	27	2026-09-16	https://lb.download.kiwix.org/zim/ted/ted_mul_plastic_2026-09.zim	_category:ted;ted;_videos:yes;_ftindex:yes;_pictures:yes;_details:yes
ted_mul_women-in-business		TED women in business	A collection of TED videos about women in business	eng,ara,spa,vie,zho,fra,ita,por,kor,tur,rus,heb,fas,ron,deu,jpn	ted	905532416	69	2026-09-16	https://lb.download.kiwix.org/zim/ted/ted_mul_women-in-business_2026-09.zim	_category:ted;ted;_videos:yes;_ftindex:yes;_pictures:yes;_details:yes
ted_mul_christianity		TED christianity	A collection of TED videos about christianity	eng,ita,spa,ara,fra,jpn,kor,por,rus,tur,vie,zho,deu,ell,heb,hun,pol,fas,nld,ron,bul,ukr,ces,ind	ted	199862272	13	2026-09-16	https://lb.download.kiwix.org/zim/ted/ted_mul_christianity_2026-09.zim	_category:ted;ted;_videos:yes;_ftindex:yes;_pictures:yes;_details:yes
ted_mul_deextinction		TED deextinction	A collection of TED videos about deextinction	eng,ara,spa,fra,hun,ita,jpn,kor,por,rus,srp,zho,deu,heb,nld,pol,ron,tur,vie,ell,bul,hrv,ind,tha	ted	134401024	9	2026-09-16	https://lb.download.kiwix.org/zim/ted/ted_mul_deextinction_2026-09.zim	_category:ted;ted;_videos:yes;_ftindex:yes;_pictures:yes;_details:yes
ted_mul_glaciers		TED glaciers	A collection of TED videos about glaciers	eng,ara,spa,fra,ita,jpn,kor,por,rus,tur,zho,ell,fas,nld,ron,vie,heb,pol,hun,ind,ukr,deu,tha,srp	ted	99243008	13	2026-09-16	https://lb.download.kiwix.org/zim/ted/ted_mul_glaciers_2026-09.zim	_category:ted;ted;_videos:yes;_ftindex:yes;_pictures:yes;_details:yes
ted_mul_asteroid		TED asteroid	A collection of TED videos about asteroid	eng,ara,spa,fra,heb,ita,jpn,kor,por,rus,tur,zho,fas,pol,vie,srp,bul,ell,hun,nld,ron,deu,ind,tha	ted	103223296	10	2026-09-16	https://lb.download.kiwix.org/zim/ted/ted_mul_asteroid_2026-09.zim	_category:ted;ted;_videos:yes;_ftindex:yes;_pictures:yes;_details:yes
ted_mul_3d-printing		TED 3d printing	A collection of TED videos about 3d printing	eng,ara,spa,vie,fra,kor,por,rus,tur,zho,hun,fas,heb,ita,jpn,deu,hrv,mya,pol,ron,srp	ted	155457536	16	2026-09-08	https://lb.download.kiwix.org/zim/ted/ted_mul_3d-printing_2026-09.zim	_category:ted;ted;_videos:yes;_ftindex:yes;_pictures:yes;_details:yes
ted_mul_demo		TED demo	A collection of TED videos about demo	eng,ara,spa,zho,fra,kor,rus,tur,ita,por,vie,heb,jpn,ron,fas,hun,nld,pol,deu,ell,bul,hrv,ukr,srp,ind	ted	792183808	66	2026-09-09	https://lb.download.kiwix.org/zim/ted/ted_mul_demo_2026-09.zim	_category:ted;ted;_videos:yes;_ftindex:yes;_pictures:yes;_details:yes
ted_mul_brazil		TED brazil	A collection of TED videos about brazil	eng,ara,spa,fra,ita,por,rus,tur,zho,heb,kor,pol,vie,hun,nld,fas,jpn,ron,srp,ukr,deu,tha,ces,ell,bul	ted	142274560	14	2026-09-09	https://lb.download.kiwix.org/zim/ted/ted_mul_brazil_2026-09.zim	_category:ted;ted;_videos:yes;_ftindex:yes;_pictures:yes;_details:yes
ted_mul_global-issues		TED global issues	A collection of TED videos about global issues	eng,spa,ara,fra,zho,ita,por,vie,kor,rus,heb,jpn,tur,ron,nld,deu,pol,hun,fas,ell,bul	ted	10515408896	654	2026-09-10	https://lb.download.kiwix.org/zim/ted/ted_mul_global-issues_2026-09.zim	_category:ted;ted;_videos:yes;_ftindex:yes;_pictures:yes;_details:yes
ted_mul_public-health		TED public health	A collection of TED videos about public health	eng,ara,spa,zho,fra,kor,por,ita,rus,vie,tur,heb,jpn,fas,ind,ron,hun,pol,deu,ell,tha	ted	2361872384	251	2026-09-10	https://lb.download.kiwix.org/zim/ted/ted_mul_public-health_2026-09.zim	_category:ted;ted;_videos:yes;_ftindex:yes;_pictures:yes;_details:yes
ted_mul_coral-reefs		TED coral reefs	A collection of TED videos about coral reefs	eng,ara,deu,spa,fra,ita,jpn,kor,por,rus,vie,zho,tur,nld,pol,heb,hun,ron,srp,fas,ind	ted	128562176	13	2026-09-10	https://lb.download.kiwix.org/zim/ted/ted_mul_coral-reefs_2026-09.zim	_category:ted;ted;_videos:yes;_ftindex:yes;_pictures:yes;_details:yes
ted_mul_memory		TED memory	A collection of TED videos about memory	eng,spa,ara,zho,ita,tur,fra,por,kor,vie,heb,jpn,rus,ron,fas,pol,hun,ind,deu,ell,srp,tha,mya,nld,ukr	ted	844675072	87	2026-09-11	https://lb.download.kiwix.org/zim/ted/ted_mul_memory_2026-09.zim	_category:ted;ted;_videos:yes;_ftindex:yes;_pictures:yes;_details:yes
ted_mul_spoken-word		TED spoken word	A collection of TED videos about spoken word	eng,kor,ara,spa,fra,zho,ita,por,rus,vie,jpn,tur,deu,fas,heb,ron,ell,nld,ind,pol,srp	ted	327646208	29	2026-09-12	https://lb.download.kiwix.org/zim/ted/ted_mul_spoken-word_2026-09.zim	_category:ted;ted;_videos:yes;_ftindex:yes;_pictures:yes;_details:yes
ted_mul_industrial-design		TED industrial design	A collection of TED videos about industrial design	eng,ara,spa,fra,zho,ita,vie,kor,por,rus,heb,tur,jpn,ron,deu,nld,pol,bul,fas,hun,ell	ted	534588416	40	2026-09-14	https://lb.download.kiwix.org/zim/ted/ted_mul_industrial-design_2026-09.zim	_category:ted;ted;_videos:yes;_ftindex:yes;_pictures:yes;_details:yes
ted_mul_medical-research		TED medical research	A collection of TED videos about medical research	eng,ara,spa,zho,fra,kor,ita,por,vie,tur,rus,heb,fas,jpn,ron,hun,pol,ind,deu,ell	ted	2315844608	227	2026-09-14	https://lb.download.kiwix.org/zim/ted/ted_mul_medical-research_2026-09.zim	medical;_category:ted;ted;_videos:yes;_ftindex:yes;_pictures:yes;_details:yes
ted_mul_personality		TED personality	A collection of TED videos about personality	eng,spa,ara,fra,zho,ita,por,vie,kor,jpn,rus,fas,heb,hun,ron,tur,ell,srp,hrv,ukr,deu,nld,pol,tha,ind	ted	572383232	52	2026-09-15	https://lb.download.kiwix.org/zim/ted/ted_mul_personality_2026-09.zim	_category:ted;ted;_videos:yes;_ftindex:yes;_pictures:yes;_details:yes
ted_mul_product-design		TED product design	A collection of TED videos about product design	eng,ara,spa,zho,fra,ita,kor,tur,vie,por,rus,jpn,heb,hun,fas,ron,nld,pol,deu,ell,srp	ted	913349632	71	2026-09-15	https://lb.download.kiwix.org/zim/ted/ted_mul_product-design_2026-09.zim	_category:ted;ted;_videos:yes;_ftindex:yes;_pictures:yes;_details:yes
ted_mul_visualizations		TED visualizations	A collection of TED videos about visualizations	eng,ara,spa,fra,kor,zho,ita,por,rus,vie,jpn,tur,heb,fas,hun,ron,ell,nld,deu,pol,srp,ukr,bul,ind,hrv	ted	1297147904	106	2026-09-15	https://lb.download.kiwix.org/zim/ted/ted_mul_visualizations_2026-09.zim	_category:ted;ted;_videos:yes;_ftindex:yes;_pictures:yes;_details:yes
ted_mul_prosthetics		TED prosthetics	A collection of TED videos about prosthetics	eng,ara,spa,fra,ita,kor,por,rus,tur,zho,deu,fas,jpn,vie,ell,nld,pol,ron,heb,bul,hrv,hun,srp,tha,ces	ted	299660288	21	2026-09-15	https://lb.download.kiwix.org/zim/ted/ted_mul_prosthetics_2026-09.zim	_category:ted;ted;_videos:yes;_ftindex:yes;_pictures:yes;_details:yes
ted_mul_sociology		TED sociology	A collection of TED videos about sociology	eng,ara,spa,fra,vie,zho,kor,por,rus,ita,tur,heb,jpn,hun,ron,fas,pol,deu,srp,ell,ind,nld,ukr,hrv,tha	ted	497562624	45	2026-09-15	https://lb.download.kiwix.org/zim/ted/ted_mul_sociology_2026-09.zim	_category:ted;ted;_videos:yes;_ftindex:yes;_pictures:yes;_details:yes
ted_mul_synthetic-biology		TED synthetic biology	A collection of TED videos about synthetic biology	eng,ara,spa,fra,zho,kor,ita,por,rus,vie,heb,fas,jpn,tur,hun,ell,nld,srp,pol,ron,deu	ted	282607616	24	2026-09-15	https://lb.download.kiwix.org/zim/ted/ted_mul_synthetic-biology_2026-09.zim	_category:ted;ted;_videos:yes;_ftindex:yes;_pictures:yes;_details:yes
ted_mul_library		TED library	A collection of TED videos about library	eng,ara,spa,fra,ita,por,tur,zho,kor,vie,jpn,rus,heb,ron,pol,hun,nld,deu,ell,fas,hrv,srp,bul,ukr,ind	ted	283983872	24	2026-09-16	https://lb.download.kiwix.org/zim/ted/ted_mul_library_2026-09.zim	_category:ted;ted;_videos:yes;_ftindex:yes;_pictures:yes;_details:yes
ted_mul_solar-system		TED solar system	A collection of TED videos about solar system	eng,ara,spa,zho,fra,kor,rus,tur,heb,ita,jpn,por,vie,fas,ron,pol,hun,srp,ell,ind,deu	ted	432622592	42	2026-09-16	https://lb.download.kiwix.org/zim/ted/ted_mul_solar-system_2026-09.zim	_category:ted;ted;_videos:yes;_ftindex:yes;_pictures:yes;_details:yes
ted_mul_illusion		TED illusion	A collection of TED videos about illusion	eng,ara,spa,fra,ita,por,zho,jpn,kor,rus,vie,tur,heb,ron,srp,nld,deu,pol,ell,fas,hun,bul,ind,hrv,ukr	ted	373803008	29	2026-09-16	https://lb.download.kiwix.org/zim/ted/ted_mul_illusion_2026-09.zim	_category:ted;ted;_videos:yes;_ftindex:yes;_pictures:yes;_details:yes
ted_mul_toys		TED toys	A collection of TED videos about toys	eng,jpn,ara,spa,tur,zho,fra,ita,kor,por,ron,rus,vie,deu,heb,fas,bul,nld,pol,ell,hun,ind,srp,hrv,ukr	ted	608167936	21	2026-09-16	https://lb.download.kiwix.org/zim/ted/ted_mul_toys_2026-09.zim	_category:ted;ted;_videos:yes;_ftindex:yes;_pictures:yes;_details:yes
ted_mul_driverless-cars		TED driverless cars	A collection of TED videos about driverless cars	eng,ara,spa,zho,fra,heb,kor,vie,ita,por,rus,tur,jpn,fas,hun,pol,deu,ind,nld,srp,tha	ted	222093312	18	2026-09-16	https://lb.download.kiwix.org/zim/ted/ted_mul_driverless-cars_2026-09.zim	_category:ted;ted;_videos:yes;_ftindex:yes;_pictures:yes;_details:yes
ted_mul_botany		TED botany	A collection of TED videos about botany	eng,fra,ara,spa,ita,kor,por,rus,zho,fas,nld,tur,vie,heb,hun,jpn,ron,deu,ell,pol,srp,ces,ind,tha,slk	ted	245767168	22	2026-09-16	https://lb.download.kiwix.org/zim/ted/ted_mul_botany_2026-09.zim	_category:ted;ted;_videos:yes;_ftindex:yes;_pictures:yes;_details:yes
ted_mul_antarctica		TED antarctica	A collection of TED videos about antarctica	eng,ara,spa,fra,ita,jpn,kor,por,rus,tur,vie,zho,nld,pol,ron,fas,heb,ell,hun,ind,deu,ukr,slk,srp,tha	ted	140453888	16	2026-09-16	https://lb.download.kiwix.org/zim/ted/ted_mul_antarctica_2026-09.zim	_category:ted;ted;_videos:yes;_ftindex:yes;_pictures:yes;_details:yes
ted_mul_surveillance		TED surveillance	A collection of TED videos about surveillance	eng,spa,ara,fra,por,vie,jpn,kor,zho,hun,ita,rus,tur,srp,fas,ron,heb,nld,ell,pol,ukr,deu,hrv,ind,bul	ted	403040256	33	2026-09-16	https://lb.download.kiwix.org/zim/ted/ted_mul_surveillance_2026-09.zim	_category:ted;ted;_videos:yes;_ftindex:yes;_pictures:yes;_details:yes
ted_mul_grammar		TED grammar	A collection of TED videos about grammar	eng,spa,ara,fra,heb,ita,kor,por,tur,vie,zho,deu,jpn,rus,ell,ind,fas,hun,pol,ron,srp,tha,mya,nld,ckb	ted	64329728	11	2026-09-16	https://lb.download.kiwix.org/zim/ted/ted_mul_grammar_2026-09.zim	_category:ted;ted;_videos:yes;_ftindex:yes;_pictures:yes;_details:yes
ted_mul_bullying		TED bullying	A collection of TED videos about bullying	eng,ara,spa,ell,fra,ita,kor,por,tur,zho,jpn,nld,pol,rus,deu,fas,heb,hun,ind,vie,ron,srp,ukr,bul,lit	ted	122079232	12	2026-09-16	https://lb.download.kiwix.org/zim/ted/ted_mul_bullying_2026-09.zim	_category:ted;ted;_videos:yes;_ftindex:yes;_pictures:yes;_details:yes
ted_mul_neurology		TED neurology	A collection of TED videos about neurology	eng,ara,spa,fra,ita,kor,por,rus,zho,fas,jpn,tur,heb,ind,ron,srp,vie,mya,pol,tha,ckb,deu,ell,hun,glg	ted	125368320	17	2026-09-16	https://lb.download.kiwix.org/zim/ted/ted_mul_neurology_2026-09.zim	_category:ted;ted;_videos:yes;_ftindex:yes;_pictures:yes;_details:yes
ted_mul_ted-conference		TED ted conference	A collection of TED videos about ted conference	eng,spa,ara,zho,fra,ita,vie,kor,por,tur,rus,heb,jpn,ron,fas,hun,deu,nld,pol,ell,srp	ted	18135533568	1391	2026-09-19	https://lb.download.kiwix.org/zim/ted/ted_mul_ted-conference_2026-09.zim	_category:ted;ted;_videos:yes;_ftindex:yes;_pictures:yes;_details:yes
wikiciv_en_all	maxi	WikiCiv	The wiki manual for building civilization from scratch	eng		4632576	441	2025-11-07	https://lb.download.kiwix.org/zim/other/wikiciv_en_all_maxi_2025-11.zim	preppers;wikiciv;_pictures:yes;_videos:no;_details:yes;_ftindex:yes
wikipedia_en_medicine	maxi	WikiMed Medical Encyclopedia	The largest medical encyclopedia, from Wikipedia	eng	wikipedia	2215521280	362501	2026-04-11	https://lb.download.kiwix.org/zim/wikipedia/wikipedia_en_medicine_maxi_2026-04.zim	wikipedia;_category:wikipedia;_pictures:yes;_videos:no;_details:yes;_ftindex:yes
wikipedia_en_medicine	mini	WikiMed Medical Encyclopedia	The largest medical encyclopedia, from Wikipedia	eng	wikipedia	162855936	362501	2026-04-11	https://lb.download.kiwix.org/zim/wikipedia/wikipedia_en_medicine_mini_2026-04.zim	wikipedia;_category:wikipedia;_pictures:no;_videos:no;_details:no;_ftindex:yes
wikipedia_en_medicine	nopic	WikiMed Medical Encyclopedia	The largest medical encyclopedia, from Wikipedia	eng	wikipedia	862376960	362501	2026-04-11	https://lb.download.kiwix.org/zim/wikipedia/wikipedia_en_medicine_nopic_2026-04.zim	wikipedia;_category:wikipedia;_pictures:no;_videos:no;_details:yes;_ftindex:yes
pm.stackexchange.com_en_all		Project Management Q&A	Stack Exchange Q&A for project managers	eng	stack_exchange	50510848	14197	2026-08-04	https://lb.download.kiwix.org/zim/stack_exchange/pm.stackexchange.com_en_all_2026-08.zim	stack_exchange;_category:stack_exchange;_videos:no;_details:no;_ftindex:yes;_pictures:yes
rimworldwiki_en_all	maxi	RimWorld	RimWorld is an indie space colony management game	eng		64520192	4891	2026-08-01	https://lb.download.kiwix.org/zim/other/rimworldwiki_en_all_maxi_2026-08.zim	gaming;rimworldwiki;_pictures:yes;_videos:no;_details:yes;_ftindex:yes
folgerpedia.folger.edu_en_all		Folgerpedia	"The Folger Shakespeare Library's encyclopedia of all things ""Folger"""	eng	other	4201535488	6197	2026-03-17	https://lb.download.kiwix.org/zim/other/folgerpedia.folger.edu_en_all_2026-03.zim	_ftindex:yes;Encyclopedia;_category:other;_pictures:yes;_videos:yes;_details:yes
wikem_en_all	maxi	WikEM	The world's largest emergency medicine open-access resource	eng		374632448	107945	2026-07-24	https://lb.download.kiwix.org/zim/other/wikem_en_all_maxi_2026-07.zim	medicine;wikem;_pictures:yes;_videos:no;_details:yes;_ftindex:yes
wikem_en_all	nopic	WikEM	The world's largest emergency medicine open-access resource	eng		346946560	107952	2026-07-24	https://lb.download.kiwix.org/zim/other/wikem_en_all_nopic_2026-07.zim	medicine;wikem;_pictures:no;_videos:no;_details:yes;_ftindex:yes
gutenberg_en_lcc-d		Project Gutenberg Library	World history (Europe, Asia, Africa, Australia)	eng	gutenberg	40254449664	9148	2025-12-06	https://lb.download.kiwix.org/zim/gutenberg/gutenberg_en_lcc-d_2025-12.zim	_category:gutenberg;gutenberg;_ftindex:no;_pictures:yes;_videos:yes;_details:yes
zimgit-post-disaster_en		Post Disaster Resource Library	A collection of post-disaster resources.	eng		644666368	1	2024-05-25	https://lb.download.kiwix.org/zim/other/zimgit-post-disaster_en_2024-05.zim	preppers;_ftindex:no;_pictures:yes;_videos:yes;_details:yes
gutenberg_en_lcc-pa		Project Gutenberg Library	Greek and Latin language and literature	eng	gutenberg	521989120	469	2026-03-05	https://lb.download.kiwix.org/zim/gutenberg/gutenberg_en_lcc-pa_2026-03.zim	_category:gutenberg;gutenberg;_ftindex:no;_pictures:yes;_videos:yes;_details:yes
retrocomputing.stackexchange.com_en_all		Retrocomputing Q&A	Stack Exchange Q&A for vintage-computer hobbyists	eng	stack_exchange	123952128	13594	2026-08-04	https://lb.download.kiwix.org/zim/stack_exchange/retrocomputing.stackexchange.com_en_all_2026-08.zim	_category:stack_exchange;_details:no;stack_exchange;_videos:no;_ftindex:yes;_pictures:yes
civicrm.stackexchange.com_en_all		CiviCRM Q&A	Stack Exchange Q&A for CiviCRM software users	eng	stack_exchange	97823744	22682	2026-08-01	https://lb.download.kiwix.org/zim/stack_exchange/civicrm.stackexchange.com_en_all_2026-08.zim	_videos:no;_category:stack_exchange;stack_exchange;_details:no;_ftindex:yes;_pictures:yes
restarters_en_all	maxi	Restarters	How things work and how to fix them	eng		17344512	1003	2026-04-25	https://lb.download.kiwix.org/zim/other/restarters_en_all_maxi_2026-04.zim	preppers;restarters;_pictures:yes;_videos:no;_details:yes;_ftindex:yes
astronomy.stackexchange.com_en_all		Astronomy Q&A	Stack Exchange Q&A for astronomers and astrophysicists	eng	stack_exchange	195956736	26773	2026-07-31	https://lb.download.kiwix.org/zim/stack_exchange/astronomy.stackexchange.com_en_all_2026-07.zim	_details:no;stack_exchange;_category:stack_exchange;_videos:no;_ftindex:yes;_pictures:yes
minecraftwiki_en_all	maxi	Minecraft Wiki	Minecraft is a sandbox construction video game.	eng		1423450112	56289	2026-08-02	https://lb.download.kiwix.org/zim/other/minecraftwiki_en_all_maxi_2026-08.zim	gaming;minecraft;_pictures:yes;_videos:no;_details:yes;_ftindex:yes
stackoverflow.com_en_all		Stack Overflow	Q&A for professional and enthusiast informatics programmers	eng	stack_exchange	114855633920	30594570	2026-07-02	https://lb.download.kiwix.org/zim/stack_exchange/stackoverflow.com_en_all_2026-07.zim	_details:no;_category:stack_exchange;_videos:no;stack_exchange;_ftindex:yes;_pictures:yes
3dprinting.stackexchange.com_en_all		3D Printing Q&A	Stack Exchange Q&A for 3D printing enthusiasts	eng	stack_exchange	120138752	11870	2026-07-02	https://lb.download.kiwix.org/zim/stack_exchange/3dprinting.stackexchange.com_en_all_2026-07a.zim	_videos:no;stack_exchange;_category:stack_exchange;_details:no;_ftindex:yes;_pictures:yes
phet_en_all		PhET Interactive Simulations	Interactive simulations for Science and Math	eng	phet	108981248	120	2026-08-25	https://lb.download.kiwix.org/zim/phet/phet_en_all_2026-08.zim	_category:phet;_pictures:yes;_videos:no;_ftindex:no;_details:yes
networkengineering.stackexchange.com_en_all		Network Engineering Q&A	Stack Exchange Q&A for network engineers	eng	stack_exchange	129968128	31417	2026-08-04	https://lb.download.kiwix.org/zim/stack_exchange/networkengineering.stackexchange.com_en_all_2026-08.zim	_details:no;_category:stack_exchange;_videos:no;stack_exchange;_ftindex:yes;_pictures:yes
wikiquote_en_all	maxi	Wikiquote	An Offline Version of Wikiquote in English Language	eng	wikiquote	971764736	102400	2026-07-16	https://lb.download.kiwix.org/zim/wikiquote/wikiquote_en_all_maxi_2026-07.zim	wikiquote;_category:wikiquote;_pictures:yes;_videos:no;_details:yes;_ftindex:yes
wikiquote_en_all	nopic	Wikiquote	An Offline Version of Wikiquote in English Language	eng	wikiquote	330032128	102400	2026-07-16	https://lb.download.kiwix.org/zim/wikiquote/wikiquote_en_all_nopic_2026-07.zim	wikiquote;_category:wikiquote;_pictures:no;_videos:no;_details:yes;_ftindex:yes
survivorlibrary.com_en_all		Survivor Library	How to survive when the technology does not	eng	other	220347600896	11784	2026-09-08	https://lb.download.kiwix.org/zim/zimit/survivorlibrary.com_en_all_2026-09.zim	preppers;_category:other;_ftindex:yes;_pictures:yes;_videos:yes;_details:yes
ted_mul_decision-making		TED decision-making	A collection of TED videos about decision-making	eng,ara,spa,zho,fra,vie,por,kor,ita,tur,rus,heb,fas,jpn,hun,ron,pol,srp,nld,deu,ell,ind	ted	1841173504	144	2026-09-09	https://lb.download.kiwix.org/zim/ted/ted_mul_decision-making_2026-09.zim	_category:ted;ted;_videos:yes;_ftindex:yes;_pictures:yes;_details:yes
ted_mul_bionics		TED bionics	A collection of TED videos about bionics	eng,ara,deu,ell,spa,fra,ita,jpn,kor,por,rus,srp,tha,tur,zho,bul,heb,nld,pol,ron,vie,fas,hun,ces,hrv,swe	ted	125863936	8	2026-09-09	https://lb.download.kiwix.org/zim/ted/ted_mul_bionics_2026-09.zim	_category:ted;ted;_videos:yes;_ftindex:yes;_pictures:yes;_details:yes
ted_mul_dark-matter		TED dark matter	A collection of TED videos about dark matter	eng,ara,spa,fra,vie,zho,ita,kor,por,tur,jpn,rus,fas,heb,ell,pol,ron,srp,deu,hun,nld,ind	ted	281105408	22	2026-09-11	https://lb.download.kiwix.org/zim/ted/ted_mul_dark-matter_2026-09.zim	_category:ted;ted;_videos:yes;_ftindex:yes;_pictures:yes;_details:yes
ted_mul_nanotechnology		TED nanotechnology	A collection of TED videos about nanotechnology	eng,ara,spa,fra,heb,ita,kor,rus,tur,vie,zho,por,deu,nld,fas,hun,jpn,pol,ron,ell,bul,ces,tha,ind,srp,hrv	ted	303443968	26	2026-09-14	https://lb.download.kiwix.org/zim/ted/ted_mul_nanotechnology_2026-09.zim	_category:ted;ted;_videos:yes;_ftindex:yes;_pictures:yes;_details:yes
ted_mul_nuclear-energy		TED nuclear energy	A collection of TED videos about nuclear energy	eng,ara,spa,fra,ita,kor,vie,zho,por,rus,heb,jpn,tur,deu,fas,hun,pol,ell,ind,ron,nld,ukr	ted	185497600	18	2026-09-14	https://lb.download.kiwix.org/zim/ted/ted_mul_nuclear-energy_2026-09.zim	_category:ted;ted;_videos:yes;_ftindex:yes;_pictures:yes;_details:yes
ted_mul_middle-east		TED middle east	A collection of TED videos about middle east	eng,fra,ara,spa,ita,zho,por,vie,tur,fas,heb,jpn,kor,rus,ron,hun,deu,ell,pol,ind,nld,srp	ted	1125302272	75	2026-09-15	https://lb.download.kiwix.org/zim/ted/ted_mul_middle-east_2026-09.zim	_category:ted;ted;_videos:yes;_ftindex:yes;_pictures:yes;_details:yes
ted_mul_science-fiction		TED science fiction	A collection of TED videos about science fiction	eng,ara,fra,ita,kor,zho,spa,por,vie,jpn,rus,tur,fas,heb,hun,pol,ron,srp,deu,ell,ind,mya	ted	137878528	17	2026-09-16	https://lb.download.kiwix.org/zim/ted/ted_mul_science-fiction_2026-09.zim	_category:ted;ted;_videos:yes;_ftindex:yes;_pictures:yes;_details:yes
ted_mul_big-bang		TED big bang	A collection of TED videos about big bang	eng,ara,spa,fra,por,rus,tur,vie,zho,heb,kor,fas,ita,jpn,pol,srp,hun,ind,ron,deu,ell,tha	ted	254709760	26	2026-09-16	https://lb.download.kiwix.org/zim/ted/ted_mul_big-bang_2026-09.zim	_category:ted;ted;_videos:yes;_ftindex:yes;_pictures:yes;_details:yes
ted_mul_south-america		TED south america	A collection of TED videos about south america	eng,spa,ara,zho,kor,tur,fra,ita,por,rus,vie,fas,heb,ron,jpn,srp,nld,hun,tha,deu,ind,ukr	ted	338904064	31	2026-09-16	https://lb.download.kiwix.org/zim/ted/ted_mul_south-america_2026-09.zim	_category:ted;ted;_videos:yes;_ftindex:yes;_pictures:yes;_details:yes
ted_mul_encryption		TED encryption	A collection of TED videos about encryption	eng,ara,spa,fra,jpn,por,zho,ita,kor,rus,srp,tur,vie,hun,fas,heb,nld,ell,ron,pol,bul,hrv,tha,ukr,deu,ind	ted	302392320	25	2026-09-16	https://lb.download.kiwix.org/zim/ted/ted_mul_encryption_2026-09.zim	_category:ted;ted;_videos:yes;_ftindex:yes;_pictures:yes;_details:yes
ted_mul_exercise		TED exercise	A collection of TED videos about exercise	eng,ara,spa,zho,fra,heb,ita,kor,por,ron,vie,fas,jpn,rus,tha,tur,pol,srp,deu,ind,ell,hun,mya,nld,ckb,ukr	ted	219137024	25	2026-09-16	https://lb.download.kiwix.org/zim/ted/ted_mul_exercise_2026-09.zim	_category:ted;ted;_videos:yes;_ftindex:yes;_pictures:yes;_details:yes
ted_mul_egypt		TED egypt	A collection of TED videos about egypt	eng,ara,spa,fra,heb,ita,kor,rus,tur,vie,zho,jpn,por,ell,pol,ron,deu,ind,srp,hun,bul,fas,nld,ukr,ces,tha	ted	231932928	24	2026-09-16	https://lb.download.kiwix.org/zim/ted/ted_mul_egypt_2026-09.zim	_category:ted;ted;_videos:yes;_ftindex:yes;_pictures:yes;_details:yes
ted_mul_islam		TED islam	A collection of TED videos about islam	eng,ita,por,tur,ara,spa,fra,heb,kor,vie,zho,ell,fas,ind,jpn,nld,pol,ron,rus,deu,srp,hun,ukr,bul,ces,swe	ted	190508032	15	2026-09-16	https://lb.download.kiwix.org/zim/ted/ted_mul_islam_2026-09.zim	_category:ted;ted;_videos:yes;_ftindex:yes;_pictures:yes;_details:yes
ted_mul_graphic-design		TED graphic design	A collection of TED videos about graphic design	eng,ara,spa,fra,heb,ita,jpn,kor,por,ron,rus,zho,hun,tur,vie,deu,fas,nld,pol,ell,hrv,srp	ted	135215104	12	2026-09-16	https://lb.download.kiwix.org/zim/ted/ted_mul_graphic-design_2026-09.zim	_category:ted;ted;_videos:yes;_ftindex:yes;_pictures:yes;_details:yes
ted_mul_bees		TED bees	A collection of TED videos about bees	eng,ara,spa,fra,kor,por,rus,tur,vie,zho,heb,ita,jpn,deu,pol,nld,ron,hun,ell,ind,srp,bul,ces,fas,slk,ukr	ted	200527872	17	2026-09-16	https://lb.download.kiwix.org/zim/ted/ted_mul_bees_2026-09.zim	_category:ted;ted;_videos:yes;_ftindex:yes;_pictures:yes;_details:yes
wikisource_en_all	maxi	Wikisource	Wikisource is an library of public domain texts	eng	wikisource	8615937024	857535	2026-09-08	https://lb.download.kiwix.org/zim/wikisource/wikisource_en_all_maxi_2026-09.zim	wikisource;_category:wikisource;_pictures:yes;_videos:no;_details:yes;_ftindex:yes
wikisource_en_all	nopic	Wikisource	Wikisource is an library of public domain texts	eng	wikisource	3905589248	857535	2026-09-08	https://lb.download.kiwix.org/zim/wikisource/wikisource_en_all_nopic_2026-09.zim	wikisource;_category:wikisource;_pictures:no;_videos:no;_details:yes;_ftindex:yes
wikipedia_en-simple_all	maxi	Wikipedia in simple English	Wikipedia in a simple English	eng	wikipedia	3121061888	400061	2026-09-27	https://lb.download.kiwix.org/zim/wikipedia/wikipedia_en-simple_all_maxi_2026-09.zim	wikipedia;_category:wikipedia;_pictures:yes;_videos:no;_details:yes;_ftindex:yes
wikipedia_en-simple_all	nopic	Wikipedia in simple English	Wikipedia in a simple English	eng	wikipedia	1094936576	400061	2026-09-27	https://lb.download.kiwix.org/zim/wikipedia/wikipedia_en-simple_all_nopic_2026-09.zim	wikipedia;_category:wikipedia;_pictures:no;_videos:no;_details:yes;_ftindex:yes
wikipedia_en-simple_all	mini	Wikipedia in simple English	Wikipedia in a simple English	eng	wikipedia	530482176	395241	2026-09-27	https://lb.download.kiwix.org/zim/wikipedia/wikipedia_en-simple_all_mini_2026-09.zim	wikipedia;_category:wikipedia;_pictures:no;_videos:no;_details:no;_ftindex:yes
proofwiki_en_all	nopic	ProofWiki	𝖯𝗋∞𝖿𝖶𝗂𝗄𝗂  is an online compendium of mathematical proofs!	eng		55402496	47108	2026-01-21	https://lb.download.kiwix.org/zim/other/proofwiki_en_all_nopic_2026-01.zim	proofwiki;_pictures:no;_videos:no;_details:yes;_ftindex:yes
proofwiki.org_en_all	maxi	ProofWiki	𝖯𝗋∞𝖿𝖶𝗂𝗄𝗂  is an online compendium of mathematical proofs!	eng		189165568	111059	2026-09-28	https://lb.download.kiwix.org/zim/other/proofwiki.org_en_all_maxi_2026-09.zim	proofwiki;_pictures:yes;_videos:no;_details:yes;_ftindex:yes
biologycourses_en_all		Biology Courses	Biology teaching resources from De Montfort University	eng		198977536	57	2026-09-26	https://lb.download.kiwix.org/zim/videos/biologycourses_en_all_2026-09.zim	youtube;_videos:yes;_ftindex:no;_pictures:yes;_details:yes
ted_mul_ancient-world		TED ancient world	A collection of TED videos about ancient world	eng,ara,zho,spa,fra,ita,kor,tur,vie,por,heb,rus,ind,jpn,ron,pol,deu,ell,srp,hun,mya,fas,tha	ted	1141036032	148	2026-09-09	https://lb.download.kiwix.org/zim/ted/ted_mul_ancient-world_2026-09.zim	_category:ted;ted;_videos:yes;_ftindex:yes;_pictures:yes;_details:yes
ted_mul_human-body		TED human body	A collection of TED videos about human body	eng,ara,spa,zho,fra,kor,tur,vie,ita,por,rus,heb,ind,fas,jpn,ron,hun,pol,deu,mya,tha,ell,srp	ted	2315668480	311	2026-09-13	https://lb.download.kiwix.org/zim/ted/ted_mul_human-body_2026-09.zim	_category:ted;ted;_videos:yes;_ftindex:yes;_pictures:yes;_details:yes
ted_mul_rocket-science		TED rocket science	A collection of TED videos about rocket science	eng,ara,spa,fra,kor,por,rus,tur,zho,fas,heb,hun,ita,jpn,ron,vie,deu,ell,nld,pol,bul,srp,ukr	ted	167730176	13	2026-09-15	https://lb.download.kiwix.org/zim/ted/ted_mul_rocket-science_2026-09.zim	_category:ted;ted;_videos:yes;_ftindex:yes;_pictures:yes;_details:yes
ted_mul_suicide		TED suicide	A collection of TED videos about suicide	eng,ara,spa,fra,zho,por,ron,tur,vie,deu,fas,ita,kor,heb,hrv,hun,ind,jpn,nld,pol,rus,srp,bul,ell,ukr,ces,tha	ted	190544896	15	2026-09-15	https://lb.download.kiwix.org/zim/ted/ted_mul_suicide_2026-09.zim	_category:ted;ted;_videos:yes;_ftindex:yes;_pictures:yes;_details:yes
ted_mul_magic		TED magic	A collection of TED videos about magic	eng,ara,spa,fra,ita,vie,zho,por,heb,jpn,kor,rus,tur,pol,ron,deu,fas,srp,ell,hun,nld,ind,bul,hrv,tha,ukr,mya	ted	419317760	36	2026-09-16	https://lb.download.kiwix.org/zim/ted/ted_mul_magic_2026-09.zim	_category:ted;ted;_videos:yes;_ftindex:yes;_pictures:yes;_details:yes
ted_mul_mission-blue		TED mission blue	A collection of TED videos about mission blue	eng,ara,deu,spa,fra,heb,ita,jpn,kor,nld,por,rus,vie,zho,tur,pol,ron,bul,srp,ell,hun,ind,tha	ted	331016192	23	2026-09-16	https://lb.download.kiwix.org/zim/ted/ted_mul_mission-blue_2026-09.zim	_category:ted;ted;_videos:yes;_ftindex:yes;_pictures:yes;_details:yes
ted_mul_gardening		TED gardening	A collection of TED videos about gardening	eng,ara,spa,fra,por,vie,zho,ita,kor,jpn,tur,rus,heb,fas,pol,ron,hun,nld,ces,deu,ell,ind,srp,tha,bul,swe,ukr	ted	325801984	28	2026-09-16	https://lb.download.kiwix.org/zim/ted/ted_mul_gardening_2026-09.zim	_category:ted;ted;_videos:yes;_ftindex:yes;_pictures:yes;_details:yes
maps_en_myanmar-burma		Myanmar (a.k.a. Burma)	Full map, including roads and landmarks	eng		750320640	7650	2026-06-11	https://lb.download.kiwix.org/zim/maps/maps_en_myanmar-burma_2026-06.zim	_sw:no;_ftindex:no;_pictures:yes;_videos:no;_details:yes
libretexts.org_en_socialsci		Social Sciences LibreTexts	Social Sciences courses and bookshelves from LibreTexts.org	eng		2046179328	51998	2025-01-16	https://lb.download.kiwix.org/zim/libretexts/libretexts.org_en_socialsci_2025-01.zim	_ftindex:no;_pictures:yes;_videos:yes;_details:yes
maps_en_southeast-asia		Southeast Asia	Regional map for Thailand, Laos, Cambodia, Vietnam, Myanmar, Malaysia	eng		2194709504	41543	2026-08-22	https://lb.download.kiwix.org/zim/maps/maps_en_southeast-asia_2026-08.zim	_sw:no;_ftindex:no;_pictures:yes;_videos:no;_details:yes
wwwnc.cdc.gov_en_all		Travelers' Health	Advice from the Center for Disease Control and Prevention	eng	other	178327552	1883	2024-11-14	https://lb.download.kiwix.org/zim/zimit/wwwnc.cdc.gov_en_all_2024-11.zim	_ftindex:yes;_category:other;_pictures:yes;_videos:yes;_details:yes
devdocs_en_sanctuary-type-classes		Sanctuary Type Classes Docs	Sanctuary Type Classes documentation, by DevDocs	eng		317440	1	2026-05-20	https://lb.download.kiwix.org/zim/devdocs/devdocs_en_sanctuary-type-classes_2026-05.zim	devdocs;sanctuary_type_classes;_ftindex:no;_pictures:yes;_videos:yes;_details:yes
encyclopedie-environnement.org_en_all		Environment Encyclopedia	Encyclopedia of the environment - Scientific articles on the environment	eng	other	4117032960	5287	2026-05-05	https://lb.download.kiwix.org/zim/zimit/encyclopedie-environnement.org_en_all_2026-05.zim	_ftindex:yes;_category:other;_pictures:yes;_videos:yes;_details:yes
learningstatisticswithr.com_en_all		Learning Statistics with R	Introductory statistics class turned into a book	eng	other	18523136	39	2026-08-01	https://lb.download.kiwix.org/zim/zimit/learningstatisticswithr.com_en_all_2026-08.zim	_category:other;_ftindex:yes;_pictures:yes;_videos:yes;_details:yes
fretmap.app_en_all		FretMap.app	Fretboard to Chord Finder, Scales, Arpeggios, with Different Tuning	eng	other	52843520	11441	2024-10-04	https://lb.download.kiwix.org/zim/zimit/fretmap.app_en_all_2024-10.zim	_ftindex:yes;_category:other;_pictures:yes;_videos:yes;_details:yes
devdocs_en_rails		Ruby on Rails Docs	Ruby on Rails documentation, by DevDocs	eng		2937856	842	2026-07-03	https://lb.download.kiwix.org/zim/devdocs/devdocs_en_rails_2026-07.zim	devdocs;rails;_ftindex:no;_pictures:yes;_videos:yes;_details:yes
devdocs_en_apache-http-server		Apache HTTP Server Docs	Apache HTTP Server documentation, by DevDocs	eng		1349632	217	2026-07-03	https://lb.download.kiwix.org/zim/devdocs/devdocs_en_apache-http-server_2026-07.zim	devdocs;apache_http_server;_ftindex:no;_pictures:yes;_videos:yes;_details:yes
devdocs_en_nginx-lua-module		nginx / Lua Module Docs	nginx / Lua Module documentation, by DevDocs	eng		599040	1	2026-08-18	https://lb.download.kiwix.org/zim/devdocs/devdocs_en_nginx-lua-module_2026-08.zim	devdocs;nginx_lua_module;_ftindex:no;_pictures:yes;_videos:yes;_details:yes
lua.org_en_all		Lua.org	All about the powerful, efficient, lightweight, embeddable scripting language	eng	other	379923456	1014	2026-08-15	https://lb.download.kiwix.org/zim/zimit/lua.org_en_all_2026-08.zim	_ftindex:yes;_category:other;_pictures:yes;_videos:yes;_details:yes
devdocs_en_moment-timezone		Moment.js Timezone Docs	Moment.js Timezone documentation, by DevDocs	eng		337920	1	2026-06-02	https://lb.download.kiwix.org/zim/devdocs/devdocs_en_moment-timezone_2026-06.zim	devdocs;moment_timezone;_ftindex:no;_pictures:yes;_videos:yes;_details:yes
riskofrain2_en_all	maxi	Risk of Rain 2	About the indie rogue-like game	eng		73407488	1252	2026-08-01	https://lb.download.kiwix.org/zim/other/riskofrain2_en_all_maxi_2026-08.zim	gaming;wiki;_pictures:yes;_videos:no;_details:yes;_ftindex:yes
maps_en_nordics		Nordics	Regional map for Finland, Sweden, Norway, Denmark, Faroe and Iceland.	eng		5668622336	13470	2026-08-21	https://lb.download.kiwix.org/zim/maps/maps_en_nordics_2026-08a.zim	_sw:no;_ftindex:no;_pictures:yes;_videos:no;_details:yes
project-fuel_en_all		Project Fuel	Human wisdom, one lesson at a time	eng		191031296	43	2026-07-27	https://lb.download.kiwix.org/zim/videos/project-fuel_en_all_2026-07.zim	youtube;_videos:yes;_ftindex:no;_pictures:yes;_details:yes
devdocs_en_man		Linux man pages Docs	Linux man pages documentation, by DevDocs	eng		29591552	12626	2026-07-03	https://lb.download.kiwix.org/zim/devdocs/devdocs_en_man_2026-07.zim	devdocs;man;_ftindex:no;_pictures:yes;_videos:yes;_details:yes
devdocs_en_django-rest-framework		Django REST Framework Docs	Django REST Framework documentation, by DevDocs	eng		599040	36	2026-07-03	https://lb.download.kiwix.org/zim/devdocs/devdocs_en_django-rest-framework_2026-07.zim	devdocs;django_rest_framework;_ftindex:no;_pictures:yes;_videos:yes;_details:yes
learningstatistics_en_all		Learning Statistics - CogStat	A tutorial for psychology students and other beginners	eng	other	33333248	22	2026-08-15	https://lb.download.kiwix.org/zim/zimit/learningstatistics_en_all_2026-08.zim	_category:other;_ftindex:yes;_pictures:yes;_videos:yes;_details:yes
capoeirawiki.org_en_all	maxi	Capoeira Wiki	A wiki about Afro-Brazilian martial art capoeira	eng		12604416	972	2026-07-22	https://lb.download.kiwix.org/zim/other/capoeirawiki.org_en_all_maxi_2026-07b.zim	capoeirawiki;_pictures:yes;_videos:no;_details:yes;_ftindex:yes
science-in-the-bath_en_all		Science in the Bath	Science in the bath	eng		462862336	61	2026-07-27	https://lb.download.kiwix.org/zim/videos/science-in-the-bath_en_all_2026-07.zim	videos;_videos:yes;_ftindex:no;_pictures:yes;_details:yes
ncase.me_en_all		Nicky Case	A collection of interactive explanations, educational games, and essays	eng	other	1834116096	486	2026-08-15	https://lb.download.kiwix.org/zim/zimit/ncase.me_en_all_2026-08.zim	_category:other;_ftindex:yes;_pictures:yes;_videos:yes;_details:yes
maps_en_congo-democratic-republic-kinshasa		Dem. Rep. of Congo (Kinshasa)	Full map, including roads and landmarks	eng		874721280	7922	2026-06-03	https://lb.download.kiwix.org/zim/maps/maps_en_congo-democratic-republic-kinshasa_2026-06.zim	_sw:no;_ftindex:no;_pictures:yes;_videos:no;_details:yes
ted_mul_ted-ed		TED ted-ed	A collection of TED videos about ted-ed	eng,ara,zho,tur,spa,vie,kor,fra,ita,heb,ind,rus,por,pol,jpn,ron,mya,fas,tha,deu,hun,ell,srp,ckb	ted	6380956672	1111	2026-09-10	https://lb.download.kiwix.org/zim/ted/ted_mul_ted-ed_2026-09.zim	_category:ted;ted;_videos:yes;_ftindex:yes;_pictures:yes;_details:yes
ted_mul_ted-fellows		TED ted fellows	A collection of TED videos about ted fellows	eng,ara,spa,zho,vie,fra,por,ita,kor,tur,rus,fas,jpn,ind,heb,hun,deu,nld,ron,pol,ell,srp,ukr,mya	ted	2237224960	298	2026-09-14	https://lb.download.kiwix.org/zim/ted/ted_mul_ted-fellows_2026-09.zim	_category:ted;ted;_videos:yes;_ftindex:yes;_pictures:yes;_details:yes
ted_mul_ted-prize		TED ted prize	A collection of TED videos about ted prize	eng,ara,spa,fra,ita,jpn,por,rus,zho,kor,tur,vie,ron,heb,pol,deu,nld,bul,ell,fas,hun,srp,tha,ind	ted	583811072	33	2026-09-15	https://lb.download.kiwix.org/zim/ted/ted_mul_ted-prize_2026-09.zim	_category:ted;ted;_videos:yes;_ftindex:yes;_pictures:yes;_details:yes
ted_mul_cyber-security		TED cyber security	A collection of TED videos about cyber security	eng,ara,spa,fra,zho,kor,por,ita,tur,jpn,vie,ell,ron,rus,fas,pol,heb,hun,srp,nld,tha,ukr,bul,deu	ted	204878848	21	2026-09-16	https://lb.download.kiwix.org/zim/ted/ted_mul_cyber-security_2026-09.zim	_category:ted;ted;_videos:yes;_ftindex:yes;_pictures:yes;_details:yes
studio.blender.org_en_open-movies		Blender Studio films	Iconic open movies from Blender Studio	eng		440954880	20	2026-09-26	https://lb.download.kiwix.org/zim/videos/studio.blender.org_en_open-movies_2026-09.zim	youtube;_videos:yes;_ftindex:no;_pictures:yes;_details:yes
ted_mul_cognitive-science		TED cognitive science	A collection of TED videos about cognitive science	eng,ara,spa,fra,ita,zho,kor,vie,heb,por,tur,rus,hun,ron,jpn,fas,srp,ell,pol,deu,nld,ukr,ces,hrv,bul	ted	1041220608	73	2026-09-15	https://lb.download.kiwix.org/zim/ted/ted_mul_cognitive-science_2026-09.zim	_category:ted;ted;_videos:yes;_ftindex:yes;_pictures:yes;_details:yes
ted_mul_behavioral-economics		TED behavioral economics	A collection of TED videos about behavioral economics	eng,ara,spa,kor,zho,fra,rus,tur,vie,jpn,por,heb,ita,hun,srp,fas,nld,pol,ron,deu,ell,ukr,bul,hrv,tha	ted	448109568	36	2026-09-16	https://lb.download.kiwix.org/zim/ted/ted_mul_behavioral-economics_2026-09.zim	_category:ted;ted;_videos:yes;_ftindex:yes;_pictures:yes;_details:yes
ted_mul_ux-design		TED ux design	A collection of TED videos about ux design	eng,ara,spa,fra,heb,ita,jpn,rus,tur,vie,zho,kor,por,ron,deu,fas,pol,nld,ell,hun,srp,bul,hrv,ukr,ces	ted	439212032	37	2026-09-16	https://lb.download.kiwix.org/zim/ted/ted_mul_ux-design_2026-09.zim	_category:ted;ted;_videos:yes;_ftindex:yes;_pictures:yes;_details:yes
ted_mul_conducting		TED conducting	A collection of TED videos about conducting	eng,ara,bul,deu,spa,fra,heb,hun,ita,jpn,kor,nld,pol,por,ron,rus,tur,vie,zho,ell,fas,hrv,srp,ces,ind,lav,tha,ukr	ted	178270208	8	2026-09-16	https://lb.download.kiwix.org/zim/ted/ted_mul_conducting_2026-09.zim	Music;_category:ted;ted;_videos:yes;_ftindex:yes;_pictures:yes;_details:yes
math.stackexchange.com_en_all		Mathematics Q&A	Stack Exchange Q&A for everything related to mathematics	eng	stack_exchange	7417272320	2087321	2026-08-04	https://lb.download.kiwix.org/zim/stack_exchange/math.stackexchange.com_en_all_2026-08.zim	_details:no;_category:stack_exchange;stack_exchange;_videos:no;_ftindex:yes;_pictures:yes
wikipedia_en_geography	maxi	Geography by Wikipedia	A selection of Wikipedia articles on geography	eng	wikipedia	1480761344	213925	2026-07-13	https://lb.download.kiwix.org/zim/wikipedia/wikipedia_en_geography_maxi_2026-07.zim	wikipedia;_category:wikipedia;_pictures:yes;_videos:no;_details:yes;_ftindex:yes
wikipedia_en_geography	nopic	Geography by Wikipedia	A selection of Wikipedia articles on geography	eng	wikipedia	570742784	213925	2026-07-13	https://lb.download.kiwix.org/zim/wikipedia/wikipedia_en_geography_nopic_2026-07.zim	wikipedia;_category:wikipedia;_pictures:no;_videos:no;_details:yes;_ftindex:yes
ham.stackexchange.com_en_all		Amateur Radio Q&A	Stack Exchange Q&A for amateur radio enthusiasts	eng	stack_exchange	75931648	9238	2026-08-02	https://lb.download.kiwix.org/zim/stack_exchange/ham.stackexchange.com_en_all_2026-08.zim	_category:stack_exchange;stack_exchange;_videos:no;_details:no;_ftindex:yes;_pictures:yes
gardening.stackexchange.com_en_all		Gardening & Landscaping Q&A	Stack Exchange Q&A for gardeners and landscapers	eng	stack_exchange	926806016	32332	2026-08-01	https://lb.download.kiwix.org/zim/stack_exchange/gardening.stackexchange.com_en_all_2026-08.zim	_category:stack_exchange;_videos:no;stack_exchange;_details:no;_ftindex:yes;_pictures:yes
cs.stackexchange.com_en_all		Computer Science Q&A	Stack Exchange Q&A for everything computer science	eng	stack_exchange	276372480	84391	2026-07-31	https://lb.download.kiwix.org/zim/stack_exchange/cs.stackexchange.com_en_all_2026-07.zim	_details:no;_category:stack_exchange;stack_exchange;_videos:no;_ftindex:yes;_pictures:yes
crafts.stackexchange.com_en_all		Arts & Crafts Q&A	Stack Exchange Q&A for artists and crafters	eng	stack_exchange	57543680	4950	2026-07-31	https://lb.download.kiwix.org/zim/stack_exchange/crafts.stackexchange.com_en_all_2026-07.zim	_details:no;_category:stack_exchange;_videos:no;stack_exchange;_ftindex:yes;_pictures:yes
mathematica.stackexchange.com_en_all		Mathematica Q&A	Stack Exchange Q&A for users of Wolfram Mathematica	eng	stack_exchange	1597227008	126309	2026-08-04	https://lb.download.kiwix.org/zim/stack_exchange/mathematica.stackexchange.com_en_all_2026-08.zim	_videos:no;_category:stack_exchange;_details:no;stack_exchange;_ftindex:yes;_pictures:yes
wikipedia_en_indian-cinema	maxi	Bollywood by Wikipedia	A selection of Wikipedia articles on Bollywood	eng	wikipedia	443702272	54911	2026-07-16	https://lb.download.kiwix.org/zim/wikipedia/wikipedia_en_indian-cinema_maxi_2026-07.zim	wikipedia;_category:wikipedia;_pictures:yes;_videos:no;_details:yes;_ftindex:yes
wikipedia_en_indian-cinema	nopic	Bollywood by Wikipedia	A selection of Wikipedia articles on Bollywood	eng	wikipedia	190035968	54911	2026-07-16	https://lb.download.kiwix.org/zim/wikipedia/wikipedia_en_indian-cinema_nopic_2026-07.zim	wikipedia;_category:wikipedia;_pictures:no;_videos:no;_details:yes;_ftindex:yes
history.stackexchange.com_en_all		History Q&A	Stack Exchange Q&A for historians and history buffs	eng	stack_exchange	321030144	29186	2026-08-01	https://lb.download.kiwix.org/zim/stack_exchange/history.stackexchange.com_en_all_2026-08.zim	_details:no;_category:stack_exchange;stack_exchange;_videos:no;_ftindex:yes;_pictures:yes
wikipedia_en_movies	maxi	Movies by Wikipedia	A selection of Wikipedia articles on movies	eng	wikipedia	5312683008	701705	2026-07-09	https://lb.download.kiwix.org/zim/wikipedia/wikipedia_en_movies_maxi_2026-07.zim	wikipedia;_category:wikipedia;_pictures:yes;_videos:no;_details:yes;_ftindex:yes
wikipedia_en_movies	nopic	Movies by Wikipedia	A selection of Wikipedia articles on movies	eng	wikipedia	2547879936	701710	2026-07-09	https://lb.download.kiwix.org/zim/wikipedia/wikipedia_en_movies_nopic_2026-07.zim	wikipedia;_category:wikipedia;_pictures:no;_videos:no;_details:yes;_ftindex:yes
craftcms.stackexchange.com_en_all		Craft CMS Q&A	Stack Exchange Q&A for everything Craft CMS	eng	stack_exchange	63262720	19836	2026-07-31	https://lb.download.kiwix.org/zim/stack_exchange/craftcms.stackexchange.com_en_all_2026-07.zim	_details:no;_videos:no;_category:stack_exchange;stack_exchange;_ftindex:yes;_pictures:yes
bicycles.stackexchange.com_en_all		Bicycles Q&A	Stack Exchange Q&A for people involved with bicycles	eng	stack_exchange	490984448	42650	2026-08-01	https://lb.download.kiwix.org/zim/stack_exchange/bicycles.stackexchange.com_en_all_2026-08.zim	stack_exchange;_videos:no;_category:stack_exchange;_details:no;_ftindex:yes;_pictures:yes
drupal.stackexchange.com_en_all		Drupal Q&A	Stack Exchange Q&A for Drupal developers and administrators	eng	stack_exchange	428107776	117743	2026-07-31	https://lb.download.kiwix.org/zim/stack_exchange/drupal.stackexchange.com_en_all_2026-07.zim	_videos:no;stack_exchange;_category:stack_exchange;_details:no;_ftindex:yes;_pictures:yes
wikipedia_en_history	maxi	History by Wikipedia	A selection of Wikipedia articles on History	eng	wikipedia	2376983552	224313	2026-07-14	https://lb.download.kiwix.org/zim/wikipedia/wikipedia_en_history_maxi_2026-07.zim	wikipedia;_category:wikipedia;_pictures:yes;_videos:no;_details:yes;_ftindex:yes
wikipedia_en_history	nopic	History by Wikipedia	A selection of Wikipedia articles on History	eng	wikipedia	734661632	224312	2026-07-14	https://lb.download.kiwix.org/zim/wikipedia/wikipedia_en_history_nopic_2026-07.zim	wikipedia;_category:wikipedia;_pictures:no;_videos:no;_details:yes;_ftindex:yes
wikipedia_en_sociology	maxi	Sociology by Wikipedia	A selection of Wikipedia articles on sociology	eng	wikipedia	571496448	66453	2026-07-16	https://lb.download.kiwix.org/zim/wikipedia/wikipedia_en_sociology_maxi_2026-07.zim	wikipedia;_category:wikipedia;_pictures:yes;_videos:no;_details:yes;_ftindex:yes
wikipedia_en_sociology	nopic	Sociology by Wikipedia	A selection of Wikipedia articles on sociology	eng	wikipedia	241302528	66453	2026-07-16	https://lb.download.kiwix.org/zim/wikipedia/wikipedia_en_sociology_nopic_2026-07.zim	wikipedia;_category:wikipedia;_pictures:no;_videos:no;_details:yes;_ftindex:yes
wikipedia_en_astronomy	maxi	Astronomy by Wikipedia	A selection of Wikipedia articles on astronomy	eng	wikipedia	1765568512	152761	2026-08-24	https://lb.download.kiwix.org/zim/wikipedia/wikipedia_en_astronomy_maxi_2026-08.zim	wikipedia;_category:wikipedia;_pictures:yes;_videos:no;_details:yes;_ftindex:yes
wikipedia_en_astronomy	nopic	Astronomy by Wikipedia	A selection of Wikipedia articles on astronomy	eng	wikipedia	403673088	152761	2026-08-24	https://lb.download.kiwix.org/zim/wikipedia/wikipedia_en_astronomy_nopic_2026-08.zim	wikipedia;_category:wikipedia;_pictures:no;_videos:no;_details:yes;_ftindex:yes
wikipedia_en_cricket	maxi	Cricket by Wikipedia	A selection of Wikipedia articles on cricket	eng	wikipedia	379350016	88847	2026-07-16	https://lb.download.kiwix.org/zim/wikipedia/wikipedia_en_cricket_maxi_2026-07.zim	wikipedia;_category:wikipedia;_pictures:yes;_videos:no;_details:yes;_ftindex:yes
wikipedia_en_cricket	nopic	Cricket by Wikipedia	A selection of Wikipedia articles on cricket	eng	wikipedia	245144576	88847	2026-07-16	https://lb.download.kiwix.org/zim/wikipedia/wikipedia_en_cricket_nopic_2026-07.zim	wikipedia;_category:wikipedia;_pictures:no;_videos:no;_details:yes;_ftindex:yes
wikipedia_en_tennis	maxi	Tennis by Wikipedia	A selection of Wikipedia articles on tennis	eng	wikipedia	476110848	108379	2026-07-14	https://lb.download.kiwix.org/zim/wikipedia/wikipedia_en_tennis_maxi_2026-07.zim	wikipedia;_category:wikipedia;_pictures:yes;_videos:no;_details:yes;_ftindex:yes
wikipedia_en_tennis	nopic	Tennis by Wikipedia	A selection of Wikipedia articles on tennis	eng	wikipedia	366787584	108379	2026-07-14	https://lb.download.kiwix.org/zim/wikipedia/wikipedia_en_tennis_nopic_2026-07.zim	wikipedia;_category:wikipedia;_pictures:no;_videos:no;_details:yes;_ftindex:yes
security.stackexchange.com_en_all		Information Security Q&A	Stack Exchange Q&A for information security professionals	eng	stack_exchange	439160832	132104	2026-08-06	https://lb.download.kiwix.org/zim/stack_exchange/security.stackexchange.com_en_all_2026-08.zim	_videos:no;_details:no;stack_exchange;_category:stack_exchange;_ftindex:yes;_pictures:yes
tridion.stackexchange.com_en_all		Tridion Q&A	Stack Exchange Q&A for Tridion developers and administrators	eng	stack_exchange	48581632	9273	2026-08-06	https://lb.download.kiwix.org/zim/stack_exchange/tridion.stackexchange.com_en_all_2026-08.zim	_details:no;_videos:no;stack_exchange;_category:stack_exchange;_ftindex:yes;_pictures:yes
wikipedia_en_chemistry	maxi	Chemistry by Wikipedia	A selection of Wikipedia articles on chemistry	eng	wikipedia	514097152	57058	2026-07-16	https://lb.download.kiwix.org/zim/wikipedia/wikipedia_en_chemistry_maxi_2026-07.zim	wikipedia;_category:wikipedia;_pictures:yes;_videos:no;_details:yes;_ftindex:yes
wikipedia_en_chemistry	mini	Chemistry by Wikipedia	A selection of Wikipedia articles on chemistry	eng	wikipedia	24776704	57058	2026-07-16	https://lb.download.kiwix.org/zim/wikipedia/wikipedia_en_chemistry_mini_2026-07.zim	wikipedia;_category:wikipedia;_pictures:no;_videos:no;_details:no;_ftindex:yes
wikipedia_en_chemistry	nopic	Chemistry by Wikipedia	A selection of Wikipedia articles on chemistry	eng	wikipedia	130402304	57058	2026-07-16	https://lb.download.kiwix.org/zim/wikipedia/wikipedia_en_chemistry_nopic_2026-07.zim	wikipedia;_category:wikipedia;_pictures:no;_videos:no;_details:yes;_ftindex:yes
wikipedia_en_physics	maxi	Physics by Wikipedia	A selection of Wikipedia articles on physics	eng	wikipedia	1325221888	99397	2026-07-16	https://lb.download.kiwix.org/zim/wikipedia/wikipedia_en_physics_maxi_2026-07.zim	wikipedia;_category:wikipedia;_pictures:yes;_videos:no;_details:yes;_ftindex:yes
wikipedia_en_physics	mini	Physics by Wikipedia	A selection of Wikipedia articles on physics	eng	wikipedia	56682496	99397	2026-07-16	https://lb.download.kiwix.org/zim/wikipedia/wikipedia_en_physics_mini_2026-07.zim	wikipedia;_category:wikipedia;_pictures:no;_videos:no;_details:no;_ftindex:yes
wikipedia_en_physics	nopic	Physics by Wikipedia	A selection of Wikipedia articles on physics	eng	wikipedia	318434304	99397	2026-07-16	https://lb.download.kiwix.org/zim/wikipedia/wikipedia_en_physics_nopic_2026-07.zim	wikipedia;_category:wikipedia;_pictures:no;_videos:no;_details:yes;_ftindex:yes
ethereum.stackexchange.com_en_all		Ethereum Q&A	Stack Exchange Q&A for users of Ethereum blockchain	eng	stack_exchange	280908800	88930	2026-08-01	https://lb.download.kiwix.org/zim/stack_exchange/ethereum.stackexchange.com_en_all_2026-08.zim	_videos:no;_category:stack_exchange;stack_exchange;_details:no;_ftindex:yes;_pictures:yes
robotics.stackexchange.com_en_all		Robotics Q&A	Stack Exchange Q&A for everything related to robotics	eng	stack_exchange	243724288	57248	2026-08-04	https://lb.download.kiwix.org/zim/stack_exchange/robotics.stackexchange.com_en_all_2026-08.zim	_videos:no;_details:no;stack_exchange;_category:stack_exchange;_ftindex:yes;_pictures:yes
woodworking.stackexchange.com_en_all		Woodworking Q&A	Stack Exchange Q&A for professional and amateur woodworkers	eng	stack_exchange	105571328	8501	2026-08-06	https://lb.download.kiwix.org/zim/stack_exchange/woodworking.stackexchange.com_en_all_2026-08.zim	stack_exchange;_videos:no;_details:no;_category:stack_exchange;_ftindex:yes;_pictures:yes
wikipedia_en_mathematics	mini	Mathematics by Wikipedia	A selection of Wikipedia articles on mathematics	eng	wikipedia	58396672	112869	2026-06-17	https://lb.download.kiwix.org/zim/wikipedia/wikipedia_en_mathematics_mini_2026-06.zim	wikipedia;_category:wikipedia;_pictures:no;_videos:no;_details:no;_ftindex:yes
wikipedia_en_golf	maxi	Golf by Wikipedia	A selection of Wikipedia articles on golf	eng	wikipedia	144492544	25938	2026-07-17	https://lb.download.kiwix.org/zim/wikipedia/wikipedia_en_golf_maxi_2026-07.zim	wikipedia;_category:wikipedia;_pictures:yes;_videos:no;_details:yes;_ftindex:yes
wikipedia_en_golf	nopic	Golf by Wikipedia	A selection of Wikipedia articles on golf	eng	wikipedia	90232832	25938	2026-07-17	https://lb.download.kiwix.org/zim/wikipedia/wikipedia_en_golf_nopic_2026-07.zim	wikipedia;_category:wikipedia;_pictures:no;_videos:no;_details:yes;_ftindex:yes
serverfault.com_en_all		Server Fault	Stack Exchange Q&A for system and network administrators	eng	stack_exchange	1639953408	547376	2026-02-05	https://lb.download.kiwix.org/zim/stack_exchange/serverfault.com_en_all_2026-02.zim	_details:no;_videos:no;_category:stack_exchange;stack_exchange;_ftindex:no;_pictures:yes
ebooks.stackexchange.com_en_all		Ebooks Q&A	Stack Exchange Q&A for ebook publishers and readers	eng	stack_exchange	14508032	3778	2026-07-31	https://lb.download.kiwix.org/zim/stack_exchange/ebooks.stackexchange.com_en_all_2026-07.zim	_details:no;_category:stack_exchange;_videos:no;stack_exchange;_ftindex:yes;_pictures:yes
ted_mul_buddhism		TED buddhism	A collection of TED videos about buddhism	eng,ara,spa,fra,heb,ita,kor,por,ron,vie,zho,fas,jpn,nld,pol,rus,tur,deu,ell,hun,ind,srp,ukr,bul,ces,swe,tha,hrv,mya,slk	ted	131811328	11	2026-09-10	https://lb.download.kiwix.org/zim/ted/ted_mul_buddhism_2026-09.zim	_category:ted;ted;_videos:yes;_ftindex:yes;_pictures:yes;_details:yes
wikipedia_en_baseball	maxi	Baseball by Wikipedia	A selection of Wikipedia articles on baseball	eng	wikipedia	870373376	112733	2026-09-12	https://lb.download.kiwix.org/zim/wikipedia/wikipedia_en_baseball_maxi_2026-09.zim	wikipedia;_category:wikipedia;_pictures:yes;_videos:no;_details:yes;_ftindex:yes
wikipedia_en_baseball	nopic	Baseball by Wikipedia	A selection of Wikipedia articles on baseball	eng	wikipedia	502329344	112733	2026-09-12	https://lb.download.kiwix.org/zim/wikipedia/wikipedia_en_baseball_nopic_2026-09.zim	wikipedia;_category:wikipedia;_pictures:no;_videos:no;_details:yes;_ftindex:yes
wikipedia_en_mathematics	nopic	Mathematics by Wikipedia	A selection of Wikipedia articles on mathematics	eng	wikipedia	366085120	113072	2026-09-15	https://lb.download.kiwix.org/zim/wikipedia/wikipedia_en_mathematics_nopic_2026-09.zim	wikipedia;_category:wikipedia;_pictures:no;_videos:no;_details:yes;_ftindex:yes
wikipedia_en_computer	maxi	Computer by Wikipedia	A selection of Wikipedia articles on computer	eng	wikipedia	910010368	244023	2026-09-15	https://lb.download.kiwix.org/zim/wikipedia/wikipedia_en_computer_maxi_2026-09.zim	wikipedia;_category:wikipedia;_pictures:yes;_videos:no;_details:yes;_ftindex:yes
wikipedia_en_computer	nopic	Computer by Wikipedia	A selection of Wikipedia articles on computer	eng	wikipedia	516701184	244023	2026-09-15	https://lb.download.kiwix.org/zim/wikipedia/wikipedia_en_computer_nopic_2026-09.zim	wikipedia;_category:wikipedia;_pictures:no;_videos:no;_details:yes;_ftindex:yes
wikipedia_en_mathematics	maxi	Mathematics by Wikipedia	A selection of Wikipedia articles on mathematics	eng	wikipedia	996188160	113072	2026-09-15	https://lb.download.kiwix.org/zim/wikipedia/wikipedia_en_mathematics_maxi_2026-09.zim	wikipedia;_category:wikipedia;_pictures:yes;_videos:no;_details:yes;_ftindex:yes
wikipedia_en_basketball	maxi	Basketball by Wikipedia	A selection of Wikipedia articles on basketball	eng	wikipedia	509618176	87423	2026-09-17	https://lb.download.kiwix.org/zim/wikipedia/wikipedia_en_basketball_maxi_2026-09.zim	wikipedia;_category:wikipedia;_pictures:yes;_videos:no;_details:yes;_ftindex:yes
wikipedia_en_basketball	nopic	Basketball by Wikipedia	A selection of Wikipedia articles on basketball	eng	wikipedia	334035968	87423	2026-09-17	https://lb.download.kiwix.org/zim/wikipedia/wikipedia_en_basketball_nopic_2026-09.zim	wikipedia;_category:wikipedia;_pictures:no;_videos:no;_details:yes;_ftindex:yes
ted_mul_street-art		TED street art	A collection of TED videos about street art	eng,ara,spa,fra,heb,por,rus,tur,vie,zho,ell,hun,ita,jpn,kor,mya,nld,pol,srp,deu,fas,ind,lav,ron,swe,ukr	ted	39969792	6	2026-09-16	https://lb.download.kiwix.org/zim/ted/ted_mul_street-art_2026-09.zim	_category:ted;ted;_videos:yes;_ftindex:yes;_pictures:yes;_details:yes
ted_mul_atheism		TED atheism	A collection of TED videos about atheism	eng,ara,bul,ces,deu,ell,spa,fas,fra,heb,hun,ind,ita,jpn,kor,nld,pol,por,ron,rus,tur,ukr,vie,zho,fin,hrv,lit,srp,lav,sqi	ted	115368960	6	2026-09-16	https://lb.download.kiwix.org/zim/ted/ted_mul_atheism_2026-09.zim	_category:ted;ted;_videos:yes;_ftindex:yes;_pictures:yes;_details:yes
ted_mul_ted-residency		TED ted residency	A collection of TED videos about ted residency	eng,ara,spa,fas,fra,ita,jpn,kor,por,rus,tur,vie,zho,hun,ron,ukr,heb,srp,ell,nld,deu,ind,mya,pol,hin,hrv,tha	ted	212706304	30	2026-09-12	https://lb.download.kiwix.org/zim/ted/ted_mul_ted-residency_2026-09.zim	_category:ted;ted;_videos:yes;_ftindex:yes;_pictures:yes;_details:yes
htdp.org_en_all		How to Design Programs	Introductory book focused on the program design process	eng	other	1986560	15	2026-08-09	https://lb.download.kiwix.org/zim/zimit/htdp.org_en_all_2026-08.zim	_ftindex:yes;_category:other;_pictures:yes;_videos:yes;_details:yes
opendatastructures.org_en_all		Open Data Structures	Data structures for lists, queues, dictionaries, dictionaries, and graphs.	eng	other	116369408	1187	2026-05-27	https://lb.download.kiwix.org/zim/zimit/opendatastructures.org_en_all_2026-05.zim	_ftindex:yes;_category:other;_pictures:yes;_videos:yes;_details:yes
terraria.wiki.gg_en_all		Terraria Wiki	The comprehensive reference written and maintained by the players.	eng		1217360896	17830	2026-07-25	https://lb.download.kiwix.org/zim/other/terraria.wiki.gg_en_all_2026-07a.zim	gaming;wiki;_details:yes;_ftindex:yes;_pictures:yes;_videos:yes
noted.lol_en_all		Noted.lol	An independent publication about self-hosting and open-source software	eng	other	2399033344	627	2026-07-21	https://lb.download.kiwix.org/zim/zimit/noted.lol_en_all_2026-07.zim	_category:other;_ftindex:yes;_pictures:yes;_videos:yes;_details:yes
cd3wdproject.org_en_all		CD3WD Project	Over 900 technical documents covering topics related to sustainable development.	eng	other	581166080	13297	2025-11-12	https://lb.download.kiwix.org/zim/zimit/cd3wdproject.org_en_all_2025-11.zim	_ftindex:yes;_category:other;preppers;_pictures:yes;_videos:yes;_details:yes
canadian-prepper_en_winterprepping		Canadian prepper	Winter Prepping: Prepare for winter survival and emergencies	eng		1341548544	54	2026-08-26	https://lb.download.kiwix.org/zim/videos/canadian-prepper_en_winterprepping_2026-08.zim	preppers;_videos:yes;_ftindex:no;_pictures:yes;_details:yes
gaming.stackexchange.com_en_all		Arqade Q&A	StackExchange Q&A for passionate videogamers on all platforms	eng	stack_exchange	811114496	184259	2026-08-01	https://lb.download.kiwix.org/zim/stack_exchange/gaming.stackexchange.com_en_all_2026-08.zim	_videos:no;_category:stack_exchange;gaming;stack_exchange;_details:no;_ftindex:yes;_pictures:yes
libretexts.org_en_k12		K-12 Education LibreTexts	K-12 Education courses and bookshelves from LibreTexts.org	eng		369809408	5083	2026-01-16	https://lb.download.kiwix.org/zim/libretexts/libretexts.org_en_k12_2026-01.zim	_ftindex:no;_pictures:yes;_videos:yes;_details:yes
ghana-bece-past-questions_en_all		Ghana's BECE past questions	Past questions from the Basic Examination Certificate Examination	eng	other	8341504	334	2026-06-03	https://lb.download.kiwix.org/zim/zimit/ghana-bece-past-questions_en_all_2026-06.zim	_ftindex:yes;_category:other;_pictures:yes;_videos:yes;_details:yes
incognitocat.me_en_all		Incognito cat	Tools and techniques to safeguard your digital well-being	eng	other	9281536	79	2025-09-30	https://lb.download.kiwix.org/zim/zimit/incognitocat.me_en_all_2025-09.zim	_ftindex:yes;_category:other;preppers;privacy;_pictures:yes;_videos:yes;_details:yes
getbootstrap.com_en_all		Bootstrap	The most popular HTML, CSS, and JS library in the world	eng	other	49137664	1475	2026-06-04	https://lb.download.kiwix.org/zim/zimit/getbootstrap.com_en_all_2026-06.zim	_category:other;_ftindex:yes;_pictures:yes;_videos:yes;_details:yes
dart.dev_en_all		dart.dev	Tutorials to teach you how to use the Dart language.	eng	other	133380096	1506	2026-05-29	https://lb.download.kiwix.org/zim/zimit/dart.dev_en_all_2026-05.zim	_ftindex:yes;_category:other;_pictures:yes;_videos:yes;_details:yes
allthetropes_en_all	maxi	All The Tropes	Everything About Fiction You Never Wanted to Know.	eng		1481489408	180586	2025-07-10	https://lb.download.kiwix.org/zim/other/allthetropes_en_all_maxi_2025-07.zim	allthetropes;_pictures:yes;_videos:no;_details:yes;_ftindex:yes
wikipedia_en_molcell	maxi	Molecular & Cell Biology	30,000 Molecular and Cell Biology articles from Wikipedia	eng	wikipedia	993382400	129647	2026-04-14	https://lb.download.kiwix.org/zim/wikipedia/wikipedia_en_molcell_maxi_2026-04.zim	wikipedia;_category:wikipedia;_pictures:yes;_videos:no;_details:yes;_ftindex:yes
wikipedia_en_molcell	nopic	Molecular & Cell Biology	30,000 Molecular and Cell Biology articles from Wikipedia	eng	wikipedia	338482176	113729	2026-07-15	https://lb.download.kiwix.org/zim/wikipedia/wikipedia_en_molcell_nopic_2026-07.zim	wikipedia;_category:wikipedia;_pictures:no;_videos:no;_details:yes;_ftindex:yes
gentoo_en_all	maxi	Gentoo Wiki	Official Gentoo Linux documentation wiki: guides, handbooks, and configs	eng		96315392	13421	2026-07-03	https://lb.download.kiwix.org/zim/other/gentoo_en_all_maxi_2026-07.zim	gentoo;_pictures:yes;_videos:no;_details:yes;_ftindex:yes
ted_mul_ted-connects		TED ted connects	A collection of TED videos about ted connects	eng	ted	567897088	17	2026-09-16	https://lb.download.kiwix.org/zim/ted/ted_mul_ted-connects_2026-09.zim	_category:ted;ted;_videos:yes;_ftindex:yes;_pictures:yes;_details:yes
consumerrights.wiki_en_all	maxi	Consumer Rights Wiki	A repository of information on anti-consumer practices	eng		22537216	3098	2026-09-17	https://lb.download.kiwix.org/zim/other/consumerrights.wiki_en_all_maxi_2026-09a.zim	consumerrights;_pictures:yes;_videos:no;_details:yes;_ftindex:yes
wikipedia_en_top	mini	Best of Wikipedia	A selection of the best 50,000 Wikipedia articles	eng	wikipedia	296858624	703608	2026-09-14	https://lb.download.kiwix.org/zim/wikipedia/wikipedia_en_top_mini_2026-09.zim	wikipedia;_category:wikipedia;_pictures:no;_videos:no;_details:no;_ftindex:yes
wikipedia_en_top	nopic	Best of Wikipedia	A selection of the best 50,000 Wikipedia articles	eng	wikipedia	2745850880	877754	2026-09-14	https://lb.download.kiwix.org/zim/wikipedia/wikipedia_en_top_nopic_2026-09.zim	wikipedia;_category:wikipedia;_pictures:no;_videos:no;_details:yes;_ftindex:yes
wikipedia_en_top	maxi	Best of Wikipedia	A selection of the best 50,000 Wikipedia articles	eng	wikipedia	6991082496	877754	2026-09-14	https://lb.download.kiwix.org/zim/wikipedia/wikipedia_en_top_maxi_2026-09.zim	wikipedia;_category:wikipedia;_pictures:yes;_videos:no;_details:yes;_ftindex:yes
ted_mul_string-theory		TED string theory	A collection of TED videos about string theory	eng,ara,deu,spa,fas,fra,heb,hun,ita,jpn,kor,nld,pol,por,ron,rus,srp,tur,vie,zho,bul,ell,hrv,tha,ces,ind,slk,ukr	ted	168238080	11	2026-09-15	https://lb.download.kiwix.org/zim/ted/ted_mul_string-theory_2026-09.zim	_category:ted;ted;_videos:yes;_ftindex:yes;_pictures:yes;_details:yes
ted_mul_ted-books		TED ted books	A collection of TED videos about ted books	eng,ara,spa,fra,heb,ita,jpn,kor,por,rus,srp,tur,vie,zho,fas,nld,ell,hun,pol,ukr,deu,swe,ron,tha,hrv,bul,ces,lit	ted	246383616	19	2026-09-15	https://lb.download.kiwix.org/zim/ted/ted_mul_ted-books_2026-09.zim	_category:ted;ted;_videos:yes;_ftindex:yes;_pictures:yes;_details:yes
whitewolfwiki_en_all	maxi	White Wolf Wiki	A wiki about all the white wolf settings	eng		358795264	46170	2026-09-28	https://lb.download.kiwix.org/zim/other/whitewolfwiki_en_all_maxi_2026-09.zim	fandom;_pictures:yes;_videos:no;_details:yes;_ftindex:yes
ted_mul_body-language		TED body language	A collection of TED videos about body language	eng,ara,deu,spa,fra,heb,ita,jpn,kor,nld,pol,por,rus,tur,vie,zho,bul,ces,fas,ron,srp,ell,hun,ukr,slk,ind,hrv,swe,tha	ted	235736064	15	2026-09-10	https://lb.download.kiwix.org/zim/ted/ted_mul_body-language_2026-09.zim	_category:ted;ted;_videos:yes;_ftindex:yes;_pictures:yes;_details:yes
cardano.stackexchange.com_en_all		Cardano Q&A	Stack Exchange Q&A for everything about Cardano cryptocurrency ecosystem	eng	stack_exchange	16212992	4684	2026-07-31	https://lb.download.kiwix.org/zim/stack_exchange/cardano.stackexchange.com_en_all_2026-07.zim	_videos:no;_category:stack_exchange;stack_exchange;_details:no;_ftindex:yes;_pictures:yes
codereview.stackexchange.com_en_all		Code Review Q&A	Stack Exchange Q&A for peer programmer code reviews	eng	stack_exchange	551498752	136321	2026-08-01	https://lb.download.kiwix.org/zim/stack_exchange/codereview.stackexchange.com_en_all_2026-08.zim	stack_exchange;_category:stack_exchange;_details:no;_videos:no;_ftindex:yes;_pictures:yes
zimgit-food-preparation_en		Food for Preppers	A collection of recipes and techniques for preparing food.	eng		97822720	1	2025-04-11	https://lb.download.kiwix.org/zim/other/zimgit-food-preparation_en_2025-04.zim	preppers;_ftindex:no;_pictures:yes;_videos:yes;_details:yes
christianity.stackexchange.com_en_all		Christianity Q&A	Stack Exchange Q&A for Christians and experts in Christianity	eng	stack_exchange	189780992	30322	2026-08-01	https://lb.download.kiwix.org/zim/stack_exchange/christianity.stackexchange.com_en_all_2026-08.zim	_videos:no;stack_exchange;_category:stack_exchange;_details:no;_ftindex:yes;_pictures:yes
wikipedia_en_comics	maxi	Comics by Wikipedia	A selection of Wikipedia articles on comic books	eng	wikipedia	660807680	94406	2026-07-16	https://lb.download.kiwix.org/zim/wikipedia/wikipedia_en_comics_maxi_2026-07.zim	wikipedia;_category:wikipedia;_pictures:yes;_videos:no;_details:yes;_ftindex:yes
wikipedia_en_comics	nopic	Comics by Wikipedia	A selection of Wikipedia articles on comic books	eng	wikipedia	317209600	94406	2026-07-16	https://lb.download.kiwix.org/zim/wikipedia/wikipedia_en_comics_nopic_2026-07.zim	wikipedia;_category:wikipedia;_pictures:no;_videos:no;_details:yes;_ftindex:yes
quant.stackexchange.com_en_all		Quantitative Finance Q&A	Stack Exchange Q&A for finance professionals and academics	eng	stack_exchange	159990784	38886	2026-08-04	https://lb.download.kiwix.org/zim/stack_exchange/quant.stackexchange.com_en_all_2026-08.zim	_videos:no;_category:stack_exchange;stack_exchange;_details:no;_ftindex:yes;_pictures:yes
movies.stackexchange.com_en_all		Movies & TV Q&A	Stack Exchange Q&A for movie and TV enthusiasts	eng	stack_exchange	286080000	55350	2026-08-04	https://lb.download.kiwix.org/zim/stack_exchange/movies.stackexchange.com_en_all_2026-08.zim	_details:no;_category:stack_exchange;_videos:no;stack_exchange;_ftindex:yes;_pictures:yes
solana.stackexchange.com_en_all		Solana Q&A	Stack Exchange Q&A for Solana software users and developers	eng	stack_exchange	41935872	13940	2026-08-04	https://lb.download.kiwix.org/zim/stack_exchange/solana.stackexchange.com_en_all_2026-08.zim	stack_exchange;_videos:no;_details:no;_category:stack_exchange;_ftindex:yes;_pictures:yes
prunelle_en_budding-authors		Budding authors	Interactive books by Prunelle. Print and write your own story!	eng		307399680	1	2025-02-14	https://lb.download.kiwix.org/zim/other/prunelle_en_budding-authors_2025-02.zim	_ftindex:no;_pictures:yes;_videos:yes;_details:yes
aviation.stackexchange.com_en_all		Aviation Q&A	Stack Exchange Q&A for aircraft pilots, mechanics, and enthusiasts	eng	stack_exchange	506262528	44643	2026-07-31	https://lb.download.kiwix.org/zim/stack_exchange/aviation.stackexchange.com_en_all_2026-07.zim	stack_exchange;_category:stack_exchange;_details:no;_videos:no;_ftindex:yes;_pictures:yes
bricks.stackexchange.com_en_all		Bricks Q&A	Stack Exchange Q&A for LEGO® and building block enthusiasts	eng	stack_exchange	154169344	9921	2026-08-01	https://lb.download.kiwix.org/zim/stack_exchange/bricks.stackexchange.com_en_all_2026-08.zim	_category:stack_exchange;stack_exchange;_videos:no;_details:no;_ftindex:yes;_pictures:yes
freelancing.stackexchange.com_en_all		Freelancing Q&A	Stack Exchange Q&A for self-employed and freelance workers	eng	stack_exchange	13898752	4869	2026-08-01	https://lb.download.kiwix.org/zim/stack_exchange/freelancing.stackexchange.com_en_all_2026-08.zim	stack_exchange;_videos:no;_details:no;_category:stack_exchange;_ftindex:yes;_pictures:yes
expressionengine.stackexchange.com_en_all		ExpressionEngine® Q&A	Stack Exchange Q&A for everything related to ExpressionEngine® CMS	eng	stack_exchange	49964032	16772	2026-08-01	https://lb.download.kiwix.org/zim/stack_exchange/expressionengine.stackexchange.com_en_all_2026-08.zim	_details:no;stack_exchange;_videos:no;_category:stack_exchange;_ftindex:yes;_pictures:yes
earthscience.stackexchange.com_en_all		Earth Science Q&A	Stack Exchange Q&A for everything geology, meteorology, oceanography	eng	stack_exchange	132396032	14035	2026-07-31	https://lb.download.kiwix.org/zim/stack_exchange/earthscience.stackexchange.com_en_all_2026-07.zim	stack_exchange;_category:stack_exchange;_details:no;_videos:no;_ftindex:yes;_pictures:yes
biology.stackexchange.com_en_all		Biology Q&A	Stack Exchange Q&A for biology researchers, academics, and students	eng	stack_exchange	422850560	49135	2026-07-31	https://lb.download.kiwix.org/zim/stack_exchange/biology.stackexchange.com_en_all_2026-07.zim	stack_exchange;_videos:no;_category:stack_exchange;_details:no;_ftindex:yes;_pictures:yes
bitcoin.stackexchange.com_en_all		Bitcoin Q&A	Stack Exchange Q&A for Bitcoin users, developers, and enthusiasts	eng	stack_exchange	155509760	56313	2026-07-31	https://lb.download.kiwix.org/zim/stack_exchange/bitcoin.stackexchange.com_en_all_2026-07.zim	_videos:no;_category:stack_exchange;stack_exchange;_details:no;_ftindex:yes;_pictures:yes
music.stackexchange.com_en_all		Music: Practice & Theory	Stack Exchange Q&A for musicians, students, and enthusiasts	eng	stack_exchange	340615168	50776	2026-08-04	https://lb.download.kiwix.org/zim/stack_exchange/music.stackexchange.com_en_all_2026-08.zim	_videos:no;_category:stack_exchange;_details:no;stack_exchange;_ftindex:yes;_pictures:yes
politics.stackexchange.com_en_all		Politics Q&A	Stack Exchange Q&A about governments, policies, and  political processes	eng	stack_exchange	210425856	30472	2026-08-04	https://lb.download.kiwix.org/zim/stack_exchange/politics.stackexchange.com_en_all_2026-08.zim	_category:stack_exchange;_details:no;stack_exchange;_videos:no;_ftindex:yes;_pictures:yes
travel.stackexchange.com_en_all		Travel Q&A	Stack Exchange Q&A for road warriors and seasoned travelers	eng	stack_exchange	460346368	95576	2026-08-06	https://lb.download.kiwix.org/zim/stack_exchange/travel.stackexchange.com_en_all_2026-08.zim	stack_exchange;_category:stack_exchange;_videos:no;_details:no;_ftindex:yes;_pictures:yes
anime.stackexchange.com_en_all		Anime & Manga Q&A	Stack Exchange Q&A for anime and manga fans	eng	stack_exchange	239492096	24570	2026-07-31	https://lb.download.kiwix.org/zim/stack_exchange/anime.stackexchange.com_en_all_2026-07.zim	_category:stack_exchange;_videos:no;_details:no;stack_exchange;_ftindex:yes;_pictures:yes
literature.stackexchange.com_en_all		Literature Q&A	Stack Exchange Q&A for scholars and enthusiasts of literature	eng	stack_exchange	72785920	15759	2026-08-03	https://lb.download.kiwix.org/zim/stack_exchange/literature.stackexchange.com_en_all_2026-08.zim	stack_exchange;_category:stack_exchange;_videos:no;_details:no;_ftindex:yes;_pictures:yes
askubuntu.com_en_all		Ask Ubuntu Q&A	Stack Exchange Q&A for Ubuntu users and developers	eng	stack_exchange	2767308800	780741	2026-06-19	https://lb.download.kiwix.org/zim/stack_exchange/askubuntu.com_en_all_2026-06.zim	_category:stack_exchange;_details:no;_videos:no;stack_exchange;_ftindex:no;_pictures:yes
superuser.com_en_all		Super User	Stack Exchange Q&A for computer enthusiasts and power users	eng	stack_exchange	4003119104	907484	2026-08-06	https://lb.download.kiwix.org/zim/stack_exchange/superuser.com_en_all_2026-08.zim	_category:stack_exchange;_details:no;_videos:no;stack_exchange;_ftindex:yes;_pictures:yes
alcohol.stackexchange.com_en_all		Beer, Wine & Spirits Q&A	Stack Exchange Q&A for alcoholic beverage aficionados	eng	stack_exchange	14011392	2950	2026-08-01	https://lb.download.kiwix.org/zim/stack_exchange/alcohol.stackexchange.com_en_all_2026-08.zim	stack_exchange;_category:stack_exchange;_details:no;_videos:no;_ftindex:yes;_pictures:yes
photo.stackexchange.com_en_all		Photography Q&A	Stack Exchange Q&A for professional, enthusiast and amateur photographers	eng	stack_exchange	448900096	52803	2026-08-04	https://lb.download.kiwix.org/zim/stack_exchange/photo.stackexchange.com_en_all_2026-08.zim	_category:stack_exchange;stack_exchange;_details:no;_videos:no;_ftindex:yes;_pictures:yes
buddhism.stackexchange.com_en_all		Buddhism Q&A	Stack Exchange Q&A on Buddhist philosophy, teaching, and practice	eng	stack_exchange	82510848	14303	2026-07-31	https://lb.download.kiwix.org/zim/stack_exchange/buddhism.stackexchange.com_en_all_2026-07.zim	_category:stack_exchange;_videos:no;_details:no;stack_exchange;_ftindex:yes;_pictures:yes
bioacoustics.stackexchange.com_en_all		Bioacoustics Q&A	Stack Exchange Q&A for everything related to animals & sounds	eng	stack_exchange	9844736	1232	2026-07-31	https://lb.download.kiwix.org/zim/stack_exchange/bioacoustics.stackexchange.com_en_all_2026-07.zim	_category:stack_exchange;_videos:no;stack_exchange;_details:no;_ftindex:yes;_pictures:yes
engineering.stackexchange.com_en_all		Engineering Q&A	Stack Exchange Q&A for professionals and students of engineering	eng	stack_exchange	255770624	31251	2026-08-01	https://lb.download.kiwix.org/zim/stack_exchange/engineering.stackexchange.com_en_all_2026-08.zim	_videos:no;_category:stack_exchange;stack_exchange;_details:no;_ftindex:yes;_pictures:yes
booksdash_en_all		Bookdash	Library of 150+ free picture books for read-aloud to young children.	eng	other	11704392704	1434	2024-06-20	https://lb.download.kiwix.org/zim/zimit/booksdash_en_all_2024-06.zim	_ftindex:yes;_category:other;_pictures:yes;_videos:yes;_details:yes
oer4schools_en_all		OER4Schools	Teaching projects in Zambia by Cambridge's Centre for Commonwealth Education	eng		1242107904	259	2025-10-07	https://lb.download.kiwix.org/zim/videos/oer4schools_en_all_2025-10.zim	youtube;_videos:yes;_ftindex:no;_pictures:yes;_details:yes
electronics.stackexchange.com_en_all		Electronics Q&A	Stack Exchange Q&A for everything electronics and electrical engineering	eng	stack_exchange	4214187008	324255	2026-08-01	https://lb.download.kiwix.org/zim/stack_exchange/electronics.stackexchange.com_en_all_2026-08.zim	_details:no;stack_exchange;_videos:no;_category:stack_exchange;_ftindex:yes;_pictures:yes
diy.stackexchange.com_en_all		Home Improvement Q&A	Stack Exchange Q&A for contractors and serious DIYers	eng	stack_exchange	2062547968	165653	2026-08-03	https://lb.download.kiwix.org/zim/stack_exchange/diy.stackexchange.com_en_all_2026-08.zim	_videos:no;_details:no;stack_exchange;_category:stack_exchange;_ftindex:yes;_pictures:yes
space.stackexchange.com_en_all		Space Exploration Q&A	Stack Exchange Q&A for spacecraft operators, scientists, engineers…	eng	stack_exchange	397631488	31822	2026-08-04	https://lb.download.kiwix.org/zim/stack_exchange/space.stackexchange.com_en_all_2026-08.zim	stack_exchange;_category:stack_exchange;_videos:no;_details:no;_ftindex:yes;_pictures:yes
wikipedia_en_knots	maxi	Knots by Wikipedia	A subset of Wikipedia encyclopedia dedicated to knots	eng	wikipedia	18463744	1730	2026-07-20	https://lb.download.kiwix.org/zim/wikipedia/wikipedia_en_knots_maxi_2026-07.zim	wikipedia;_category:wikipedia;_pictures:yes;_videos:no;_details:yes;_ftindex:yes
wordpress.stackexchange.com_en_all		WordPress Development Q&A	Stack Exchange Q&A for WordPress developers and administrators	eng	stack_exchange	528435200	183061	2026-08-06	https://lb.download.kiwix.org/zim/stack_exchange/wordpress.stackexchange.com_en_all_2026-08.zim	stack_exchange;_details:no;_category:stack_exchange;_videos:no;_ftindex:yes;_pictures:yes
ted_mul_best-of-the-web		TED best of the web	A collection of TED videos about best of the web	eng,ara,bul,spa,fra,heb,ita,kor,pol,por,ron,rus,zho,deu,jpn,tur,vie,nld,ell,hun,hrv,srp	ted	996994048	47	2026-09-08	https://lb.download.kiwix.org/zim/ted/ted_mul_best-of-the-web_2026-09.zim	_category:ted;ted;_videos:yes;_ftindex:yes;_pictures:yes;_details:yes
ted_mul_autism-spectrum-disorder		TED autism spectrum disorder	A collection of TED videos about autism spectrum disorder	eng,spa,ara,fra,ita,zho,heb,kor,tur,vie,rus,fas,hun,jpn,nld,por,ron,srp,pol,deu,ell,hrv,ukr,bul,ces,glg	ted	245835776	18	2026-09-16	https://lb.download.kiwix.org/zim/ted/ted_mul_autism-spectrum-disorder_2026-09.zim	_category:ted;ted;_videos:yes;_ftindex:yes;_pictures:yes;_details:yes
jeffe.cs.illinois.edu_en_all		Algorithms	A free electronic version of the Algorithms textbook, along with lecture notes	eng	other	516538368	694	2026-09-04	https://lb.download.kiwix.org/zim/zimit/jeffe.cs.illinois.edu_en_all_2026-09.zim	_ftindex:yes;_category:other;_pictures:yes;_videos:yes;_details:yes
zimgit-medicine_en		Medical Library	A collection of books pertaining to field and emergency medicine.	eng		70179840	1	2024-08-29	https://lb.download.kiwix.org/zim/other/zimgit-medicine_en_2024-08.zim	preppers;medical;_ftindex:no;_pictures:yes;_videos:yes;_details:yes
canadian-prepper_en_preppingfood		Canadian prepper	Prepping Food: Long-term food storage and survival meals	eng		2160663552	92	2026-07-23	https://lb.download.kiwix.org/zim/videos/canadian-prepper_en_preppingfood_2026-07.zim	preppers;_videos:yes;_ftindex:no;_pictures:yes;_details:yes
gobyexample.com_en_all		Go by example	a hands-on introduction to Go using annotated example programs	eng	other	330752	87	2026-08-01	https://lb.download.kiwix.org/zim/zimit/gobyexample.com_en_all_2026-08.zim	_ftindex:yes;_category:other;_pictures:yes;_videos:yes;_details:yes
100r.co_en_all		Hundred Rabbits	100R is researching and testing low-tech solutions, and documenting findings	eng	other	177187840	328	2026-08-31	https://lb.download.kiwix.org/zim/zimit/100r.co_en_all_2026-08.zim	_ftindex:yes;_category:other;preppers;_pictures:yes;_videos:yes;_details:yes
gramps-project.org_en_wiki	maxi	Gramps genealogy Wiki	The wiki for the professional-grade genealogy program	eng		586165248	8719	2026-06-29	https://lb.download.kiwix.org/zim/other/gramps-project.org_en_wiki_maxi_2026-06.zim	gramps-project;_pictures:yes;_videos:no;_details:yes;_ftindex:yes
diksha-std5ssc_en		Std 5 SSC English	Videos and Textbook for Standard 5 SSC applicable in Maharashtra.	eng		1270949888	1	2020-11-23	https://lb.download.kiwix.org/zim/other/diksha-std5ssc_en_2020-11.zim	_ftindex:yes;_ftindex:yes;_pictures:yes;_videos:yes;_details:yes
armypubs_en_all		Army Publishing Directorate	The United States Army's centralized publications and forms management resource	eng	other	8232397824	42131	2024-12-06	https://lb.download.kiwix.org/zim/zimit/armypubs_en_all_2024-12.zim	_ftindex:yes;_category:other;_pictures:yes;_videos:yes;_details:yes
alexandria.dk_en_all		Alexandria boardgames	A library for role-playing games, board games, and the likes	eng	other	43048123392	48294	2026-09-14	https://lb.download.kiwix.org/zim/zimit/alexandria.dk_en_all_2026-09a.zim	_ftindex:yes;_category:other;_pictures:yes;_videos:yes;_details:yes
lost-stats.github.io_en_all		Statistical techniques Library	Make it easy to execute statistical techniques in statistical software.	eng	other	36017152	129	2026-09-25	https://lb.download.kiwix.org/zim/zimit/lost-stats.github.io_en_all_2026-09.zim	_ftindex:yes;_category:other;_pictures:yes;_videos:yes;_details:yes
chess.stackexchange.com_en_all		Chess Q&A	Stack Exchange Q&A for serious players and enthusiasts of chess	eng	stack_exchange	81375232	17429	2026-07-31	https://lb.download.kiwix.org/zim/stack_exchange/chess.stackexchange.com_en_all_2026-07.zim	_details:no;_videos:no;stack_exchange;_category:stack_exchange;_ftindex:yes;_pictures:yes
wikipedia_en_top1m	maxi	Wikipedia's 1m Top Articles	A selection of the best 1 Million Wikipedia articles	eng	wikipedia	49385356288	5918856	2026-04-28	https://lb.download.kiwix.org/zim/wikipedia/wikipedia_en_top1m_maxi_2026-04.zim	wikipedia;_category:wikipedia;_pictures:yes;_videos:no;_details:yes;_ftindex:yes
wikipedia_en_top1m	mini	Wikipedia's 1m Top Articles	A selection of the best 1 Million Wikipedia articles	eng	wikipedia	3022411776	5918899	2026-04-28	https://lb.download.kiwix.org/zim/wikipedia/wikipedia_en_top1m_mini_2026-04.zim	wikipedia;_category:wikipedia;_pictures:no;_videos:no;_details:no;_ftindex:yes
wikipedia_en_top1m	nopic	Wikipedia's 1m Top Articles	A selection of the best 1 Million Wikipedia articles	eng	wikipedia	17134155776	5918889	2026-04-28	https://lb.download.kiwix.org/zim/wikipedia/wikipedia_en_top1m_nopic_2026-04.zim	wikipedia;_category:wikipedia;_pictures:no;_videos:no;_details:yes;_ftindex:yes
islam.stackexchange.com_en_all		Islam Q&A	Stack Exchange Q&A for everything related to Islam and Muslims	eng	stack_exchange	89034752	27605	2026-08-03	https://lb.download.kiwix.org/zim/stack_exchange/islam.stackexchange.com_en_all_2026-08.zim	_category:stack_exchange;_details:no;stack_exchange;_videos:no;_ftindex:yes;_pictures:yes
cstheory.stackexchange.com_en_all		Theoretical Computer Science	Stack Exchange Q&A for theoretical computer scientists and researchers	eng	stack_exchange	74275840	22182	2026-08-01	https://lb.download.kiwix.org/zim/stack_exchange/cstheory.stackexchange.com_en_all_2026-08.zim	stack_exchange;_category:stack_exchange;_videos:no;_details:no;_ftindex:yes;_pictures:yes
monero.stackexchange.com_en_all		Monero Q&A	Stack Exchange Q&A for developers and users of Monero cryptocurrency	eng	stack_exchange	22323200	7759	2026-08-04	https://lb.download.kiwix.org/zim/stack_exchange/monero.stackexchange.com_en_all_2026-08.zim	stack_exchange;_category:stack_exchange;_videos:no;_details:no;_ftindex:yes;_pictures:yes
mattermodeling.stackexchange.com_en_all		Matter Modeling Q&A	Stack Exchange Q&A for materials modelers and data scientists	eng	stack_exchange	48775168	7585	2026-08-04	https://lb.download.kiwix.org/zim/stack_exchange/mattermodeling.stackexchange.com_en_all_2026-08.zim	_category:stack_exchange;stack_exchange;_videos:no;_details:no;_ftindex:yes;_pictures:yes
pets.stackexchange.com_en_all		Pets Q&A	Stack Exchange Q&A for pet owners, caretakers, breeders, veterinarians, trainers	eng	stack_exchange	86638592	17055	2026-08-04	https://lb.download.kiwix.org/zim/stack_exchange/pets.stackexchange.com_en_all_2026-08.zim	_details:no;_category:stack_exchange;_videos:no;stack_exchange;_ftindex:yes;_pictures:yes
computergraphics.stackexchange.com_en_all		Computer Graphics Q&A	Stack Exchange Q&A for computer graphics researchers and programmers	eng	stack_exchange	53078016	7417	2026-08-01	https://lb.download.kiwix.org/zim/stack_exchange/computergraphics.stackexchange.com_en_all_2026-08.zim	stack_exchange;_category:stack_exchange;_details:no;_videos:no;_ftindex:yes;_pictures:yes
tex.stackexchange.com_en_all		TeX - LaTeX Q&A	Stack Exchange Q&A for users of TeX, LaTeX, ConTeXt…	eng	stack_exchange	4535083008	379230	2026-08-06	https://lb.download.kiwix.org/zim/stack_exchange/tex.stackexchange.com_en_all_2026-08.zim	_details:no;_category:stack_exchange;stack_exchange;_videos:no;_ftindex:yes;_pictures:yes
postmarketos_en_all	maxi	postmarketOS	Reference wiki for the Linux distribution for mobile devices and beyond	eng		30417920	3706	2026-08-20	https://lb.download.kiwix.org/zim/other/postmarketos_en_all_maxi_2026-08.zim	computing;postmarketos;_pictures:yes;_videos:no;_details:yes;_ftindex:yes
softwarerecs.stackexchange.com_en_all		Software Recommendations Q&A	Stack Exchange Q&A for people seeking specific software recommendations	eng	stack_exchange	222081024	44667	2026-08-04	https://lb.download.kiwix.org/zim/stack_exchange/softwarerecs.stackexchange.com_en_all_2026-08.zim	stack_exchange;_category:stack_exchange;_details:no;_videos:no;_ftindex:yes;_pictures:yes
hardwarerecs.stackexchange.com_en_all		Hardware Recommendations Q&A	Stack Exchange Q&A for people seeking specific hardware recommendations	eng	stack_exchange	41873408	8984	2026-08-01	https://lb.download.kiwix.org/zim/stack_exchange/hardwarerecs.stackexchange.com_en_all_2026-08.zim	_details:no;_category:stack_exchange;_videos:no;stack_exchange;_ftindex:yes;_pictures:yes
webapps.stackexchange.com_en_all		Web Applications Q&A	Stack Exchange Q&A for power users of web applications	eng	stack_exchange	288813056	75051	2026-08-06	https://lb.download.kiwix.org/zim/stack_exchange/webapps.stackexchange.com_en_all_2026-08.zim	_category:stack_exchange;_details:no;stack_exchange;_videos:no;_ftindex:yes;_pictures:yes
gamedev.stackexchange.com_en_all		Game Development Q&A	Stack Exchange Q&A for professional and independent game developers	eng	stack_exchange	532396032	97501	2026-02-02	https://lb.download.kiwix.org/zim/stack_exchange/gamedev.stackexchange.com_en_all_2026-02.zim	_videos:no;_details:no;stack_exchange;_category:stack_exchange;_ftindex:no;_pictures:yes
wikiversity_en_all	maxi	Wikiversity	Wikiversity offers tutorials and other materials for the fostering of learning.	eng	wikiversity	2459209728	69848	2026-05-06	https://lb.download.kiwix.org/zim/wikiversity/wikiversity_en_all_maxi_2026-05.zim	wikiversity;_category:wikiversity;_pictures:yes;_videos:no;_details:yes;_ftindex:yes
wikiversity_en_all	nopic	Wikiversity	Wikiversity offers tutorials and other materials for the fostering of learning.	eng	wikiversity	1629888512	69476	2026-08-04	https://lb.download.kiwix.org/zim/wikiversity/wikiversity_en_all_nopic_2026-08.zim	wikiversity;_category:wikiversity;_pictures:no;_videos:no;_details:yes;_ftindex:yes
smbc-comics.com_en_all		SMBC COVID-19 Book Pack	Fun reads by the author of SMBC about COVID	eng	other	112859136	10	2026-08-02	https://lb.download.kiwix.org/zim/zimit/smbc-comics.com_en_all_2026-08.zim	_category:other;_ftindex:yes;_pictures:yes;_videos:yes;_details:yes
phzh_core-english-one_en		Core English 1	A unique and free course to improve your life skills.	eng	mooc	96982016	157	2022-01-07	https://lb.download.kiwix.org/zim/mooc/phzh_core-english-one_en_2022-01.zim	_category:mooc;openedx;_ftindex:no;_pictures:yes;_videos:yes;_details:yes
tor.stackexchange.com_en_all		Tor Q&A	Stack Exchange Q&A for researchers, developers, and users of Tor	eng	stack_exchange	31878144	12269	2026-08-06	https://lb.download.kiwix.org/zim/stack_exchange/tor.stackexchange.com_en_all_2026-08.zim	_videos:no;_category:stack_exchange;stack_exchange;_details:no;_ftindex:yes;_pictures:yes
gis.stackexchange.com_en_all		Geographic Information Systems	Stack Exchange Q&A for cartographers, geographers and GIS professionals	eng	stack_exchange	2129920000	252544	2026-08-02	https://lb.download.kiwix.org/zim/stack_exchange/gis.stackexchange.com_en_all_2026-08.zim	_details:no;_videos:no;stack_exchange;_category:stack_exchange;_ftindex:yes;_pictures:yes
psychology.stackexchange.com_en_all		Psychology & Neuroscience Q&A	Stack Exchange Q&A about cognitive science, psychology, neuroscience, psychiatry	eng	stack_exchange	63688704	15043	2026-07-31	https://lb.download.kiwix.org/zim/stack_exchange/psychology.stackexchange.com_en_all_2026-07.zim	stack_exchange;_details:no;_category:stack_exchange;_videos:no;_ftindex:yes;_pictures:yes
genai.stackexchange.com_en_all		GenAI Q&A	Stack Exchange Q&A for everything related to Generative Artificial Intelligence	eng	stack_exchange	11140096	1254	2026-08-01	https://lb.download.kiwix.org/zim/stack_exchange/genai.stackexchange.com_en_all_2026-08.zim	_videos:no;_category:stack_exchange;_details:no;stack_exchange;_ftindex:yes;_pictures:yes
communitybuilding.stackexchange.com_en_all		Community Building Q&A	Stack Exchange Q&A for community managers, administrators, and moderators	eng	stack_exchange	6331392	1386	2026-08-04	https://lb.download.kiwix.org/zim/stack_exchange/communitybuilding.stackexchange.com_en_all_2026-08.zim	stack_exchange;_category:stack_exchange;_details:no;_videos:no;_ftindex:yes;_pictures:yes
devops.stackexchange.com_en_all		DevOps Q&A	Stack Exchange Q&A for everything related to DevOps software practices	eng	stack_exchange	34522112	12111	2026-07-31	https://lb.download.kiwix.org/zim/stack_exchange/devops.stackexchange.com_en_all_2026-07.zim	stack_exchange;_videos:no;_details:no;_category:stack_exchange;_ftindex:yes;_pictures:yes
ux.stackexchange.com_en_all		User Experience Q&A	Stack Exchange Q&A for user experience researchers and experts	eng	stack_exchange	545967104	65500	2026-08-06	https://lb.download.kiwix.org/zim/stack_exchange/ux.stackexchange.com_en_all_2026-08.zim	_category:stack_exchange;_videos:no;stack_exchange;_details:no;_ftindex:yes;_pictures:yes
arduino.stackexchange.com_en_all		Arduino Q&A	Stack Exchange Q&A about open-source Arduino hardware and software	eng	stack_exchange	259175424	46624	2026-07-31	https://lb.download.kiwix.org/zim/stack_exchange/arduino.stackexchange.com_en_all_2026-07.zim	_details:no;_category:stack_exchange;stack_exchange;_videos:no;_ftindex:yes;_pictures:yes
joomla.stackexchange.com_en_all		Joomla Q&A	Stack Exchange Q&A for Joomla! administrators, users, developers and designers	eng	stack_exchange	44991488	12319	2026-08-03	https://lb.download.kiwix.org/zim/stack_exchange/joomla.stackexchange.com_en_all_2026-08.zim	_details:no;stack_exchange;_videos:no;_category:stack_exchange;_ftindex:yes;_pictures:yes
musicfans.stackexchange.com_en_all		Music Fans Q&A	Stack Exchange Q&A for music historians, critics, and fans	eng	stack_exchange	18604032	5233	2026-08-04	https://lb.download.kiwix.org/zim/stack_exchange/musicfans.stackexchange.com_en_all_2026-08.zim	_videos:no;stack_exchange;_category:stack_exchange;_details:no;_ftindex:yes;_pictures:yes
economics.stackexchange.com_en_all		Economics Q&A	Stack Exchange Q&A for everything related to economics and econometrics	eng	stack_exchange	114667520	26751	2026-08-02	https://lb.download.kiwix.org/zim/stack_exchange/economics.stackexchange.com_en_all_2026-08.zim	_category:stack_exchange;_details:no;_videos:no;stack_exchange;_ftindex:yes;_pictures:yes
www.ready.gov_en		Ready.gov	Plan ahead for disasters (Weather, Fire, Makings plans, Building kits, etc.)	eng	other	2429922304	2437	2024-12-03	https://lb.download.kiwix.org/zim/zimit/www.ready.gov_en_2024-12.zim	preppers;_ftindex:yes;_category:other;_pictures:yes;_videos:yes;_details:yes
wikipedia_en_ice-hockey	maxi	Ice hockey by Wikipedia	A selection of Wikipedia articles on ice hockey	eng	wikipedia	599716864	96525	2026-07-15	https://lb.download.kiwix.org/zim/wikipedia/wikipedia_en_ice-hockey_maxi_2026-07.zim	wikipedia;_category:wikipedia;_pictures:yes;_videos:no;_details:yes;_ftindex:yes
wikipedia_en_ice-hockey	nopic	Ice hockey by Wikipedia	A selection of Wikipedia articles on ice hockey	eng	wikipedia	334169088	96525	2026-07-15	https://lb.download.kiwix.org/zim/wikipedia/wikipedia_en_ice-hockey_nopic_2026-07.zim	wikipedia;_category:wikipedia;_pictures:no;_videos:no;_details:yes;_ftindex:yes
quantumcomputing.stackexchange.com_en_all		Quantum Computing Q&A	Stack Exchange Q&A for everything related to quantum computing	eng	stack_exchange	99229696	19323	2026-08-05	https://lb.download.kiwix.org/zim/stack_exchange/quantumcomputing.stackexchange.com_en_all_2026-08.zim	stack_exchange;_videos:no;_details:no;_category:stack_exchange;_ftindex:yes;_pictures:yes
writing.stackexchange.com_en_all		Writing Q&A	Stack Exchange Q&A for the craft of any professional writing	eng	stack_exchange	101544960	26877	2026-08-06	https://lb.download.kiwix.org/zim/stack_exchange/writing.stackexchange.com_en_all_2026-08.zim	_videos:no;_category:stack_exchange;_details:no;stack_exchange;_ftindex:yes;_pictures:yes
iot.stackexchange.com_en_all		Internet of Things Q&A	StackExchange Q&A for everything smart homes, automation, sensors	eng	stack_exchange	20597760	5139	2026-08-03	https://lb.download.kiwix.org/zim/stack_exchange/iot.stackexchange.com_en_all_2026-08.zim	_category:stack_exchange;stack_exchange;_details:no;_videos:no;_ftindex:yes;_pictures:yes
emacs.stackexchange.com_en_all		Emacs Q&A	Stack Exchange Q&A for those using, extending or developing Emacs	eng	stack_exchange	151902208	40089	2026-08-01	https://lb.download.kiwix.org/zim/stack_exchange/emacs.stackexchange.com_en_all_2026-08.zim	stack_exchange;_category:stack_exchange;_details:no;_videos:no;_ftindex:yes;_pictures:yes
fitness.stackexchange.com_en_all		Physical Fitness Q&A	Stack Exchange Q&A for everything related to physical fitness	eng	stack_exchange	79666176	19509	2026-08-02	https://lb.download.kiwix.org/zim/stack_exchange/fitness.stackexchange.com_en_all_2026-08.zim	_category:stack_exchange;_videos:no;_details:no;stack_exchange;_ftindex:yes;_pictures:yes
wikipedia_en_climate-change	maxi	Climate change by Wikipedia	A selection of Wikipedia articles on climate change	eng	wikipedia	217280512	20144	2026-07-06	https://lb.download.kiwix.org/zim/wikipedia/wikipedia_en_climate-change_maxi_2026-07.zim	wikipedia;_category:wikipedia;_pictures:yes;_videos:no;_details:yes;_ftindex:yes
wikipedia_en_climate-change	mini	Climate change by Wikipedia	A selection of Wikipedia articles on climate change	eng	wikipedia	12216320	20144	2026-07-06	https://lb.download.kiwix.org/zim/wikipedia/wikipedia_en_climate-change_mini_2026-07.zim	wikipedia;_category:wikipedia;_pictures:no;_videos:no;_details:no;_ftindex:yes
wikipedia_en_climate-change	nopic	Climate change by Wikipedia	A selection of Wikipedia articles on climate change	eng	wikipedia	86581248	20144	2026-07-06	https://lb.download.kiwix.org/zim/wikipedia/wikipedia_en_climate-change_nopic_2026-07.zim	wikipedia;_category:wikipedia;_pictures:no;_videos:no;_details:yes;_ftindex:yes
poker.stackexchange.com_en_all		Poker Q&A	Stack Exchange Q&A for serious players and enthusiasts of poker	eng	stack_exchange	16137216	4486	2026-08-05	https://lb.download.kiwix.org/zim/stack_exchange/poker.stackexchange.com_en_all_2026-08.zim	_category:stack_exchange;_details:no;stack_exchange;_videos:no;_ftindex:yes;_pictures:yes
citizensinformation.ie_en_all		Citizens Information	Information on Your Rights & Entitlements from the Information Board of Ireland	eng	other	116882432	2073	2026-08-31	https://lb.download.kiwix.org/zim/zimit/citizensinformation.ie_en_all_2026-08.zim	ireland;_category:other;_ftindex:yes;_pictures:yes;_videos:yes;_details:yes
dba.stackexchange.com_en_all		Database Administrators Q&A	Stack Exchange Q&A for everyting related to database administration	eng	stack_exchange	700760064	178114	2026-07-31	https://lb.download.kiwix.org/zim/stack_exchange/dba.stackexchange.com_en_all_2026-07.zim	_videos:no;_details:no;stack_exchange;_category:stack_exchange;_ftindex:yes;_pictures:yes
wiki.leagueoflegends.com_en_all	maxi	League of Legends	The official wiki for the multiplayer battle arena game	eng		1532618752	34125	2026-08-27	https://lb.download.kiwix.org/zim/other/wiki.leagueoflegends.com_en_all_maxi_2026-08.zim	gaming;leagueoflegends;_pictures:yes;_videos:no;_details:yes;_ftindex:yes
coreyms_en_python-tutorials		Python Tutorials	Corey Schaffer's tutorials for software developers, programmers, and engineers	eng		2568245248	163	2026-09-29	https://lb.download.kiwix.org/zim/videos/coreyms_en_python-tutorials_2026-09.zim	python;computing;_videos:yes;_ftindex:no;_pictures:yes;_details:yes
coreyms_en_git-tutorials		Git Tutorials	Corey Schaffer's tutorials for software developers, programmers, and engineers	eng		59746304	9	2026-09-28	https://lb.download.kiwix.org/zim/videos/coreyms_en_git-tutorials_2026-09.zim	git;computing;_videos:yes;_ftindex:no;_pictures:yes;_details:yes
coreyms_en_javascript-tutorials		Javascript Tutorials	Corey Schaffer's tutorials for software developers, programmers, and engineers	eng		44283904	10	2026-09-28	https://lb.download.kiwix.org/zim/videos/coreyms_en_javascript-tutorials_2026-09.zim	javascript;computing;_videos:yes;_ftindex:no;_pictures:yes;_details:yes
artofproblemsolving_en_all	maxi	Art of Problem Solving	Math classes, textbooks, games for high & middle school students	eng		205349888	11529	2021-03-14	https://lb.download.kiwix.org/zim/other/artofproblemsolving_en_all_maxi_2021-03.zim	artofproblemsolving;_pictures:yes;_videos:no;_details:yes;_ftindex:yes
artofproblemsolving_en_all	nopic	Art of Problem Solving	Math classes, textbooks, games for high & middle school students	eng		157516800	11529	2021-03-14	https://lb.download.kiwix.org/zim/other/artofproblemsolving_en_all_nopic_2021-03.zim	artofproblemsolving;_pictures:no;_videos:no;_details:yes;_ftindex:yes
s2underground_en_all		S2 Underground	Intelligence Tradecraft and Communications doctrine for the hard times ahead	eng		4979276800	215	2026-07-14	https://lb.download.kiwix.org/zim/videos/s2underground_en_all_2026-07.zim	preppers;_videos:yes;_ftindex:no;_pictures:yes;_details:yes
coreyms_en_django-tutorials		Django Tutorials	Corey Schaffer's tutorials for software developers, programmers, and engineers	eng		284655616	19	2026-06-30	https://lb.download.kiwix.org/zim/videos/coreyms_en_django-tutorials_2026-06.zim	python;django;computing;_videos:yes;_ftindex:no;_pictures:yes;_details:yes
balatrowiki_en_all	maxi	Balatro wiki	The wiki about the hit 2024 poker-based roguelite game Balatro	eng		7289856	2472	2026-09-06	https://lb.download.kiwix.org/zim/other/balatrowiki_en_all_maxi_2026-09.zim	gaming;balatrowiki;_pictures:yes;_videos:no;_details:yes;_ftindex:yes
cyborganthropology.com_en_all	maxi	Cyborg Anthropology	A curated collection of curious ideas, interesting terms, and recommended books	eng		6304768	1438	2026-05-19	https://lb.download.kiwix.org/zim/other/cyborganthropology.com_en_all_maxi_2026-05.zim	cyborganthropology;_pictures:yes;_videos:no;_details:yes;_ftindex:yes
scoutwiki_en_all	maxi	ScoutWiki	THE place for everyone who wants to know about Scouting and Guiding	eng		25627648	6074	2026-07-03	https://lb.download.kiwix.org/zim/other/scoutwiki_en_all_maxi_2026-07a.zim	scoutwiki;_pictures:yes;_videos:no;_details:yes;_ftindex:yes
pokemonwiki_en_all	maxi	Pokemon Wiki	Encyclopedia for the Pokémon franchise, a media franchise owned by Nintendo	eng		846618624	20237	2024-06-17	https://lb.download.kiwix.org/zim/other/pokemonwiki_en_all_maxi_2024-06.zim	fandom;_pictures:yes;_videos:no;_details:yes;_ftindex:yes
cloudflare.com_en_learning-center		CloudFlare Learning Center	Resources on cyber security and how the Internet works from Cloudflare.	eng	other	190723072	1302	2025-12-04	https://lb.download.kiwix.org/zim/zimit/cloudflare.com_en_learning-center_2025-12.zim	_ftindex:yes;_category:other;_pictures:yes;_videos:yes;_details:yes
alpinelinux_en_all	maxi	Alpine Linux Wiki	Alpine Linux is a security-oriented, lightweight Linux distribution	eng		3097600	1022	2026-07-20	https://lb.download.kiwix.org/zim/other/alpinelinux_en_all_maxi_2026-07.zim	Linux distro;alpinelinux;_pictures:yes;_videos:no;_details:yes;_ftindex:yes
devhints.io_en_all		DevHints - Rico's cheatsheets	A modest collection of software commands cheatsheets (ruby, bash, vim, etc.)	eng	other	3655680	693	2026-08-28	https://lb.download.kiwix.org/zim/zimit/devhints.io_en_all_2026-08.zim	_ftindex:yes;_category:other;_pictures:yes;_videos:yes;_details:yes
coreyms_en_sql-tutorials		SQL Tutorials	Corey Schaffer's tutorials for software developers, programmers, and engineers	eng		23563264	7	2026-09-28	https://lb.download.kiwix.org/zim/videos/coreyms_en_sql-tutorials_2026-09.zim	python;sql;computing;_videos:yes;_ftindex:no;_pictures:yes;_details:yes
coreyms_en_matplotlib-tutorials		Matplotlib Tutorials	Corey Schaffer's tutorials for software developers, programmers, and engineers	eng		109462528	12	2026-09-28	https://lb.download.kiwix.org/zim/videos/coreyms_en_matplotlib-tutorials_2026-09.zim	python;matplotlib;computing;_videos:yes;_ftindex:no;_pictures:yes;_details:yes
coreyms_en_flask-tutorials		Flask Tutorials	Corey Schaffer's tutorials for software developers, programmers, and engineers	eng		269111296	17	2026-09-28	https://lb.download.kiwix.org/zim/videos/coreyms_en_flask-tutorials_2026-09.zim	python;flask;computing;_videos:yes;_ftindex:no;_pictures:yes;_details:yes
zimgit-knots_en		A Library of Knots	Illustrated resources on all types of knots, ladders, sutures, etc. 	eng		27945984	1	2024-08-29	https://lb.download.kiwix.org/zim/other/zimgit-knots_en_2024-08.zim	preppers;_ftindex:no;_pictures:yes;_videos:yes;_details:yes
interpersonal.stackexchange.com_en_all		Interpersonal Skills Q&A	Stack Exchange Q&A for everything related to interpersonal communication skills	eng	stack_exchange	39570432	10228	2026-08-03	https://lb.download.kiwix.org/zim/stack_exchange/interpersonal.stackexchange.com_en_all_2026-08.zim	stack_exchange;_category:stack_exchange;_videos:no;_details:no;_ftindex:yes;_pictures:yes
academia.stackexchange.com_en_all		Academia Q&A	Stack Exchange Q&A for academics and those enrolled in higher education	eng	stack_exchange	292279296	84816	2026-07-31	https://lb.download.kiwix.org/zim/stack_exchange/academia.stackexchange.com_en_all_2026-07.zim	stack_exchange;_videos:no;_category:stack_exchange;_details:no;_ftindex:yes;_pictures:yes
apple.stackexchange.com_en_all		Apple Q&A	Stack Exchange Q&A for power users of Apple hardware and software	eng	stack_exchange	1193034752	253841	2026-07-31	https://lb.download.kiwix.org/zim/stack_exchange/apple.stackexchange.com_en_all_2026-07.zim	_details:no;_videos:no;_category:stack_exchange;stack_exchange;_ftindex:yes;_pictures:yes
chemistry.stackexchange.com_en_all		Chemistry Q&A	Stack Exchange Q&A for scientists, academics, teachers and students in chemistry	eng	stack_exchange	417260544	75953	2026-07-31	https://lb.download.kiwix.org/zim/stack_exchange/chemistry.stackexchange.com_en_all_2026-07.zim	_videos:no;stack_exchange;_details:no;_category:stack_exchange;_ftindex:yes;_pictures:yes
blender.stackexchange.com_en_all		Blender Q&A	Stack Exchange Q&A for people who use Blender software to create	eng	stack_exchange	2837102592	189082	2026-08-03	https://lb.download.kiwix.org/zim/stack_exchange/blender.stackexchange.com_en_all_2026-08.zim	stack_exchange;_details:no;_category:stack_exchange;_videos:no;_ftindex:yes;_pictures:yes
homebrew.stackexchange.com_en_all		Homebrewing Q&A	Stack Exchange Q&A for dedicated home brewers (beer, wine…) and enthusiasts	eng	stack_exchange	37376000	10999	2026-08-02	https://lb.download.kiwix.org/zim/stack_exchange/homebrew.stackexchange.com_en_all_2026-08.zim	stack_exchange;_category:stack_exchange;_videos:no;_details:no;_ftindex:yes;_pictures:yes
patents.stackexchange.com_en_all		Ask Patents	Stack Exchange Q&A for people interested in improving the patent system	eng	stack_exchange	35257344	12089	2026-08-04	https://lb.download.kiwix.org/zim/stack_exchange/patents.stackexchange.com_en_all_2026-08.zim	stack_exchange;_videos:no;_details:no;_category:stack_exchange;_ftindex:yes;_pictures:yes
worldbuilding.stackexchange.com_en_all		Worldbuilding Q&A	Stack Exchange Q&A for writers/artists building imaginary worlds and settings	eng	stack_exchange	834188288	70080	2026-08-06	https://lb.download.kiwix.org/zim/stack_exchange/worldbuilding.stackexchange.com_en_all_2026-08.zim	stack_exchange;_category:stack_exchange;_videos:no;_details:no;_ftindex:yes;_pictures:yes
sound.stackexchange.com_en_all		Sound Design Q&A	Stack Exchange Q&A for sound engineers, producers, editors, and enthusiasts	eng	stack_exchange	76128256	19664	2026-08-04	https://lb.download.kiwix.org/zim/stack_exchange/sound.stackexchange.com_en_all_2026-08.zim	stack_exchange;_videos:no;_category:stack_exchange;_details:no;_ftindex:yes;_pictures:yes
langdev.stackexchange.com_en_all		Programming Language Design	Stack Exchange Q&A for designers and implementers of programming languages	eng	stack_exchange	10936320	2249	2026-08-03	https://lb.download.kiwix.org/zim/stack_exchange/langdev.stackexchange.com_en_all_2026-08.zim	_details:no;_category:stack_exchange;_videos:no;stack_exchange;_ftindex:yes;_pictures:yes
datascience.stackexchange.com_en_all		Data Science Q&A	Stack Exchange Q&A for everything Data science and Machine Learning	eng	stack_exchange	272756736	66764	2026-08-02	https://lb.download.kiwix.org/zim/stack_exchange/datascience.stackexchange.com_en_all_2026-08.zim	_videos:no;_category:stack_exchange;_details:no;stack_exchange;_ftindex:yes;_pictures:yes
sqa.stackexchange.com_en_all		Software QA & Testing	Stack Exchange Q&A for software quality control experts, automation engineers…	eng	stack_exchange	87734272	23297	2026-08-04	https://lb.download.kiwix.org/zim/stack_exchange/sqa.stackexchange.com_en_all_2026-08.zim	stack_exchange;_videos:no;_category:stack_exchange;_details:no;_ftindex:yes;_pictures:yes
graphicdesign.stackexchange.com_en_all		Graphic Design Q&A	Stack Exchange Q&A for Graphic Design professionals, students, and enthusiasts	eng	stack_exchange	928475136	75295	2026-08-01	https://lb.download.kiwix.org/zim/stack_exchange/graphicdesign.stackexchange.com_en_all_2026-08.zim	_videos:no;stack_exchange;_category:stack_exchange;_details:no;_ftindex:yes;_pictures:yes
cooking.stackexchange.com_en_all		Cooking Q&A (Seasoned Advice)	Stack Exchange Q&A for professional and amateur cooking chefs	eng	stack_exchange	237005824	59578	2026-07-31	https://lb.download.kiwix.org/zim/stack_exchange/cooking.stackexchange.com_en_all_2026-07.zim	_category:stack_exchange;_details:no;stack_exchange;_videos:no;_ftindex:yes;_pictures:yes
stats.stackexchange.com_en_all		Cross Validated	Stack Exchange Q&A for people interested in statistics, machine learning, data…	eng	stack_exchange	1634465792	338066	2026-08-04	https://lb.download.kiwix.org/zim/stack_exchange/stats.stackexchange.com_en_all_2026-08.zim	_category:stack_exchange;_details:no;stack_exchange;_videos:no;_ftindex:yes;_pictures:yes
physics.stackexchange.com_en_all		Physics Q&A	Stack Exchange Q&A for active researchers, academics and students of physics	eng	stack_exchange	1827691520	351893	2026-08-04	https://lb.download.kiwix.org/zim/stack_exchange/physics.stackexchange.com_en_all_2026-08.zim	_videos:no;stack_exchange;_details:no;_category:stack_exchange;_ftindex:yes;_pictures:yes
lifehacks.stackexchange.com_en_all		Lifehacks Q&A	Stack Exchange Q&A for bypassing life's everyday problems with simple tricks	eng	stack_exchange	48601088	9175	2026-08-03	https://lb.download.kiwix.org/zim/stack_exchange/lifehacks.stackexchange.com_en_all_2026-08.zim	stack_exchange;_category:stack_exchange;_details:no;_videos:no;_ftindex:yes;_pictures:yes
puzzling.stackexchange.com_en_all		Puzzling Q&A	Stack Exchange Q&A for those who create, solve, and study puzzles	eng	stack_exchange	566847488	48313	2026-08-04	https://lb.download.kiwix.org/zim/stack_exchange/puzzling.stackexchange.com_en_all_2026-08.zim	_details:no;stack_exchange;_category:stack_exchange;_videos:no;_ftindex:yes;_pictures:yes
magento.stackexchange.com_en_all		Magento Q&A	Stack Exchange Q&A for users of the Magento e-Commerce platform	eng	stack_exchange	624975872	153100	2026-08-03	https://lb.download.kiwix.org/zim/stack_exchange/magento.stackexchange.com_en_all_2026-08.zim	_videos:no;stack_exchange;_category:stack_exchange;_details:no;_ftindex:yes;_pictures:yes
philosophy.stackexchange.com_en_all		Philosophy Q&A	Stack Exchange Q&A for the study of knowledge, reality, and existence	eng	stack_exchange	211643392	42692	2026-08-04	https://lb.download.kiwix.org/zim/stack_exchange/philosophy.stackexchange.com_en_all_2026-08.zim	_details:no;stack_exchange;_videos:no;_category:stack_exchange;_ftindex:yes;_pictures:yes
linguistics.stackexchange.com_en_all		Linguistics Q&A	Stack Exchange Q&A for everything related to linguistic research and theory	eng	stack_exchange	86333440	20795	2026-08-04	https://lb.download.kiwix.org/zim/stack_exchange/linguistics.stackexchange.com_en_all_2026-08.zim	_details:no;stack_exchange;_videos:no;_category:stack_exchange;_ftindex:yes;_pictures:yes
scifi.stackexchange.com_en_all		Science Fiction & Fantasy Q&A	Stack Exchange Q&A for science fiction and fantasy enthusiasts	eng	stack_exchange	1283399680	144160	2026-08-04	https://lb.download.kiwix.org/zim/stack_exchange/scifi.stackexchange.com_en_all_2026-08.zim	stack_exchange;_category:stack_exchange;_details:no;_videos:no;_ftindex:yes;_pictures:yes
sports.stackexchange.com_en_all		Sports Q&A	Stack Exchange Q&A for participants in team and individual sport activities	eng	stack_exchange	43548672	11612	2026-08-07	https://lb.download.kiwix.org/zim/stack_exchange/sports.stackexchange.com_en_all_2026-08.zim	_details:no;stack_exchange;_videos:no;_category:stack_exchange;_ftindex:yes;_pictures:yes
codegolf.stackexchange.com_en_all		Code Golf Q&A	Stack Exchange Q&A for programming puzzle enthusiasts and code golfers	eng	stack_exchange	392548352	32114	2026-08-01	https://lb.download.kiwix.org/zim/stack_exchange/codegolf.stackexchange.com_en_all_2026-08.zim	_category:stack_exchange;_videos:no;_details:no;stack_exchange;_ftindex:yes;_pictures:yes
reverseengineering.stackexchange.com_en_all		Reverse Engineering Q&A	Stack Exchange Q&A for exploring systems through their structure, function,…	eng	stack_exchange	114984960	18352	2026-08-04	https://lb.download.kiwix.org/zim/stack_exchange/reverseengineering.stackexchange.com_en_all_2026-08.zim	_details:no;_category:stack_exchange;_videos:no;stack_exchange;_ftindex:yes;_pictures:yes
bioinformatics.stackexchange.com_en_all		Bioinformatics Q&A	Stack Exchange Q&A for academics and end users interested in bioinformatics	eng	stack_exchange	57554944	10963	2026-07-31	https://lb.download.kiwix.org/zim/stack_exchange/bioinformatics.stackexchange.com_en_all_2026-07.zim	_details:no;_category:stack_exchange;_videos:no;stack_exchange;_ftindex:yes;_pictures:yes
workplace.stackexchange.com_en_all		The Workplace Q&A	Stack Exchange Q&A for workforce people navigating the professional setting	eng	stack_exchange	244896768	67338	2026-08-06	https://lb.download.kiwix.org/zim/stack_exchange/workplace.stackexchange.com_en_all_2026-08.zim	_videos:no;stack_exchange;_category:stack_exchange;_details:no;_ftindex:yes;_pictures:yes
law.stackexchange.com_en_all		Law Q&A	Stack Exchange Q&A for everything related to law and legal matter	eng	stack_exchange	185157632	51487	2026-08-03	https://lb.download.kiwix.org/zim/stack_exchange/law.stackexchange.com_en_all_2026-08.zim	_details:no;_videos:no;stack_exchange;_category:stack_exchange;_ftindex:yes;_pictures:yes
wiktionary_en-simple_all	nopic	Wiktionary in Simple English	Wiktionary in English, but with simple words and grammar	eng	wiktionary	26535936	54036	2026-07-17	https://lb.download.kiwix.org/zim/wiktionary/wiktionary_en-simple_all_nopic_2026-07.zim	wiktionary;_category:wiktionary;_pictures:no;_videos:no;_details:yes;_ftindex:yes
hermeneutics.stackexchange.com_en_all		Biblical Hermeneutics Q&A	Stack Exchange Q&A for everything exegetical analysis of biblical texts	eng	stack_exchange	193729536	30046	2026-08-01	https://lb.download.kiwix.org/zim/stack_exchange/hermeneutics.stackexchange.com_en_all_2026-08.zim	stack_exchange;_category:stack_exchange;_details:no;_videos:no;_ftindex:yes;_pictures:yes
prunelle_en_draw-your-african-story		Draw your African story	Interactive books by Prunelle. Print and write your own story!	eng		43432960	1	2025-02-14	https://lb.download.kiwix.org/zim/other/prunelle_en_draw-your-african-story_2025-02.zim	_ftindex:no;_pictures:yes;_videos:yes;_details:yes
nhs.uk_en_medicines		NHS' Medicines A to Z	How medicines work, how and when to take them	eng	other	15323136	1347	2026-09-18	https://lb.download.kiwix.org/zim/zimit/nhs.uk_en_medicines_2026-09b.zim	_category:other;_ftindex:yes;medical;_pictures:yes;_videos:yes;_details:yes
lrnselfreliance_en_all		Learning Self-Reliance	A Youtube channel about prepping, survival, and bee keeping	eng		3974044672	179	2026-09-26	https://lb.download.kiwix.org/zim/videos/lrnselfreliance_en_all_2026-09.zim	youtube;_videos:yes;_ftindex:no;_pictures:yes;_details:yes
canadian-prepper_en_bugoutconcepts		Canadian prepper	Bug Out Concepts: Strategies and tips for effective bug-out plans	eng		2886220800	144	2026-08-26	https://lb.download.kiwix.org/zim/videos/canadian-prepper_en_bugoutconcepts_2026-08.zim	preppers;_videos:yes;_ftindex:no;_pictures:yes;_details:yes
openzim_en_all	maxi	OpenZim Wiki	The openZIM project for offline storage solutions for content from the Web.	eng		3207168	93	2026-08-07	https://lb.download.kiwix.org/zim/other/openzim_en_all_maxi_2026-08.zim	openzim;_pictures:yes;_videos:no;_details:yes;_ftindex:yes
openzim_en_all	nopic	OpenZim Wiki	The openZIM project for offline storage solutions for content from the Web.	eng		3130368	93	2026-08-07	https://lb.download.kiwix.org/zim/other/openzim_en_all_nopic_2026-08.zim	openzim;_pictures:no;_videos:no;_details:yes;_ftindex:yes
canadian-prepper_en_bugoutroll		Canadian Prepper	Bug Out Roll: Essential gear for your ultimate bug-out bag	eng		879088640	41	2026-07-23	https://lb.download.kiwix.org/zim/videos/canadian-prepper_en_bugoutroll_2026-07.zim	preppers;_videos:yes;_ftindex:no;_pictures:yes;_details:yes
coreyms_en_pandas-tutorials		Python Pandas Tutorials	Corey Schaffer's tutorials for software developers, programmers, and engineers	eng		172622848	13	2026-09-25	https://lb.download.kiwix.org/zim/videos/coreyms_en_pandas-tutorials_2026-09.zim	python;pandas;computing;_videos:yes;_ftindex:no;_pictures:yes;_details:yes
opensource.stackexchange.com_en_all		Open Source Q&A	Stack Exchange Q&A for everything related to open source development projects	eng	stack_exchange	30510080	10622	2026-08-04	https://lb.download.kiwix.org/zim/stack_exchange/opensource.stackexchange.com_en_all_2026-08.zim	_videos:no;stack_exchange;_category:stack_exchange;_details:no;_ftindex:yes;_pictures:yes
grimgrains_en_all		GrimGrains Recipes	GrimGrains is a collection of recipes by Rek Bell and Devine Lu Linvega	eng	other	26030080	287	2026-08-11	https://lb.download.kiwix.org/zim/zimit/grimgrains_en_all_2026-08.zim	_ftindex:yes;prepper;_category:other;_pictures:yes;_videos:yes;_details:yes
sitecore.stackexchange.com_en_all		Sitecore Q&A	Stack Exchange Q&A for developers and end users of the Sitecore software	eng	stack_exchange	128701440	18571	2026-08-05	https://lb.download.kiwix.org/zim/stack_exchange/sitecore.stackexchange.com_en_all_2026-08.zim	stack_exchange;_category:stack_exchange;_details:no;_videos:no;_ftindex:yes;_pictures:yes
gutenberg_en_all		Project Gutenberg Library	All books in English from the first producer of free Ebooks	eng	gutenberg	221251591168	80656	2025-11-25	https://lb.download.kiwix.org/zim/gutenberg/gutenberg_en_all_2025-11.zim	_category:gutenberg;gutenberg;_ftindex:no;_pictures:yes;_videos:yes;_details:yes
theworldfactbook_en_all		CIA World Factbook - 2020	Now-discontinued almanac-style information about countries, prepared by the CIA.	eng		407350272	830	2026-02-06	https://lb.download.kiwix.org/zim/other/theworldfactbook_en_all_2026-02.zim	_ftindex:no;_pictures:yes;_videos:yes;_details:yes
martialarts.stackexchange.com_en_all		Martial Arts Q&A	Stack Exchange Q&A for students and teachers of all martial arts	eng	stack_exchange	27741184	5064	2026-08-03	https://lb.download.kiwix.org/zim/stack_exchange/martialarts.stackexchange.com_en_all_2026-08.zim	_details:no;stack_exchange;_videos:no;_category:stack_exchange;_ftindex:yes;_pictures:yes
hinduism.stackexchange.com_en_all		Hinduism Q&A	Stack Exchange Q&A for everything related to the Hindu religion and Hinduism	eng	stack_exchange	205080576	27592	2026-08-02	https://lb.download.kiwix.org/zim/stack_exchange/hinduism.stackexchange.com_en_all_2026-08.zim	_videos:no;_details:no;stack_exchange;_category:stack_exchange;_ftindex:yes;_pictures:yes
sustainability.stackexchange.com_en_all		Sustainable Living Q&A	Stack Exchange Q&A for folks dedicated to not depleting available resources	eng	stack_exchange	27667456	4647	2026-08-06	https://lb.download.kiwix.org/zim/stack_exchange/sustainability.stackexchange.com_en_all_2026-08.zim	stack_exchange;_details:no;_category:stack_exchange;_videos:no;_ftindex:yes;_pictures:yes
coffee.stackexchange.com_en_all		Coffee Q&A	Stack Exchange Q&A for people with interests in producing or consuming coffee	eng	stack_exchange	17492992	3629	2026-08-01	https://lb.download.kiwix.org/zim/stack_exchange/coffee.stackexchange.com_en_all_2026-08.zim	_details:no;_videos:no;stack_exchange;_category:stack_exchange;_ftindex:yes;_pictures:yes
expatriates.stackexchange.com_en_all		Expatriates Q&A	Stack Exchange Q&A for people living abroad on a long-term basis	eng	stack_exchange	42712064	15379	2026-08-01	https://lb.download.kiwix.org/zim/stack_exchange/expatriates.stackexchange.com_en_all_2026-08.zim	_category:stack_exchange;stack_exchange;_videos:no;_details:no;_ftindex:yes;_pictures:yes
crashcourse_en_all		CrashCourse	At Crash Course, we believe that high-quality educational videos should be avai…	eng		23035095040	1860	2026-05-28	https://lb.download.kiwix.org/zim/other/crashcourse_en_all_2026-05.zim	youtube;_videos:yes;_ftindex:no;_pictures:yes;_details:yes
anonymousplanet.org_en_all		The Guide to Online Anonymity	A guide to tracking, ID verification, and anonymous online identities	eng	other	27886592	11	2026-05-08	https://lb.download.kiwix.org/zim/zimit/anonymousplanet.org_en_all_2026-05.zim	_ftindex:yes;preppers;_category:other;_pictures:yes;_videos:yes;_details:yes
opendata.stackexchange.com_en_all		Open Data Q&A	Stack Exchange Q&A for developers and researchers interested in open data	eng	stack_exchange	41559040	12710	2026-08-04	https://lb.download.kiwix.org/zim/stack_exchange/opendata.stackexchange.com_en_all_2026-08.zim	_details:no;stack_exchange;_category:stack_exchange;_videos:no;_ftindex:yes;_pictures:yes
languagelearning.stackexchange.com_en_all		Language Learning Q&A	Stack Exchange Q&A for all about techniques of second-language acquisition	eng	stack_exchange	12065792	3116	2026-08-03	https://lb.download.kiwix.org/zim/stack_exchange/languagelearning.stackexchange.com_en_all_2026-08.zim	_videos:no;stack_exchange;_category:stack_exchange;_details:no;_ftindex:yes;_pictures:yes
ell.stackexchange.com_en_all		English Language Learners Q&A	Stack Exchange Q&A for speakers of other languages learning English	eng	stack_exchange	471429120	154184	2026-08-01	https://lb.download.kiwix.org/zim/stack_exchange/ell.stackexchange.com_en_all_2026-08.zim	_category:stack_exchange;_videos:no;_details:no;stack_exchange;_ftindex:yes;_pictures:yes
or.stackexchange.com_en_all		Operations Research Q&A	Stack Exchange Q&A for everything related to operations research and analytics	eng	stack_exchange	34713600	7543	2026-08-04	https://lb.download.kiwix.org/zim/stack_exchange/or.stackexchange.com_en_all_2026-08.zim	_videos:no;_category:stack_exchange;_details:no;stack_exchange;_ftindex:yes;_pictures:yes
pg3d_en_all	maxi	Pixel Gun 3D wiki	The wiki for the hit mobile shooter game Pixel Gun 3D!	eng		66659328	5763	2026-07-03	https://lb.download.kiwix.org/zim/other/pg3d_en_all_maxi_2026-07.zim	gaming;wiki;_pictures:yes;_videos:no;_details:yes;_ftindex:yes
ai.stackexchange.com_en_all		Artificial Intelligence Q&A	Stack Exchange Q&A for people interested in conceptual questions about AI	eng	stack_exchange	104587264	23894	2026-07-31	https://lb.download.kiwix.org/zim/stack_exchange/ai.stackexchange.com_en_all_2026-07.zim	_details:no;stack_exchange;_videos:no;_category:stack_exchange;_ftindex:yes;_pictures:yes
proofassistants.stackexchange.com_en_all		Proof Assistants Q&A	Stack Exchange Q&A for developer and users of mathematics proof assistants	eng	stack_exchange	11294720	2708	2026-08-04	https://lb.download.kiwix.org/zim/stack_exchange/proofassistants.stackexchange.com_en_all_2026-08.zim	stack_exchange;_category:stack_exchange;_videos:no;_details:no;_ftindex:yes;_pictures:yes
video.stackexchange.com_en_all		Video Production Q&A	Stack Exchange Q&A for people involved with video and media creation	eng	stack_exchange	76728320	18480	2026-07-31	https://lb.download.kiwix.org/zim/stack_exchange/video.stackexchange.com_en_all_2026-07.zim	_details:no;_videos:no;stack_exchange;_category:stack_exchange;_ftindex:yes;_pictures:yes
tezos.stackexchange.com_en_all		Tezos Q&A	Stack Exchange Q&A for users, experts, and developers of the Tezos blockchain	eng	stack_exchange	11436032	3446	2026-08-06	https://lb.download.kiwix.org/zim/stack_exchange/tezos.stackexchange.com_en_all_2026-08.zim	_videos:no;_category:stack_exchange;_details:no;stack_exchange;_ftindex:yes;_pictures:yes
scicomp.stackexchange.com_en_all		Computational Science Q&A	Stack Exchange Q&A for scientists using computers to solve scientific problems	eng	stack_exchange	97831936	20097	2026-08-06	https://lb.download.kiwix.org/zim/stack_exchange/scicomp.stackexchange.com_en_all_2026-08.zim	_details:no;_videos:no;stack_exchange;_category:stack_exchange;_ftindex:yes;_pictures:yes
survivors_en_all	maxi	Vampire Survivors wiki	The official wiki for the hit action roguelite game Vampire Survivors	eng		137661440	9199	2026-09-06	https://lb.download.kiwix.org/zim/other/survivors_en_all_maxi_2026-09.zim	gaming;survivors;_pictures:yes;_videos:no;_details:yes;_ftindex:yes
parenting.stackexchange.com_en_all		Parenting Q&A	Stack Exchange Q&A for parents, nannies and others with a parenting role	eng	stack_exchange	59781120	17712	2026-08-04	https://lb.download.kiwix.org/zim/stack_exchange/parenting.stackexchange.com_en_all_2026-08.zim	_category:stack_exchange;_videos:no;_details:no;stack_exchange;_ftindex:yes;_pictures:yes
stackapps.com_en_all		Stack Apps	Stack Exchange Q&A for apps, scripts, and development with Stack Exchange API	eng	stack_exchange	37105664	5434	2026-08-04	https://lb.download.kiwix.org/zim/stack_exchange/stackapps.com_en_all_2026-08.zim	_videos:no;_details:no;_category:stack_exchange;stack_exchange;_ftindex:yes;_pictures:yes
dsp.stackexchange.com_en_all		Signal Processing Q&A	Stack Exchange Q&A for practitioners of signal, image and video processing	eng	stack_exchange	378147840	47916	2026-08-01	https://lb.download.kiwix.org/zim/stack_exchange/dsp.stackexchange.com_en_all_2026-08.zim	_category:stack_exchange;_videos:no;stack_exchange;_details:no;_ftindex:yes;_pictures:yes
stellar.stackexchange.com_en_all		Stellar Q&A	Stack Exchange Q&A for developers and users of Stellar blockchain and Exchange	eng	stack_exchange	8136704	2625	2026-08-07	https://lb.download.kiwix.org/zim/stack_exchange/stellar.stackexchange.com_en_all_2026-08.zim	_details:no;_category:stack_exchange;_videos:no;stack_exchange;_ftindex:yes;_pictures:yes
medicalsciences.stackexchange.com_en_all		Medical Sciences Q&A	Stack Exchange Q&A for everything related to medicine and healthcare sciences	eng	stack_exchange	60800000	15161	2026-02-02	https://lb.download.kiwix.org/zim/stack_exchange/medicalsciences.stackexchange.com_en_all_2026-02.zim	_category:stack_exchange;_details:no;_videos:no;stack_exchange;_ftindex:no;_pictures:yes
judaism.stackexchange.com_en_all		Mi Yodeya Q&A	Stack Exchange Q&A for everything related to Jewish law and tradition	eng	stack_exchange	298911744	55114	2026-08-03	https://lb.download.kiwix.org/zim/stack_exchange/judaism.stackexchange.com_en_all_2026-08.zim	_category:stack_exchange;stack_exchange;_details:no;_videos:no;_ftindex:yes;_pictures:yes
mythology.stackexchange.com_en_all		Mythology & Folklore Q&A	Stack Exchange Q&A for enthusiasts and scholars of mythology and folklore	eng	stack_exchange	30832640	4035	2026-08-04	https://lb.download.kiwix.org/zim/stack_exchange/mythology.stackexchange.com_en_all_2026-08.zim	_details:no;_category:stack_exchange;stack_exchange;_videos:no;_ftindex:yes;_pictures:yes
bindingofisaacrebirth_en_all	maxi	The Binding of Isaac : Rebirth	The Rebirth Encylopedia for this rogue-like RPG game	eng		129870848	3411	2026-09-03	https://lb.download.kiwix.org/zim/other/bindingofisaacrebirth_en_all_maxi_2026-09.zim	gaming;wiki;_pictures:yes;_videos:no;_details:yes;_ftindex:yes
dwarffortresswiki.org_en_all	maxi	Dwarf Fortress Wiki	Collection of user-submitted guides, information and advice for Dwarf Fortress	eng		124295168	25434	2026-09-07	https://lb.download.kiwix.org/zim/other/dwarffortresswiki.org_en_all_maxi_2026-09.zim	gaming;dwarffortresswiki;_pictures:yes;_videos:no;_details:yes;_ftindex:yes
www.mankier.com_en_all		ManKier - Linux man pages	ManKier, a collection of Linux man pages, main documentation of Linux programs	eng	other	190124032	73481	2026-07-29	https://lb.download.kiwix.org/zim/zimit/www.mankier.com_en_all_2026-07.zim	_category:other;_ftindex:yes;_pictures:yes;_videos:yes;_details:yes
skin-of-color-society_en_all		Skin of Color Society	The Go-To Authority on Skin of Color Dermatology	eng		1136035840	102	2026-05-28	https://lb.download.kiwix.org/zim/other/skin-of-color-society_en_all_2026-05.zim	youtube;_videos:yes;_ftindex:no;_pictures:yes;_details:yes
milneopentextbooks.org_en_all		Milne Open Textbooks	A catalog of textbooks authored and peer-reviewed by SUNY faculty and staff	eng	other	422804480	583	2026-08-15	https://lb.download.kiwix.org/zim/zimit/milneopentextbooks.org_en_all_2026-08.zim	_ftindex:yes;_category:other;_pictures:yes;_videos:yes;_details:yes
thalesdoc_en_all		Thales CPL Documentation Hub	Home to all your Cloud Protection and Licensing product documentation needs	eng	other	3105813504	136838	2025-12-10	https://lb.download.kiwix.org/zim/other/thalesdoc_en_all_2025-12.zim	_ftindex:yes;HSM CipherTrust;_category:other;_pictures:yes;_videos:yes;_details:yes
tomlehrersongs.com_en_all		Tom Lehrer’s Songs	Official site for Lyrics, Sheet Music for songs by musical satirist Tom Lehrer	eng	other	1329568768	306	2026-08-02	https://lb.download.kiwix.org/zim/zimit/tomlehrersongs.com_en_all_2026-08.zim	_ftindex:yes;_category:other;_pictures:yes;_videos:yes;_details:yes
android.stackexchange.com_en_all		Android Enthusiasts Q&A	Stack Exchange Q&A for enthusiasts and power users of Android operating system	eng	stack_exchange	411445248	121157	2026-08-01	https://lb.download.kiwix.org/zim/stack_exchange/android.stackexchange.com_en_all_2026-08.zim	stack_exchange;_details:no;_category:stack_exchange;_videos:no;_ftindex:yes;_pictures:yes
matheducators.stackexchange.com_en_all		Mathematics Educators Q&A	Stack Exchange Q&A for those involved in the field of teaching mathematics	eng	stack_exchange	57902080	9413	2026-08-04	https://lb.download.kiwix.org/zim/stack_exchange/matheducators.stackexchange.com_en_all_2026-08.zim	_category:stack_exchange;_videos:no;_details:no;stack_exchange;_ftindex:yes;_pictures:yes
softwareengineering.stackexchange.com_en_all		Software Engineering Q&A	Stack Exchange Q&A for anyone working within the systems development life cycle	eng	stack_exchange	479115264	129949	2026-08-04	https://lb.download.kiwix.org/zim/stack_exchange/softwareengineering.stackexchange.com_en_all_2026-08.zim	_videos:no;_category:stack_exchange;_details:no;stack_exchange;_ftindex:yes;_pictures:yes
vegetarianism.stackexchange.com_en_all		Veganism & Vegetarianism Q&A	Stack Exchange Q&A for those committed to a vegan or vegetarian lifestyle	eng	stack_exchange	9753600	1605	2026-08-06	https://lb.download.kiwix.org/zim/stack_exchange/vegetarianism.stackexchange.com_en_all_2026-08.zim	stack_exchange;_details:no;_category:stack_exchange;_videos:no;_ftindex:yes;_pictures:yes
conlang.stackexchange.com_en_all		Constructed Languages Q&A	Stack Exchange Q&A for designers and users of artificial or invented languages	eng	stack_exchange	7667712	1320	2026-07-31	https://lb.download.kiwix.org/zim/stack_exchange/conlang.stackexchange.com_en_all_2026-07.zim	stack_exchange;_category:stack_exchange;_details:no;_videos:no;_ftindex:yes;_pictures:yes
iota.stackexchange.com_en_all		Iota Q&A	Stack Exchange Q&A for users of Iota, the open-source cryptocurrency for IoT	eng	stack_exchange	8239104	1939	2026-08-03	https://lb.download.kiwix.org/zim/stack_exchange/iota.stackexchange.com_en_all_2026-08.zim	_videos:no;stack_exchange;_details:no;_category:stack_exchange;_ftindex:yes;_pictures:yes
money.stackexchange.com_en_all		Personal Finance & Money Q&A	Stack Exchange Q&A for people who want to be financially literate	eng	stack_exchange	253520896	72251	2026-08-04	https://lb.download.kiwix.org/zim/stack_exchange/money.stackexchange.com_en_all_2026-08.zim	stack_exchange;_videos:no;_category:stack_exchange;_details:no;_ftindex:yes;_pictures:yes
rpg.stackexchange.com_en_all		Role-playing Games Q&A	Stack Exchange Q&A for gamemasters and players of role-playing games	eng	stack_exchange	336747520	75855	2026-08-05	https://lb.download.kiwix.org/zim/stack_exchange/rpg.stackexchange.com_en_all_2026-08.zim	_details:no;_category:stack_exchange;stack_exchange;_videos:no;_ftindex:yes;_pictures:yes
outdoors.stackexchange.com_en_all		The Great Outdoors Q&A	Stack Exchange Q&A for everything being outdoors enjoying nature and wilderness	eng	stack_exchange	141408256	12969	2026-08-04	https://lb.download.kiwix.org/zim/stack_exchange/outdoors.stackexchange.com_en_all_2026-08.zim	_details:no;_category:stack_exchange;_videos:no;stack_exchange;_ftindex:yes;_pictures:yes
genealogy.stackexchange.com_en_all		Genealogy & Family History Q&A	Stack Exchange Q&A for everything related to genealogy or family history	eng	stack_exchange	63848448	7342	2026-08-01	https://lb.download.kiwix.org/zim/stack_exchange/genealogy.stackexchange.com_en_all_2026-08.zim	_category:stack_exchange;_details:no;_videos:no;stack_exchange;_ftindex:yes;_pictures:yes
elementaryos.stackexchange.com_en_all		elementary OS Q&A	Stack Exchange Q&A for developers and users of elementary OS and applications	eng	stack_exchange	56979456	17074	2026-08-01	https://lb.download.kiwix.org/zim/stack_exchange/elementaryos.stackexchange.com_en_all_2026-08.zim	_category:stack_exchange;_videos:no;stack_exchange;_details:no;_ftindex:yes;_pictures:yes
mechanics.stackexchange.com_en_all		Motor Vehicle Mechanics	Stack Exchange Q&A for mechanics and owners of cars, trucks, and motorcycles	eng	stack_exchange	339833856	54909	2026-08-04	https://lb.download.kiwix.org/zim/stack_exchange/mechanics.stackexchange.com_en_all_2026-08.zim	_videos:no;_category:stack_exchange;stack_exchange;_details:no;_ftindex:yes;_pictures:yes
eosio.stackexchange.com_en_all		EOS.IO Q&A	Stack Exchange Q&A for users and developers of EOS.IO blockchain applications	eng	stack_exchange	12027904	3889	2026-08-01	https://lb.download.kiwix.org/zim/stack_exchange/eosio.stackexchange.com_en_all_2026-08.zim	stack_exchange;_videos:no;_category:stack_exchange;_details:no;_ftindex:yes;_pictures:yes
substrate.stackexchange.com_en_all		Substrate and Polkadot Q&A	Stack Exchange Q&A for developers building blockchains with the Substrate SDK	eng	stack_exchange	32601088	7237	2026-08-06	https://lb.download.kiwix.org/zim/stack_exchange/substrate.stackexchange.com_en_all_2026-08.zim	_videos:no;stack_exchange;_details:no;_category:stack_exchange;_ftindex:yes;_pictures:yes
ifixit_en_all		iFixit in English	iFixit is a global community of people helping each other repair things. Let's …	eng	iFixit	3570696192	103480	2025-12-21	https://lb.download.kiwix.org/zim/ifixit/ifixit_en_all_2025-12.zim	_category:iFixit;iFixit;_pictures:yes;_videos:yes;_ftindex:no;_details:yes
apod.nasa.gov_en_all		Astronomy Picture of the Day	Images of our fascinating universe, along with a brief explanation	eng	other	16678603776	12341	2026-08-17	https://lb.download.kiwix.org/zim/zimit/apod.nasa.gov_en_all_2026-08.zim	_category:other;astronomy,science,NASA;_ftindex:yes;_pictures:yes;_videos:yes;_details:yes
unix.stackexchange.com_en_all		Unix & Linux Q&A	Stack Exchange Q&A for users of Linux, FreeBSD and other Unix-like OS	eng	stack_exchange	1312634880	413691	2026-08-06	https://lb.download.kiwix.org/zim/stack_exchange/unix.stackexchange.com_en_all_2026-08.zim	_category:stack_exchange;stack_exchange;_details:no;_videos:no;_ftindex:yes;_pictures:yes
raspberrypi.stackexchange.com_en_all		Raspberry Pi Q&A	Stack Exchange Q&A for users and developers of Raspberry Pi hardware or software	eng	stack_exchange	298463232	77213	2026-08-04	https://lb.download.kiwix.org/zim/stack_exchange/raspberrypi.stackexchange.com_en_all_2026-08.zim	_details:no;stack_exchange;_videos:no;_category:stack_exchange;_ftindex:yes;_pictures:yes
boardgames.stackexchange.com_en_all		Board & Card Games Q&A	Stack Exchange Q&A for people playing, modifying, designing board or card games	eng	stack_exchange	107086848	25910	2026-08-01	https://lb.download.kiwix.org/zim/stack_exchange/boardgames.stackexchange.com_en_all_2026-08.zim	stack_exchange;_details:no;_category:stack_exchange;_videos:no;_ftindex:yes;_pictures:yes
usda-2015_en		USDA Guide to Home Canning	Research-based recommendations for canning safer and better quality food at home	eng		19787776	1	2025-04-11	https://lb.download.kiwix.org/zim/other/usda-2015_en_2025-04.zim	preppers;_ftindex:no;_pictures:yes;_videos:yes;_details:yes
english.stackexchange.com_en_all		English Language & Usage Q&A	Stack Exchange Q&A for people discussing the finer points of English language	eng	stack_exchange	771182592	242406	2026-08-01	https://lb.download.kiwix.org/zim/stack_exchange/english.stackexchange.com_en_all_2026-08.zim	_category:stack_exchange;_details:no;stack_exchange;_videos:no;_ftindex:yes;_pictures:yes
kris-occhipinti_en_all		Kris Occhipinti	Programming, Scripting, and Usage Tutorials on Linux and other Free Software	eng		183393280	57	2026-07-18	https://lb.download.kiwix.org/zim/videos/kris-occhipinti_en_all_2026-07.zim	python;computing;c;javascript;html5;php;jquery;_videos:yes;_ftindex:no;_pictures:yes;_details:yes
cseducators.stackexchange.com_en_all		Computer Science Educators Q&A	Stack Exchange Q&A for those involved in the field of teaching Computer Science	eng	stack_exchange	16856064	3873	2026-07-31	https://lb.download.kiwix.org/zim/stack_exchange/cseducators.stackexchange.com_en_all_2026-07.zim	_category:stack_exchange;_details:no;_videos:no;stack_exchange;_ftindex:yes;_pictures:yes
gutenberg_mul_all		Project Gutenberg Library	All books in all languages from the first producer of free Ebooks	eng,fra,fin,deu,ita,nld,spa,por,hun,zho,swe,ell,lat,epo,dan,cat,tgl,pol,nor,jpn,fry,afr,cym,ces,rus,isl,heb,bul,tel,ron,srp,slv,glg,nhe,gle,mri,oci,lit,kor,bre,bod,iku,ara,yid,san,fas,ina,est	gutenberg	253055617024	100909	2025-11-27	https://lb.download.kiwix.org/zim/gutenberg/gutenberg_mul_all_2025-11.zim	_category:gutenberg;gutenberg;_ftindex:no;_pictures:yes;_videos:yes;_details:yes
vi.stackexchange.com_en_all		Vi and Vim Q&A	Stack Exchange Q&A for people using the vi and Vim families of text editors	eng	stack_exchange	90293248	25286	2026-08-07	https://lb.download.kiwix.org/zim/stack_exchange/vi.stackexchange.com_en_all_2026-08.zim	_details:no;_videos:no;_category:stack_exchange;stack_exchange;_ftindex:yes;_pictures:yes
kiwix.westeros_en_all		A Wiki of Ice and Fire	"A fan-created wiki for ""A Song of Ice"" and ""Games of Thrones"""	eng		232594432	7496	2018-09-22	https://lb.download.kiwix.org/zim/other/westeros_en_all_2018-09.zim	westeros;_ftindex:yes;_pictures:yes;_videos:yes;_details:yes
hsm.stackexchange.com_en_all		Science and Maths History Q&A	Stack Exchange Q&A related to the history and origins of science and mathematics	eng	stack_exchange	49034240	9231	2026-08-03	https://lb.download.kiwix.org/zim/stack_exchange/hsm.stackexchange.com_en_all_2026-08.zim	stack_exchange;_details:no;_category:stack_exchange;_videos:no;_ftindex:yes;_pictures:yes
drones.stackexchange.com_en_all		Drones and Model Aircraft Q&A	Stack Exchange Q&A for for flyers, pilots, builders of drones and model aircraft	eng	stack_exchange	12689408	1963	2026-07-31	https://lb.download.kiwix.org/zim/stack_exchange/drones.stackexchange.com_en_all_2026-07.zim	stack_exchange;_videos:no;_details:no;_category:stack_exchange;_ftindex:yes;_pictures:yes
phet_mul_all		PhET Interactive Simulations	Interactive simulations for Science and Math	ara,bos,cat,ces,dan,deu,ell,eng,spa,fra,hin,hat,isl,ita,heb,kur,nld,pol,ron,srp,vie,fas,mon,tel,kor,guj,msa,swa,tur,hau,yor,swe,orm,slk,uzb,aze,hrv,pus,sot,zul,amh,eus,slv,bul,hun,nya,ben,ibo,lug,jpn,kin,sqi,twi,kaz,tuk,zho,mlt,ukr,fin,lav,por,rus,mar,tam,tha,kik,lit,mri,kan,kat,hye,bel,nob,gle,afr,lao,khm,tgk,cym,urd,sin,ind,est,glg,sna,mlg,nno,mkd,fao,nso,tsn,bod,ori,mya,tsz,mal,sme,tir,snd,xho,wol,nep,que,ewe,tgl,aka,oci,aym,bis,hbs,nhe,efi	phet	148388864	8405	2026-08-25	https://lb.download.kiwix.org/zim/phet/phet_mul_all_2026-08.zim	_category:phet;_pictures:yes;_videos:no;_ftindex:no;_details:yes
khanacademy_en_all		Khan Academy (English - US curriculum)	Khan Academy provides videos and exercises on math, physics, chemistry, biology, and history, aligned to the U.S. curriculum. Each topic is covered through intuitive video explanations and provides numerous practice exercises to help students achieve mastery of the subjects. Appropriate for middle and secondary students, as well as adult learners.	eng	other	180007048192	34291	2023-03-01	https://lb.download.kiwix.org/zim/other/khanacademy_en_all_2023-03.zim	kolibri;_videos:yes;_category:other;khan-academy;_ftindex:no;_pictures:yes;_details:yes
